sourceID,reportingCompany,reportingCountry,sourceURL,format,startDate,endDate,sourcePublishDate
fea8bf8f98d1bde897ebb6825c996480,AltaGas Limited,Canada,https://s3.us-east-2.amazonaws.com/rp-20-sources/mandatory-disclosure-reportfea8bf8f98d1bde897ebb6825c996480,.pdf,01-01-2016,12-31-2016,05-30-2017
9f5d7b07b9ea9d63acc983a0d06e9775,Aquila Resources Incorporated,Canada,https://s3.us-east-2.amazonaws.com/rp-20-sources/mandatory-disclosure-report-9f5d7b07b9ea9d63acc983a0d06e9775,.pdf,01-01-2018,12-31-2018,05-31-2019
4332b9b4135225a43ab3fb971c67cba7,Athabasca Minerals Incorporated,Canada,https://s3.us-east-2.amazonaws.com/rp-20-sources/mandatory-disclosure-report-4332b9b4135225a43ab3fb971c67cba7,.pdf,01-01-2017,12-31-2017,05-28-2018
88a58dbdeaf2e78e30b7264f0cdae208,Aura Minerals Incorporated,Canada,https://s3.us-east-2.amazonaws.com/rp-20-sources/mandatory-disclosure-report88a58dbdeaf2e78e30b7264f0cdae208,.pdf,01-01-2017,12-31-2017,05-30-2018
7aaf36d4d6cb472229fd5d3e253a6b83,Aurania Resources Limited,Canada,https://s3.us-east-2.amazonaws.com/rp-20-sources/mandatory-disclosure-report-7aaf36d4d6cb472229fd5d3e253a6b83,.pdf,01-01-2017,12-31-2017,05-29-2018
8850d5fa3e047259d98afd1110865a6f,Azimut Exploration Incorporated,Canada,https://s3.us-east-2.amazonaws.com/rp-20-sources/mandatory-disclosure-report8850d5fa3e047259d98afd1110865a6f,.pdf,09-01-2015,08-31-2016,01-11-2017
ec30e4851d5716d6b13496e1e48b7bf9,Azucar Minerals Limited,Canada,https://s3.us-east-2.amazonaws.com/rp-20-sources/mandatory-disclosure-reportec30e4851d5716d6b13496e1e48b7bf9,.pdf,01-01-2017,12-31-2017,05-30-2018
fdd422014d62039c38548b50394c3283,Bankers Petroleum Limited,Canada,https://s3.us-east-2.amazonaws.com/rp-20-sources/mandatory-disclosure-report-fdd422014d62039c38548b50394c3283,.pdf,01-01-2018,12-31-2018,05-29-2019
2492076a76d2e9677d83e0c403f80dad,Bonterra Energy Corporation,Canada,https://s3.us-east-2.amazonaws.com/rp-20-sources/mandatory-disclosure-report2492076a76d2e9677d83e0c403f80dad,.pdf,01-01-2017,12-31-2017,03-13-2018
f053f78e7cb74e9b74052bf41f550ed5,Canadian Non-Operated Resources Limited Partnership,Canada,https://s3.us-east-2.amazonaws.com/rp-20-sources/mandatory-disclosure-report-f053f78e7cb74e9b74052bf41f550ed5,.pdf,01-01-2018,12-31-2018,05-30-2019
751b53578f39ddce87775f7082f69ccd-25d34ff91a515217fede4546ad6e3482-ac7da7b603e576863c84d7371d26c5da-5af2b5d51fdeb5de03488d84385da93b,Abu Dhabi Marine Areas Limited,United Kingdom of Great Britain and Northern Ireland,https://s3.us-east-2.amazonaws.com/rp-20-sources/mandatory-disclosure-report751b53578f39ddce87775f7082f69ccd-25d34ff91a515217fede4546ad6e3482-ac7da7b603e576863c84d7371d26c5da-5af2b5d51fdeb5de03488d84385da93b,.zip,01-01-2015,12-31-2015,10-05-2016
b9ef761785bff4295f87d46c44a60b00,BASF SE,Germany,https://s3.us-east-2.amazonaws.com/rp-20-sources/mandatory-disclosure-reportb9ef761785bff4295f87d46c44a60b00,.pdf,01-01-2017,12-31-2017,06-19-2018
a51bada9ec41b0dd86702276eaeb0f62,Belo Sun Mining Corporation,Canada,https://s3.us-east-2.amazonaws.com/rp-20-sources/mandatory-disclosure-report-a51bada9ec41b0dd86702276eaeb0f62,.pdf,01-01-2018,12-31-2018,05-10-2019
4120d65ca55fd6b62e5f7a5acb5b6545-004c7d900aa281ed722bbe734b6a7a22-1ebd4db55df303732fa50fb273d30382-602223395eb61845785a64d2936c0282,BHP,United Kingdom of Great Britain and Northern Ireland,https://s3.us-east-2.amazonaws.com/rp-20-sources/mandatory-disclosure-report4120d65ca55fd6b62e5f7a5acb5b6545-004c7d900aa281ed722bbe734b6a7a22-1ebd4db55df303732fa50fb273d30382-602223395eb61845785a64d2936c0282,.zip,07-01-2015,06-30-2016,11-04-2016
415ffb75345a6b2e51ebd167cd3674a9-df5296850c17b4fb2472741be6626b8a-1c590711170a491448ed629c20d1fe9a-f3751a264662b038da92b9a732344901,BHP,United Kingdom of Great Britain and Northern Ireland,https://s3.us-east-2.amazonaws.com/rp-20-sources/mandatory-disclosure-report-415ffb75345a6b2e51ebd167cd3674a9-df5296850c17b4fb2472741be6626b8a-1c590711170a491448ed629c20d1fe9a-f3751a264662b038da92b9a732344901,.zip,07-01-2016,06-30-2017,09-22-2017
eb091b1a547da98475737fce14361194,Black Swan Energy Limited,Canada,https://s3.us-east-2.amazonaws.com/rp-20-sources/mandatory-disclosure-report-eb091b1a547da98475737fce14361194,.pdf,01-01-2016,12-31-2016,06-10-2019
0b79cebc979ba7051f9235d93ae5d184,Blackbird Energy Incorporated,Canada,https://s3.us-east-2.amazonaws.com/rp-20-sources/mandatory-disclosure-report-0b79cebc979ba7051f9235d93ae5d184,.pdf,08-01-2017,07-31-2018,12-24-2018
6c843fcbd4a08c4be8e91301e4d8fc74,Brookfield Asset Management Incorporated,Canada,https://s3.us-east-2.amazonaws.com/rp-20-sources/mandatory-disclosure-report-6c843fcbd4a08c4be8e91301e4d8fc74,.pdf,01-01-2016,12-31-2016,03-26-2019
2edcb44b65c71c1b7d352b8e1d1a8756-936fb0d188f762fc829562463e40349f-931ceed02911c8267d74d4795c9139b4-b1f98a9c24339182eba0e40274784d02,Burlington Resources (Irish Sea) Limited,United Kingdom of Great Britain and Northern Ireland,https://s3.us-east-2.amazonaws.com/rp-20-sources/mandatory-disclosure-report2edcb44b65c71c1b7d352b8e1d1a8756-936fb0d188f762fc829562463e40349f-931ceed02911c8267d74d4795c9139b4-b1f98a9c24339182eba0e40274784d02,.zip,01-01-2015,12-31-2015,11-10-2016
5e250c3e93c3e8337cbdacf088647a3b-5c1f9f75b92f961ace297a10e9837dc9-98587fcd69d9a8c95927419d56d9bffc-d2bb3dc7733635dd402b4d6e267eb3ce,Cairn Energy PLC,United Kingdom of Great Britain and Northern Ireland,https://s3.us-east-2.amazonaws.com/rp-20-sources/mandatory-disclosure-report5e250c3e93c3e8337cbdacf088647a3b-5c1f9f75b92f961ace297a10e9837dc9-98587fcd69d9a8c95927419d56d9bffc-d2bb3dc7733635dd402b4d6e267eb3ce,.zip,01-01-2015,12-31-2015,08-01-2016
dd69d1681bb329bbf7d6f5a30b1a50de,Canasil Resources Incorporated,Canada,https://s3.us-east-2.amazonaws.com/rp-20-sources/mandatory-disclosure-reportdd69d1681bb329bbf7d6f5a30b1a50de,.pdf,01-01-2017,12-31-2017,06-11-2018
e68ba095db01cc5a6438dcfe4ac1ea8f,Cautivo Mining Incorporated,Canada,https://s3.us-east-2.amazonaws.com/rp-20-sources/mandatory-disclosure-reporte68ba095db01cc5a6438dcfe4ac1ea8f,.pdf,01-01-2017,12-31-2017,05-30-2018
0addc214f0b02a813c8f3ab4a2862343,Mosaic Esterhazy Holdings ULC,Canada,https://s3.us-east-2.amazonaws.com/rp-20-sources/mandatory-disclosure-report-0addc214f0b02a813c8f3ab4a2862343,.xlsx,01-01-2018,12-31-2018,05-30-2019
98906711c2093067c2ef1bb8b7265547,Advantage Oil and Gas Limited,Canada,https://s3.us-east-2.amazonaws.com/rp-20-sources/mandatory-disclosure-report-98906711c2093067c2ef1bb8b7265547,.pdf,01-01-2018,12-31-2018,05-29-2019
11679f34b9da64b3582263ba3dd71919,Agrium Incorporated,Canada,https://s3.us-east-2.amazonaws.com/rp-20-sources/mandatory-disclosure-report11679f34b9da64b3582263ba3dd71919,.pdf,01-01-2017,12-31-2017,05-30-2018
db989ecc58a916ddac50a27cd37d79bb,Aker BP ASA,Norway,https://s3.us-east-2.amazonaws.com/rp-20-sources/mandatory-disclosure-report-db989ecc58a916ddac50a27cd37d79bb,.pdf,01-01-2018,12-31-2018
24665be1c4adbdc1e1dfae21a4e58a81-87a849d8c098f818a2fe2cb4c64a3210-71f5baa7567ac45c8cde6bdbb3e7a3a4-4bcda01aeb919c18efcde4a724eda56a,Abu Dhabi Marine Areas Limited,United Kingdom of Great Britain and Northern Ireland,https://s3.us-east-2.amazonaws.com/rp-20-sources/mandatory-disclosure-report24665be1c4adbdc1e1dfae21a4e58a81-87a849d8c098f818a2fe2cb4c64a3210-71f5baa7567ac45c8cde6bdbb3e7a3a4-4bcda01aeb919c18efcde4a724eda56a,.zip,01-01-2016,12-31-2016,11-20-2017
430c1ed4a39e2ca2be02f00655fdd843,Accel Energy Canada Limited,Canada,https://s3.us-east-2.amazonaws.com/rp-20-sources/mandatory-disclosure-report-430c1ed4a39e2ca2be02f00655fdd843,.pdf,07-01-2017,06-30-2018,11-27-2018
f157a8d85c71b9ce84738eb598f1aed2,Grupa LOTOS S.A.,Poland,https://s3.us-east-2.amazonaws.com/rp-20-sources/mandatory-disclosure-report-f157a8d85c71b9ce84738eb598f1aed2,.pdf,01-01-2017,12-31-2017
17fa955358176929818e355645140e46-a7799010ef71358425c1d759c16818ec-2fa6df5d20237d4b56c05d84d66ce5a9-55f58d85779693829cc113a6966e8775,Apache North Sea Production Limited,United Kingdom of Great Britain and Northern Ireland,https://s3.us-east-2.amazonaws.com/rp-20-sources/mandatory-disclosure-report17fa955358176929818e355645140e46-a7799010ef71358425c1d759c16818ec-2fa6df5d20237d4b56c05d84d66ce5a9-55f58d85779693829cc113a6966e8775,.zip,01-01-2015,12-31-2015,01-17-2017
7ff002cacfd1f5e356980c9253434e89,Atico Mining Corporation,Canada,https://s3.us-east-2.amazonaws.com/rp-20-sources/mandatory-disclosure-report-7ff002cacfd1f5e356980c9253434e89,.pdf,01-01-2018,12-31-2018,06-01-2019
d25ad978aa4c2ecb391eb20237151d13,Azimut Exploration Incorporated,Canada,https://s3.us-east-2.amazonaws.com/rp-20-sources/mandatory-disclosure-reportd25ad978aa4c2ecb391eb20237151d13,.pdf,09-01-2016,08-31-2017,01-15-2018
8c4781700a4b9303fca4d1ce4ffda538,B2Gold Corporation,Canada,https://s3.us-east-2.amazonaws.com/rp-20-sources/mandatory-disclosure-report-8c4781700a4b9303fca4d1ce4ffda538,.pdf,01-01-2018,12-31-2018,05-23-2019
90fbe5ac50886a323242e58c6943a763,Baccalieu Energy Incorporated,Canada,https://s3.us-east-2.amazonaws.com/rp-20-sources/mandatory-disclosure-report90fbe5ac50886a323242e58c6943a763,.html,01-01-2016,12-31-2016,05-26-2017
a3eb063f907d79625309394d58b168df,BlackPearl Resources Incorporated,Canada,https://s3.us-east-2.amazonaws.com/rp-20-sources/mandatory-disclosure-report-a3eb063f907d79625309394d58b168df,.pdf,01-01-2017,12-31-2017,05-30-2018
7aeaf86a050577733d55a9d7cb1225d9,Bouygues S.A.,France,https://s3.us-east-2.amazonaws.com/rp-20-sources/mandatory-disclosure-report7aeaf86a050577733d55a9d7cb1225d9,.pdf,01-01-2017,12-31-2017,02-21-2018
d5dc0c7ccc4dfb883e159fbddb7caf38,Caltex Resources Limited,Canada,https://s3.us-east-2.amazonaws.com/rp-20-sources/mandatory-disclosure-report-d5dc0c7ccc4dfb883e159fbddb7caf38,.pdf,01-01-2018,12-31-2018,05-28-2019
3d9c5f836da00d00a70f5194201ccb07,Cardinal Energy Limited,Canada,https://s3.us-east-2.amazonaws.com/rp-20-sources/mandatory-disclosure-report3d9c5f836da00d00a70f5194201ccb07,.pdf,01-01-2016,12-31-2016,05-30-2017
f6df5e367875a1f787746620f4aa37be-ea98e60314c11e9ab9acde5e8185412a-b1483c8e70caa4e323542e34a805bbed-391947c930f685153ff270fbbb232ea0,Abu Dhabi Marine Areas Limited,United Kingdom of Great Britain and Northern Ireland,https://s3.us-east-2.amazonaws.com/rp-20-sources/mandatory-disclosure-report-f6df5e367875a1f787746620f4aa37be-ea98e60314c11e9ab9acde5e8185412a-b1483c8e70caa4e323542e34a805bbed-391947c930f685153ff270fbbb232ea0,.zip,01-01-2017,12-31-2017,09-20-2018
2c439f84de23322490feedb54fa669b9,Alio Gold Incorporated,Canada,https://s3.us-east-2.amazonaws.com/rp-20-sources/mandatory-disclosure-report2c439f84de23322490feedb54fa669b9,.pdf,01-01-2016,12-31-2016,05-26-2017
e8d919913aa6854263bed78df643ded9,Mosaic I (Canada) Holdings ULC,Canada,https://s3.us-east-2.amazonaws.com/rp-20-sources/mandatory-disclosure-report-e8d919913aa6854263bed78df643ded9,.xlsx,01-01-2018,12-31-2018,05-30-2019
b2e0540700be093763ad61b883dab990,Aguia Resources Limited,Canada,https://s3.us-east-2.amazonaws.com/rp-20-sources/mandatory-disclosure-reportb2e0540700be093763ad61b883dab990,.pdf,07-01-2016,06-30-2017,11-27-2017
7852aa09e2fd4f789e083ad925fb355e,Alvopetro Energy Limited,Canada,https://s3.us-east-2.amazonaws.com/rp-20-sources/mandatory-disclosure-report-7852aa09e2fd4f789e083ad925fb355e,.pdf,01-01-2018,12-31-2018,05-28-2019
378c22515f131cd93d227e307a4f33e4-28b118b588b824a022a5103d7c62d369-8703a432790432f9033ffd202df59155-cf533f410a80139922d753fc765d6c29,Anglo Asian Mining Plc,United Kingdom of Great Britain and Northern Ireland,https://s3.us-east-2.amazonaws.com/rp-20-sources/mandatory-disclosure-report378c22515f131cd93d227e307a4f33e4-28b118b588b824a022a5103d7c62d369-8703a432790432f9033ffd202df59155-cf533f410a80139922d753fc765d6c29,.zip,01-01-2015,12-31-2015,11-09-2016
021dcaa3940e7d9a2228713c2a2e0b26-8037ff1faf70918bcec09508f4e8eb47-b6b443ab278ff436371f0ff2cb55ca21-3557a88ed3ab06ebb41b45947688f1e0,Apache North Sea Production Limited,United Kingdom of Great Britain and Northern Ireland,https://s3.us-east-2.amazonaws.com/rp-20-sources/mandatory-disclosure-report-021dcaa3940e7d9a2228713c2a2e0b26-8037ff1faf70918bcec09508f4e8eb47-b6b443ab278ff436371f0ff2cb55ca21-3557a88ed3ab06ebb41b45947688f1e0,.zip,01-01-2016,12-31-2016,05-03-2018
f17d491cf7c89825ac9f7f853168b927,Argonaut Gold Incorporated,Canada,https://s3.us-east-2.amazonaws.com/rp-20-sources/mandatory-disclosure-report-f17d491cf7c89825ac9f7f853168b927,.pdf,01-01-2016,12-31-2016,06-29-2018
7fb31fc4de5d197c0b24718230b5c2cc,Arizona Mining Incorporated,Canada,https://s3.us-east-2.amazonaws.com/rp-20-sources/mandatory-disclosure-report7fb31fc4de5d197c0b24718230b5c2cc,.pdf,01-01-2017,12-31-2017,05-29-2018
e6af6f7538b39455db52fe7cb7984d45,ATCO Limited,Canada,https://s3.us-east-2.amazonaws.com/rp-20-sources/mandatory-disclosure-reporte6af6f7538b39455db52fe7cb7984d45,.pdf,01-01-2016,12-31-2016,05-29-2017
90df5f59628534fd2aa6e415748858be,BASF SE,Germany,https://s3.us-east-2.amazonaws.com/rp-20-sources/mandatory-disclosure-report-90df5f59628534fd2aa6e415748858be,.pdf,01-01-2018,12-31-2018,05-14-2019
cc51e863b8d17582a3b22b14e92fd1c9,Bisichi PLC,United Kingdom of Great Britain and Northern Ireland,https://s3.us-east-2.amazonaws.com/rp-20-sources/mandatory-disclosure-reportcc51e863b8d17582a3b22b14e92fd1c9,.html,01-01-2017,12-31-2017,06-25-2018
3e7fa1cf4104535aef670d81a2b619b1,BlackPearl Resources Incorporated,Canada,https://s3.us-east-2.amazonaws.com/rp-20-sources/mandatory-disclosure-report-3e7fa1cf4104535aef670d81a2b619b1,.pdf,01-01-2018,12-31-2018,05-15-2019
e3f2af7ea3cecb33e35c673f4c9a71ff,Canadian Malartic Corporation,Canada,https://s3.us-east-2.amazonaws.com/rp-20-sources/mandatory-disclosure-reporte3f2af7ea3cecb33e35c673f4c9a71ff,.pdf,01-01-2016,12-31-2016,05-29-2017
b30b19da189efdd02b084fe9deeea97c,Aalborg Portland Holding A/S,Denmark,https://s3.us-east-2.amazonaws.com/rp-20-sources/mandatory-disclosure-report-b30b19da189efdd02b084fe9deeea97c,.pdf,01-01-2018,12-31-2018
dbd584c748d12ca9c0eb2c5bf48a1614,Advantage Lithium Corporation,Canada,https://s3.us-east-2.amazonaws.com/rp-20-sources/mandatory-disclosure-report-dbd584c748d12ca9c0eb2c5bf48a1614,.pdf,08-01-2016,07-31-2017,05-04-2018
2377abcbab8cf77d357831e132a1a351,Agnico Eagle Mines Limited,Canada,https://s3.us-east-2.amazonaws.com/rp-20-sources/mandatory-disclosure-report-2377abcbab8cf77d357831e132a1a351,.pdf,01-01-2017,12-31-2017,09-23-2019
5ad893e4067268da13df56eda9c2628b,Aker BP ASA,Norway,https://s3.us-east-2.amazonaws.com/rp-20-sources/mandatory-disclosure-report5ad893e4067268da13df56eda9c2628b,.pdf,01-01-2016,12-31-2016,03-02-2017
0e4b50bf6d4ed9b17e7fee5f559db989,Algold Resources Limited,Canada,https://s3.us-east-2.amazonaws.com/rp-20-sources/mandatory-disclosure-report0e4b50bf6d4ed9b17e7fee5f559db989,.pdf,01-01-2016,12-31-2016,05-25-2017
93da2e5c7abf45ec6a77d332eeb3f25d,Alloycorp Mining Incorporated,Canada,https://s3.us-east-2.amazonaws.com/rp-20-sources/mandatory-disclosure-report93da2e5c7abf45ec6a77d332eeb3f25d,.pdf,01-01-2016,12-31-2016,04-28-2017
9cfa1030afac66fd5ab6b54590043990,Antofagasta PLC,United Kingdom of Great Britain and Northern Ireland,https://s3.us-east-2.amazonaws.com/rp-20-sources/mandatory-disclosure-report-9cfa1030afac66fd5ab6b54590043990,.html,01-01-2018,12-31-2018,06-12-2019
70a40b28e159dc440ff7acd3f886791a,Aurion Resources Limited,Canada,https://s3.us-east-2.amazonaws.com/rp-20-sources/mandatory-disclosure-report-70a40b28e159dc440ff7acd3f886791a,.pdf,01-01-2018,12-31-2018,04-30-2019
126f0506e0c62befcca39a7064fee675,Avino Silver and Gold Mines Limited,Canada,https://s3.us-east-2.amazonaws.com/rp-20-sources/mandatory-disclosure-report-126f0506e0c62befcca39a7064fee675,.pdf,01-01-2018,12-31-2018,05-30-2019
8ea776492b2fe5f01589b4329a01b9ee,Barkerville Gold Mines Limited,Canada,https://s3.us-east-2.amazonaws.com/rp-20-sources/mandatory-disclosure-report8ea776492b2fe5f01589b4329a01b9ee,.pdf,01-01-2017,12-31-2017,05-28-2018
4b7bbea9c6e7fc34f8715f20cbb8f20d,Barkerville Gold Mines Limited,Canada,https://s3.us-east-2.amazonaws.com/rp-20-sources/mandatory-disclosure-report-4b7bbea9c6e7fc34f8715f20cbb8f20d,.pdf,01-01-2018,12-31-2018,05-30-2019
e2dcbf6cbbedf9737fdb2fe2ca51465e,Caledonia Mining Corporation plc,Canada,https://s3.us-east-2.amazonaws.com/rp-20-sources/mandatory-disclosure-reporte2dcbf6cbbedf9737fdb2fe2ca51465e,.pdf,01-01-2017,12-31-2017,05-29-2018
ec4702ecfcde90c479f41289376db73f,Aguia Resources Limited,Canada,https://s3.us-east-2.amazonaws.com/rp-20-sources/mandatory-disclosure-report-ec4702ecfcde90c479f41289376db73f,.pdf,07-01-2018,06-30-2019,11-12-2019
188ccd62aafd1fe0c415a6ebc9cc03c9,Athabasca Oil Corporation,Canada,https://s3.us-east-2.amazonaws.com/rp-20-sources/mandatory-disclosure-report188ccd62aafd1fe0c415a6ebc9cc03c9,.pdf,01-01-2017,12-31-2017,05-29-2018
592c698a45319129749be4d9a03d8747,Cameco Corporation,Canada,https://s3.us-east-2.amazonaws.com/rp-20-sources/mandatory-disclosure-report592c698a45319129749be4d9a03d8747,.pdf,01-01-2016,12-31-2016,05-12-2017
2e46119a0b3709a765ce5d8f2a60a20a,Canadian Natural Resources Limited,Canada,https://s3.us-east-2.amazonaws.com/rp-20-sources/mandatory-disclosure-report2e46119a0b3709a765ce5d8f2a60a20a,.pdf,01-01-2017,12-31-2017,05-30-2018
3794490c3260e43f270805027cc5e8ef,Canadian Non-Operated Resources Limited Partnership,Canada,https://s3.us-east-2.amazonaws.com/rp-20-sources/mandatory-disclosure-report3794490c3260e43f270805027cc5e8ef,.pdf,01-01-2017,12-31-2017,05-30-2018
034c95487745da0f460c89ea68fa0ecc,NorZinc Limited,Canada,https://s3.us-east-2.amazonaws.com/rp-20-sources/mandatory-disclosure-report-034c95487745da0f460c89ea68fa0ecc,.pdf,01-01-2018,12-31-2018,08-15-2019
106d01e51cfc987b5c69aafd218beb6b,Cenovus Energy Incorporated,Canada,https://s3.us-east-2.amazonaws.com/rp-20-sources/mandatory-disclosure-report106d01e51cfc987b5c69aafd218beb6b,.pdf,01-01-2016,12-31-2016,05-12-2017
2a11ac76612bc2c0142e06743d86ef5b,Aalborg Portland Holding A/S,Denmark,https://s3.us-east-2.amazonaws.com/rp-20-sources/mandatory-disclosure-report-2a11ac76612bc2c0142e06743d86ef5b,.pdf,01-01-2017,12-31-2017
fa1f94c4f910d9e5b3c007562379a49e,Algold Resources Limited,Canada,https://s3.us-east-2.amazonaws.com/rp-20-sources/mandatory-disclosure-report-fa1f94c4f910d9e5b3c007562379a49e,.pdf,01-01-2018,12-31-2018,03-28-2019
e411721179eeb0bd73e1e4bd1d264c74,Anglesey Mining plc,United Kingdom of Great Britain and Northern Ireland,https://s3.us-east-2.amazonaws.com/rp-20-sources/mandatory-disclosure-reporte411721179eeb0bd73e1e4bd1d264c74,.html,04-01-2015,03-31-2016,09-11-2016
f3b23396a7f364161ff80c96a5d68eda-02fc5ea950d7621dd9c00ce93eae935f-a5f1b8f86f875d0e65686bdbbc8de5c2-c0068c906b685f8cffb6dadf8f9b0753,Anglo American PLC,United Kingdom of Great Britain and Northern Ireland,https://s3.us-east-2.amazonaws.com/rp-20-sources/mandatory-disclosure-report-f3b23396a7f364161ff80c96a5d68eda-02fc5ea950d7621dd9c00ce93eae935f-a5f1b8f86f875d0e65686bdbbc8de5c2-c0068c906b685f8cffb6dadf8f9b0753,.zip,01-01-2018,12-31-2018,06-28-2019
c0d4eb8229850f75be7cd17f91b65938,ArcelorMittal S.A.,Luxembourg,https://s3.us-east-2.amazonaws.com/rp-20-sources/mandatory-disclosure-reportc0d4eb8229850f75be7cd17f91b65938,.pdf,01-01-2016,12-31-2016
109418b3c8967a402cd51b562e51835b,Azarga Metals Corporation,Canada,https://s3.us-east-2.amazonaws.com/rp-20-sources/mandatory-disclosure-report-109418b3c8967a402cd51b562e51835b,.pdf,10-01-2017,09-30-2018,01-06-2020
671964b9241a3e8673971d3ce3361044,Azucar Minerals Limited,Canada,https://s3.us-east-2.amazonaws.com/rp-20-sources/mandatory-disclosure-report-671964b9241a3e8673971d3ce3361044,.pdf,01-01-2018,12-31-2018,05-22-2019
2c41729768d4fd038434280c1b9505d4,Banro Corporation,Canada,https://s3.us-east-2.amazonaws.com/rp-20-sources/mandatory-disclosure-report2c41729768d4fd038434280c1b9505d4,.pdf,01-01-2016,12-31-2016,05-30-2017
fe0017d6adf073ea12a561b310c2fb54,Bear Creek Mining Corporation,Canada,https://s3.us-east-2.amazonaws.com/rp-20-sources/mandatory-disclosure-report-fe0017d6adf073ea12a561b310c2fb54,.pdf,01-01-2019,12-31-2019,02-27-2020
f69ee535699703a9dbb41422c4d498f7-afa975c3c5f8048fd0b3a0a30514de08-6c367e2d18d11a3897ac3bc21182d363-afd394e4e42001e3daa12714ad93cd68,BP plc,United Kingdom of Great Britain and Northern Ireland,https://s3.us-east-2.amazonaws.com/rp-20-sources/mandatory-disclosure-report-f69ee535699703a9dbb41422c4d498f7-afa975c3c5f8048fd0b3a0a30514de08-6c367e2d18d11a3897ac3bc21182d363-afd394e4e42001e3daa12714ad93cd68,.zip,01-01-2018,12-31-2018,05-29-2019
79bd871dcbb1f096db73276ab657be55,Buffalo Coal Corporation,Canada,https://s3.us-east-2.amazonaws.com/rp-20-sources/mandatory-disclosure-report79bd871dcbb1f096db73276ab657be55,.pdf,01-01-2017,12-31-2017,04-20-2018
ecc0554a6ed465b055b27419db50602c,Capital Power Corporation,Canada,https://s3.us-east-2.amazonaws.com/rp-20-sources/mandatory-disclosure-reportecc0554a6ed465b055b27419db50602c,.pdf,01-01-2016,12-31-2016,05-24-2017
cd7e3a6e44cbd8c39b2cc150932b9f54,Agnico Eagle Mines Limited,Canada,https://s3.us-east-2.amazonaws.com/rp-20-sources/mandatory-disclosure-reportcd7e3a6e44cbd8c39b2cc150932b9f54,.pdf,01-01-2016,12-31-2016,05-30-2017
a6f24dafec9f935f8b8b17539213fc71,Alacer Gold Corporation,Canada,https://s3.us-east-2.amazonaws.com/rp-20-sources/mandatory-disclosure-reporta6f24dafec9f935f8b8b17539213fc71,.pdf,01-01-2017,12-31-2017,05-01-2018
04b605986a7f598a0d9156a90bc81b45,Altura Energy Incorporated,Canada,https://s3.us-east-2.amazonaws.com/rp-20-sources/mandatory-disclosure-report04b605986a7f598a0d9156a90bc81b45,.pdf,01-01-2017,12-31-2017,05-25-2018
e90b46944e52df60ad9f89ce023d6d21,Alvopetro Energy Limited,Canada,https://s3.us-east-2.amazonaws.com/rp-20-sources/mandatory-disclosure-reporte90b46944e52df60ad9f89ce023d6d21,.pdf,01-01-2017,12-31-2017,05-18-2018
b703cab8f730a5fa596260318381207a,Amerigo Resources Limited,Canada,https://s3.us-east-2.amazonaws.com/rp-20-sources/mandatory-disclosure-report-b703cab8f730a5fa596260318381207a,.pdf,01-01-2018,12-31-2018,04-06-2019
7517a07cedffaa54979078cf7fa24d73,Anfield Gold Corporation,Canada,https://s3.us-east-2.amazonaws.com/rp-20-sources/mandatory-disclosure-report7517a07cedffaa54979078cf7fa24d73,.pdf,01-01-2016,12-31-2016,05-30-2017
5b87e9a1767e4275cdae80ee3e811bae,Arena Minerals Incorporated,Canada,https://s3.us-east-2.amazonaws.com/rp-20-sources/mandatory-disclosure-report5b87e9a1767e4275cdae80ee3e811bae,.xlsx,01-01-2016,12-31-2016,05-30-2017
ca9f24d38ecf86fe0ce04e2b787617b0,Bankers Petroleum Limited,Canada,https://s3.us-east-2.amazonaws.com/rp-20-sources/mandatory-disclosure-reportca9f24d38ecf86fe0ce04e2b787617b0,.pdf,01-01-2017,12-31-2017,05-31-2018
bc6871820711e7bacad0f90d18f66ef8,Belo Sun Mining Corporation,Canada,https://s3.us-east-2.amazonaws.com/rp-20-sources/mandatory-disclosure-reportbc6871820711e7bacad0f90d18f66ef8,.pdf,01-01-2016,12-31-2016,05-30-2017
c47ae179bc834176963c322e4766c361,Bonavista Energy Corporation,Canada,https://s3.us-east-2.amazonaws.com/rp-20-sources/mandatory-disclosure-reportc47ae179bc834176963c322e4766c361,.pdf,01-01-2017,12-31-2017,03-13-2018
3748075a5072abc8f12b878f2eeede21,Canadian Malartic Corporation,Canada,https://s3.us-east-2.amazonaws.com/rp-20-sources/mandatory-disclosure-report3748075a5072abc8f12b878f2eeede21,.pdf,01-01-2017,12-31-2017,05-28-2018
cba4dd282ee97926bdcfaeec484d981a,Cautivo Mining Incorporated,Canada,https://s3.us-east-2.amazonaws.com/rp-20-sources/mandatory-disclosure-report-cba4dd282ee97926bdcfaeec484d981a,.pdf,01-01-2018,12-31-2018,05-28-2019
14d269f5a433142103a648a0a9e1f5a7,Aguia Resources Limited,Canada,https://s3.us-east-2.amazonaws.com/rp-20-sources/mandatory-disclosure-report-14d269f5a433142103a648a0a9e1f5a7,.pdf,07-01-2017,06-30-2018,11-26-2018
a564d50ea2ebd2d3d719166895aff835,Amerigo Resources Limited,Canada,https://s3.us-east-2.amazonaws.com/rp-20-sources/mandatory-disclosure-reporta564d50ea2ebd2d3d719166895aff835,.pdf,01-01-2017,12-31-2017,05-30-2018
c1f4e30418ad26f0031c61cfc6e0ab07-f78677faeee24025a4e343c7b0c61f58-33de67a33e73b420f914a935b4461b2e-d85fd558c4b3b1ca3408ee4943549f00,Amerisur Resources Proprietary Limited Company,United Kingdom of Great Britain and Northern Ireland,https://s3.us-east-2.amazonaws.com/rp-20-sources/mandatory-disclosure-report-c1f4e30418ad26f0031c61cfc6e0ab07-f78677faeee24025a4e343c7b0c61f58-33de67a33e73b420f914a935b4461b2e-d85fd558c4b3b1ca3408ee4943549f00,.zip,01-01-2016,12-31-2016,06-12-2018
4758463455a7d17f960e14e41ebcb36d,ARC Resources Limited,Canada,https://s3.us-east-2.amazonaws.com/rp-20-sources/mandatory-disclosure-report4758463455a7d17f960e14e41ebcb36d,.pdf,01-01-2016,12-31-2016,05-03-2017
baef9430048c879ce006380832c95d6f,Artis Exploration Limited,Canada,https://s3.us-east-2.amazonaws.com/rp-20-sources/mandatory-disclosure-report-baef9430048c879ce006380832c95d6f,.pdf,01-01-2018,12-31-2018,05-22-2019
60919e43c707455283adf93ae0f766a4,ATCO Limited,Canada,https://s3.us-east-2.amazonaws.com/rp-20-sources/mandatory-disclosure-report60919e43c707455283adf93ae0f766a4,.pdf,01-01-2017,12-31-2017,05-28-2018
f929d9edc383cc7f84f8e5da0f6451da,Baccalieu Energy Incorporated,Canada,https://s3.us-east-2.amazonaws.com/rp-20-sources/mandatory-disclosure-report-f929d9edc383cc7f84f8e5da0f6451da,.pdf,01-01-2017,12-31-2017,05-25-2018
d961d88391d7fc18141db4d6958e4522,Balmoral Resources Limited,Canada,https://s3.us-east-2.amazonaws.com/rp-20-sources/mandatory-disclosure-report-d961d88391d7fc18141db4d6958e4522,.pdf,01-01-2018,12-31-2018,09-10-2019
45b0b4578f5585891f25fb4c01628fc7-3fb36593784b1ffeb5c08750e213d004-3ecc948a56f1b5375591aee852deeed6-250ceef0d598b11b5590241e904f269e,Bisichi PLC,United Kingdom of Great Britain and Northern Ireland,https://s3.us-east-2.amazonaws.com/rp-20-sources/mandatory-disclosure-report-45b0b4578f5585891f25fb4c01628fc7-3fb36593784b1ffeb5c08750e213d004-3ecc948a56f1b5375591aee852deeed6-250ceef0d598b11b5590241e904f269e,.zip,01-01-2018,12-31-2018,06-20-2019
8f1a89acd4a22b124ede4f41330c2d65-32f1c4eb2d7a4b33aa6a1e7929bfd549-a954638053d65971f71fe30e1f6b5031-daee0dd436cb3ebdf65dff345f8623ba,BP plc,United Kingdom of Great Britain and Northern Ireland,https://s3.us-east-2.amazonaws.com/rp-20-sources/mandatory-disclosure-report-8f1a89acd4a22b124ede4f41330c2d65-32f1c4eb2d7a4b33aa6a1e7929bfd549-a954638053d65971f71fe30e1f6b5031-daee0dd436cb3ebdf65dff345f8623ba,.zip,01-01-2017,12-31-2017,06-06-2018
40d268cbc0d88962c08f21b156a8f81a-a66374c68fe8581ecc05f77423dd1b1a-7cd0f49060de90f0ef53dc55b20decfd-0ac4263ccf612b43ca2d299ac8df8d15,BP plc,United Kingdom of Great Britain and Northern Ireland,https://s3.us-east-2.amazonaws.com/rp-20-sources/mandatory-disclosure-report40d268cbc0d88962c08f21b156a8f81a-a66374c68fe8581ecc05f77423dd1b1a-7cd0f49060de90f0ef53dc55b20decfd-0ac4263ccf612b43ca2d299ac8df8d15,.zip,01-01-2015,12-31-2015,06-24-2016
94453d76e15c35563be1d8eb5ab326b3,Altyn PLC,United Kingdom of Great Britain and Northern Ireland,https://s3.us-east-2.amazonaws.com/rp-20-sources/mandatory-disclosure-report94453d76e15c35563be1d8eb5ab326b3,.html,01-01-2015,12-31-2015,06-30-2016
fca0a0c56f627fce287f9dee97c77a88-f7c1832c2db60ebc09dedd71020039f1-44640e53b33cdef9ff82ea28b3dd2fd1-b1b87c54f756c2751d7d4cc784f834ae,Apache North Sea Production Limited,United Kingdom of Great Britain and Northern Ireland,https://s3.us-east-2.amazonaws.com/rp-20-sources/mandatory-disclosure-report-fca0a0c56f627fce287f9dee97c77a88-f7c1832c2db60ebc09dedd71020039f1-44640e53b33cdef9ff82ea28b3dd2fd1-b1b87c54f756c2751d7d4cc784f834ae,.zip,01-01-2017,12-31-2017,11-23-2018
a66b6acd3c75d395b4b8c3add230606e,Galiano Gold Inc. (formerly Asanko Gold),Canada,https://s3.us-east-2.amazonaws.com/rp-20-sources/mandatory-disclosure-reporta66b6acd3c75d395b4b8c3add230606e,.pdf,01-01-2017,12-31-2017,05-29-2018
b7f3b3e10c4f60f1079ceeed098ce241,Ascendant Resources Incorporated,Canada,https://s3.us-east-2.amazonaws.com/rp-20-sources/mandatory-disclosure-reportb7f3b3e10c4f60f1079ceeed098ce241,.pdf,01-01-2017,12-31-2017,05-18-2018
5b2dddec13eb0cc7c7b9f67d79c308de,Atlantic Gold Corporation,Canada,https://s3.us-east-2.amazonaws.com/rp-20-sources/mandatory-disclosure-report-5b2dddec13eb0cc7c7b9f67d79c308de,.pdf,01-01-2018,12-31-2018,05-30-2019
f82caddf08312998183186f61891081a,Atlantic Gold Corporation,Canada,https://s3.us-east-2.amazonaws.com/rp-20-sources/mandatory-disclosure-report-f82caddf08312998183186f61891081a,.pdf,01-01-2017,12-31-2017,05-30-2018
1f82d91c7e3b9cf4291e9f235ea6c2f0,Austral Gold Limited,Canada,https://s3.us-east-2.amazonaws.com/rp-20-sources/mandatory-disclosure-report-1f82d91c7e3b9cf4291e9f235ea6c2f0,.pdf,01-01-2018,12-31-2018,05-30-2019
61ba318e6eaa45b1dfa2662ab49409a1,B2Gold Corporation,Canada,https://s3.us-east-2.amazonaws.com/rp-20-sources/mandatory-disclosure-report61ba318e6eaa45b1dfa2662ab49409a1,.pdf,01-01-2016,12-31-2016,05-25-2017
a294d3b1e1f7e87d693b78d416df8feb,Baytex Energy Corporation,Canada,https://s3.us-east-2.amazonaws.com/rp-20-sources/mandatory-disclosure-report-a294d3b1e1f7e87d693b78d416df8feb,.pdf,01-01-2016,12-31-2016,05-30-2018
f29ce3977a11da057a973f188bb2ee16-ff28f28a6152b537b5e6cf8c7728d8d0-e4a7f8cb7d4373300aa4ba3a7ae7e893-d55a210307d77a07826532e25ac9974b,BP plc,United Kingdom of Great Britain and Northern Ireland,https://s3.us-east-2.amazonaws.com/rp-20-sources/mandatory-disclosure-reportf29ce3977a11da057a973f188bb2ee16-ff28f28a6152b537b5e6cf8c7728d8d0-e4a7f8cb7d4373300aa4ba3a7ae7e893-d55a210307d77a07826532e25ac9974b,.zip,01-01-2016,12-31-2016,06-28-2017
f0c1a15919606c59fb10b32273e464ff,Buzzi Unicem S.p.A,Italy,https://s3.us-east-2.amazonaws.com/rp-20-sources/mandatory-disclosure-report-f0c1a15919606c59fb10b32273e464ff,.pdf,01-01-2017,12-31-2017,05-30-2018
94532138aad70c81bcf808e398808d72,Cameco Corporation,Canada,https://s3.us-east-2.amazonaws.com/rp-20-sources/mandatory-disclosure-report94532138aad70c81bcf808e398808d72,.pdf,01-01-2017,12-31-2017,05-29-2018
86b6b8e259b4f5067cfc5925ef401925,Cameco Corporation,Canada,https://s3.us-east-2.amazonaws.com/rp-20-sources/mandatory-disclosure-report-86b6b8e259b4f5067cfc5925ef401925,.pdf,01-01-2018,12-31-2018,05-31-2019
c5e919bfa2b342474a9f0ce377c12881,Acron Group,United Kingdom of Great Britain and Northern Ireland,https://s3.us-east-2.amazonaws.com/rp-20-sources/mandatory-disclosure-reportc5e919bfa2b342474a9f0ce377c12881,.pdf,01-01-2017,12-31-2017,06-01-2018
56dc9bb66e2ee3ef24125b9a40c09bf5,Alio Gold Incorporated,Canada,https://s3.us-east-2.amazonaws.com/rp-20-sources/mandatory-disclosure-report56dc9bb66e2ee3ef24125b9a40c09bf5,.pdf,01-01-2017,12-31-2017,05-29-2018
ae52c572052b54a7243ca7da03a95f4e,AltaGas Limited,Canada,https://s3.us-east-2.amazonaws.com/rp-20-sources/mandatory-disclosure-reportae52c572052b54a7243ca7da03a95f4e,.pdf,01-01-2017,12-31-2017,05-24-2018
938e1a25d6957cefcfb848da0b72a5c5,Argeton GmbH,Germany,https://s3.us-east-2.amazonaws.com/rp-20-sources/mandatory-disclosure-report-938e1a25d6957cefcfb848da0b72a5c5,.html,01-01-2018,12-31-2018,01-31-2019
e1d9c6e67d27c0b9e18da85b45d86373,Aurion Resources Limited,Canada,https://s3.us-east-2.amazonaws.com/rp-20-sources/mandatory-disclosure-reporte1d9c6e67d27c0b9e18da85b45d86373,.pdf,01-01-2017,12-31-2017,05-24-2018
b060aa8de2f337610f448ea0442780a2,Avino Silver and Gold Mines Limited,Canada,https://s3.us-east-2.amazonaws.com/rp-20-sources/mandatory-disclosure-reportb060aa8de2f337610f448ea0442780a2,.pdf,01-01-2017,12-31-2017,05-30-2018
93804db4c256104691b56dab25221388,Azarga Metals Corporation,Canada,https://s3.us-east-2.amazonaws.com/rp-20-sources/mandatory-disclosure-report-93804db4c256104691b56dab25221388,.pdf,10-01-2015,09-30-2016,01-06-2020
5a1a99c440c2467664bbb6a1014ab0c7,Baccalieu Energy Incorporated,Canada,https://s3.us-east-2.amazonaws.com/rp-20-sources/mandatory-disclosure-report-5a1a99c440c2467664bbb6a1014ab0c7,.pdf,01-01-2018,12-31-2018,05-23-2019
822aab2696015ec9af39bfad77e902b2,Barrick Gold Corporation,Canada,https://s3.us-east-2.amazonaws.com/rp-20-sources/mandatory-disclosure-report822aab2696015ec9af39bfad77e902b2,.pdf,01-01-2016,12-31-2016,05-23-2017
675af9ff0868593803d55d9dee5ed867,Baytex Energy Corporation,Canada,https://s3.us-east-2.amazonaws.com/rp-20-sources/mandatory-disclosure-report675af9ff0868593803d55d9dee5ed867,.pdf,01-01-2017,12-31-2017,05-30-2018
0e1e58d4c4bce284fe799e72bc46304d,BEB Erdgas und Erdol GmbH and Company KG,Germany,https://s3.us-east-2.amazonaws.com/rp-20-sources/mandatory-disclosure-report-0e1e58d4c4bce284fe799e72bc46304d,.html,01-01-2016,12-31-2016,01-02-2018
b47d31854dad9d4a7ae3271ec6c5958c-5aa90be74dcfad33f9c48299353e4ab5-8bc543b21f8fcd10fae2bba8efce0354-ac35f18c70726892e0540370f24206c3,Cairn Energy PLC,United Kingdom of Great Britain and Northern Ireland,https://s3.us-east-2.amazonaws.com/rp-20-sources/mandatory-disclosure-report-b47d31854dad9d4a7ae3271ec6c5958c-5aa90be74dcfad33f9c48299353e4ab5-8bc543b21f8fcd10fae2bba8efce0354-ac35f18c70726892e0540370f24206c3,.zip,01-01-2016,12-31-2016,10-31-2017
e1e0741d49e6463844d4ac70b84cd522,Capstone Mining Corporation,Canada,https://s3.us-east-2.amazonaws.com/rp-20-sources/mandatory-disclosure-report-e1e0741d49e6463844d4ac70b84cd522,.pdf,01-01-2018,12-31-2018,05-14-2019
de54abe0adb75d15b98310e410dd3532,Cementir Holding S.p.A.,Italy,https://s3.us-east-2.amazonaws.com/rp-20-sources/mandatory-disclosure-reportde54abe0adb75d15b98310e410dd3532,.pdf,01-01-2016,12-31-2016,06-28-2017
b302f59826e2212d6a085e484dbb04e8,African Petroleum Corporation Limited,Norway,https://s3.us-east-2.amazonaws.com/rp-20-sources/mandatory-disclosure-report-b302f59826e2212d6a085e484dbb04e8,.pdf,01-01-2017,12-31-2017
8c18f24ff942b639c044a0411e3e9f12,Almaden Minerals Limited,Canada,https://s3.us-east-2.amazonaws.com/rp-20-sources/mandatory-disclosure-report8c18f24ff942b639c044a0411e3e9f12,.pdf,01-01-2017,12-31-2017,05-30-2018
ca9f87deb3843ebcc29d6435830ce021,Altamira Gold Corporation,Canada,https://s3.us-east-2.amazonaws.com/rp-20-sources/mandatory-disclosure-reportca9f87deb3843ebcc29d6435830ce021,.pdf,03-01-2016,02-28-2017,07-28-2017
2cd365590574469871d0ad2879cdcdb1,Altyn PLC,United Kingdom of Great Britain and Northern Ireland,https://s3.us-east-2.amazonaws.com/rp-20-sources/mandatory-disclosure-report2cd365590574469871d0ad2879cdcdb1,.html,01-01-2016,12-31-2016,11-15-2017
4b5bbb1a4cd333f7a5afc90ef7cdef81,Baffinland Iron Mines Corporation,Canada,https://s3.us-east-2.amazonaws.com/rp-20-sources/mandatory-disclosure-report-4b5bbb1a4cd333f7a5afc90ef7cdef81,.pdf,01-01-2017,12-31-2017,05-30-2018
8e3e199e2840a695d52178d6870e9d2d,Blue Sky Uranium Corporation,Canada,https://s3.us-east-2.amazonaws.com/rp-20-sources/mandatory-disclosure-report8e3e199e2840a695d52178d6870e9d2d,.pdf,01-01-2016,12-31-2016,05-30-2017
7cb1c3666c9f6c36baccb93033f331dd,Buffalo Coal Corporation,Canada,https://s3.us-east-2.amazonaws.com/rp-20-sources/mandatory-disclosure-report7cb1c3666c9f6c36baccb93033f331dd,.pdf,01-01-2016,12-31-2016,05-23-2017
23f211bd40c2870d4b73c7b9c7d27c2a,Callinex Mines Inc.,Canada,https://s3.us-east-2.amazonaws.com/rp-20-sources/mandatory-disclosure-report-23f211bd40c2870d4b73c7b9c7d27c2a,.pdf,10-01-2017,09-30-2018,03-06-2019
e66352e509ed00edc98cda730164e784,AEX Gold Incorporated,Canada,https://s3.us-east-2.amazonaws.com/rp-20-sources/mandatory-disclosure-report-e66352e509ed00edc98cda730164e784,.pdf,01-01-2018,12-31-2018,05-24-2019
ef4f2834226e193d9dd427b30c944716,Argeton GmbH,Germany,https://s3.us-east-2.amazonaws.com/rp-20-sources/mandatory-disclosure-report-ef4f2834226e193d9dd427b30c944716,.html,01-01-2017,12-31-2017,01-31-2019
b735e42054c647e12318eceabd88eec0,Aspenleaf Energy Limited,Canada,https://s3.us-east-2.amazonaws.com/rp-20-sources/mandatory-disclosure-reportb735e42054c647e12318eceabd88eec0,.pdf,01-01-2017,12-31-2017,05-31-2018
48f3d1d74c6a36c1be449e98fce6ea13,AuRico Metals Incorporated,Canada,https://s3.us-east-2.amazonaws.com/rp-20-sources/mandatory-disclosure-report-48f3d1d74c6a36c1be449e98fce6ea13,.pdf,01-01-2016,12-31-2016,05-17-2017
25545c5227ddb60ed7d9cd29d2f234af,Boliden AB,Sweden,https://s3.us-east-2.amazonaws.com/rp-20-sources/mandatory-disclosure-report-25545c5227ddb60ed7d9cd29d2f234af,.pdf,01-01-2018,12-31-2018
40f7f184848409af97a1a69b89c33099,Boulder Energy Limited,Canada,https://s3.us-east-2.amazonaws.com/rp-20-sources/mandatory-disclosure-report-40f7f184848409af97a1a69b89c33099,.pdf,01-01-2018,12-31-2018,05-24-2019
e510eea0404b5177847ca13fb70d7e85,Canacol Energy Limited,Canada,https://s3.us-east-2.amazonaws.com/rp-20-sources/mandatory-disclosure-reporte510eea0404b5177847ca13fb70d7e85,.pdf,01-01-2017,12-31-2017,05-31-2018
d3e82fe6a7f5a42367098fa884ae40ca,Capstone Mining Corporation,Canada,https://s3.us-east-2.amazonaws.com/rp-20-sources/mandatory-disclosure-reportd3e82fe6a7f5a42367098fa884ae40ca,.pdf,01-01-2017,12-31-2017,05-29-2018
74553a6b5ad3c5940df8754b5c39ff03,Cement Roadstone Holdings Canada Group Incorporated,Canada,https://s3.us-east-2.amazonaws.com/rp-20-sources/mandatory-disclosure-report74553a6b5ad3c5940df8754b5c39ff03,.pdf,01-01-2016,12-31-2016,06-27-2017
733e222248461ade1a2982a813168521-3a290f96c5e294d1a45d27b6892ee704-018c690296306b2d6c1016eff1f850fb-7d1f1bee771499c4bd1fc7eb1844d21c,Abu Dhabi Marine Areas Limited,United Kingdom of Great Britain and Northern Ireland,https://s3.us-east-2.amazonaws.com/rp-20-sources/mandatory-disclosure-report-733e222248461ade1a2982a813168521-3a290f96c5e294d1a45d27b6892ee704-018c690296306b2d6c1016eff1f850fb-7d1f1bee771499c4bd1fc7eb1844d21c,.zip,01-01-2018,12-31-2018,03-05-2019
36ccaf98056d77a1218552c47b855bbb,Grupa LOTOS S.A.,Poland,https://s3.us-east-2.amazonaws.com/rp-20-sources/mandatory-disclosure-report-36ccaf98056d77a1218552c47b855bbb,.pdf,01-01-2016,12-31-2016
a3f2e95bd08169575e909f34a2af31ac,Aker BP ASA,Norway,https://s3.us-east-2.amazonaws.com/rp-20-sources/mandatory-disclosure-reporta3f2e95bd08169575e909f34a2af31ac,.pdf,01-01-2017,12-31-2017,03-12-2018
06cc006eba288e0468bc2c92c1b2c02e,Aldridge Minerals Incorporated,Canada,https://s3.us-east-2.amazonaws.com/rp-20-sources/mandatory-disclosure-report06cc006eba288e0468bc2c92c1b2c02e,.pdf,01-01-2016,12-31-2016,05-31-2017
8070b38bacc6032c9750f649debef910,Alphamin Resources Corporation,Canada,https://s3.us-east-2.amazonaws.com/rp-20-sources/mandatory-disclosure-report-8070b38bacc6032c9750f649debef910,.pdf,01-01-2017,12-31-2017,11-30-2018
307bcd02c9fd6fe922cc17260ed0848b,AltaGas Canada Inc.,Canada,https://s3.us-east-2.amazonaws.com/rp-20-sources/mandatory-disclosure-report-307bcd02c9fd6fe922cc17260ed0848b,.pdf,01-01-2018,12-31-2018,05-15-2019
29ac303b6c1ced3fa2d8fed3b9f36dd3-0f44a0bbfc64526928e170126bc93fa0-2f1ebf102e30e544caf9a28eada92236-e0314f6efe2a9216ce237eebc668da73,Canadian Natural Resources International (U.K.) Investments Limited,United Kingdom of Great Britain and Northern Ireland,https://s3.us-east-2.amazonaws.com/rp-20-sources/mandatory-disclosure-report29ac303b6c1ced3fa2d8fed3b9f36dd3-0f44a0bbfc64526928e170126bc93fa0-2f1ebf102e30e544caf9a28eada92236-e0314f6efe2a9216ce237eebc668da73,.zip,01-01-2015,12-31-2015,11-24-2016
77c5776134637fba0b87341cc0851715,Canadian Spirit Resources Incorporated,Canada,https://s3.us-east-2.amazonaws.com/rp-20-sources/mandatory-disclosure-report-77c5776134637fba0b87341cc0851715,.pdf,01-01-2017,12-31-2017,05-30-2018
faa131d077f0fef21fc85c3fea2371f7,Cardinal Energy Limited,Canada,https://s3.us-east-2.amazonaws.com/rp-20-sources/mandatory-disclosure-reportfaa131d077f0fef21fc85c3fea2371f7,.pdf,01-01-2017,12-31-2017,05-28-2018
7b32ce45ee9299a245397790a40755bf,Aecon Group Incorporated,Canada,https://s3.us-east-2.amazonaws.com/rp-20-sources/mandatory-disclosure-report7b32ce45ee9299a245397790a40755bf,.pdf,01-01-2017,12-31-2017,05-31-2018
24560223266219eda0b088c42c1634de,Aecon Group Incorporated,Canada,https://s3.us-east-2.amazonaws.com/rp-20-sources/mandatory-disclosure-report-24560223266219eda0b088c42c1634de,.pdf,01-01-2018,12-31-2018,09-27-2019
0a8aef6bc49e6bd36515b449d231d57e,Africa Oil Corporation,Canada,https://s3.us-east-2.amazonaws.com/rp-20-sources/mandatory-disclosure-report0a8aef6bc49e6bd36515b449d231d57e,.pdf,01-01-2017,12-31-2017,05-10-2018
7cca4e996273da026dea824889badf72,African Petroleum Corporation Limited,Norway,https://s3.us-east-2.amazonaws.com/rp-20-sources/mandatory-disclosure-report7cca4e996273da026dea824889badf72,.pdf,01-01-2016,12-31-2016,04-13-2017
61673fa0aaad599768e3837f165b1fd5,Alderon Iron Ore Corporation,Canada,https://s3.us-east-2.amazonaws.com/rp-20-sources/mandatory-disclosure-report61673fa0aaad599768e3837f165b1fd5,.pdf,01-01-2017,12-31-2017,05-28-2018
04d1f4cbbeff079a44265528d48a9bf6,Altura Energy Incorporated,Canada,https://s3.us-east-2.amazonaws.com/rp-20-sources/mandatory-disclosure-report-04d1f4cbbeff079a44265528d48a9bf6,.pdf,01-01-2018,12-31-2018,05-22-2019
8ca9cf6da8497e271ed4c85a433d46c2-6690a5b25831531c029b9b76ea8a74f1-7df762b38526c47c0b959fefb3f4f951-257a43b684b6577028fe66e0ed8b4c01,Amerisur Resources Proprietary Limited Company,United Kingdom of Great Britain and Northern Ireland,https://s3.us-east-2.amazonaws.com/rp-20-sources/mandatory-disclosure-report-8ca9cf6da8497e271ed4c85a433d46c2-6690a5b25831531c029b9b76ea8a74f1-7df762b38526c47c0b959fefb3f4f951-257a43b684b6577028fe66e0ed8b4c01,.zip,01-01-2015,12-31-2015,06-12-2018
47fefe9c0ec84342a21f031c2a461837,AuRico Metals Incorporated,Canada,https://s3.us-east-2.amazonaws.com/rp-20-sources/mandatory-disclosure-report47fefe9c0ec84342a21f031c2a461837,.pdf,01-01-2017,12-31-2017,05-30-2018
cf366a0d56cf3766dd9d1e750dc8c06d,Avocet Mining PLC,United Kingdom of Great Britain and Northern Ireland,https://s3.us-east-2.amazonaws.com/rp-20-sources/mandatory-disclosure-report-cf366a0d56cf3766dd9d1e750dc8c06d,.pdf,01-01-2016,12-31-2016,06-30-2017
edc046d67285aaa1e0641264ec07ccde,Birchcliff Energy Limited,Canada,https://s3.us-east-2.amazonaws.com/rp-20-sources/mandatory-disclosure-reportedc046d67285aaa1e0641264ec07ccde,.pdf,01-01-2016,12-31-2016,05-23-2017
5925eea3d7beb3c7632dc6f90d1a21ed,Birchcliff Energy Limited,Canada,https://s3.us-east-2.amazonaws.com/rp-20-sources/mandatory-disclosure-report-5925eea3d7beb3c7632dc6f90d1a21ed,.pdf,01-01-2018,12-31-2018,05-27-2019
47d32f33a23bde6b21a50399a0fcd7de-62ace16e91348d384ce5d3ea404780b9-66ca35512cacdb1e98de3977ca0f2027-5e014cd19b165b92b67bb7df08f99a62,Burlington Resources (Irish Sea) Limited,United Kingdom of Great Britain and Northern Ireland,https://s3.us-east-2.amazonaws.com/rp-20-sources/mandatory-disclosure-report47d32f33a23bde6b21a50399a0fcd7de-62ace16e91348d384ce5d3ea404780b9-66ca35512cacdb1e98de3977ca0f2027-5e014cd19b165b92b67bb7df08f99a62,.zip,01-01-2016,12-31-2016,11-20-2017
fd7f7d0675c18fb8e490dba7555c914e,Canacol Energy Limited,Canada,https://s3.us-east-2.amazonaws.com/rp-20-sources/mandatory-disclosure-reportfd7f7d0675c18fb8e490dba7555c914e,.pdf,07-01-2015,12-31-2015,05-28-2016
fbecaa4fd71db53fbd0217dfb3367c3e,Alacer Gold Corporation,Canada,https://s3.us-east-2.amazonaws.com/rp-20-sources/mandatory-disclosure-reportfbecaa4fd71db53fbd0217dfb3367c3e,.pdf,01-01-2016,12-31-2016,05-02-2017
af15ef87d14001b68864216b53e776de,Alamos Gold Incorporated,Canada,https://s3.us-east-2.amazonaws.com/rp-20-sources/mandatory-disclosure-reportaf15ef87d14001b68864216b53e776de,.pdf,01-01-2017,12-31-2017,05-30-2018
d5a8ec34ffc5cbf85b4f774c2bb3eef6,Anaconda Mining Incorporated,Canada,https://s3.us-east-2.amazonaws.com/rp-20-sources/mandatory-disclosure-reportd5a8ec34ffc5cbf85b4f774c2bb3eef6,.pdf,06-01-2016,05-31-2017,10-27-2017
13a12d56e4666a8e95f3ee569e41fe0c,Arcelormittal Canada Holdings Inc.,Canada,https://s3.us-east-2.amazonaws.com/rp-20-sources/mandatory-disclosure-report-13a12d56e4666a8e95f3ee569e41fe0c,.pdf,01-01-2017,12-31-2017,05-25-2018
0c18348b446b18caf5a77e137b0c0366,ATCO Limited,Canada,https://s3.us-east-2.amazonaws.com/rp-20-sources/mandatory-disclosure-report-0c18348b446b18caf5a77e137b0c0366,.pdf,01-01-2018,12-31-2018,05-28-2019
dbdb69b2e1d92229598c62ba10c770b6,Athabasca Minerals Incorporated,Canada,https://s3.us-east-2.amazonaws.com/rp-20-sources/mandatory-disclosure-reportdbdb69b2e1d92229598c62ba10c770b6,.pdf,01-01-2016,12-31-2016,05-30-2017
6aecb4a759f717e48f189793a34618e9-536c81e2bf4b80e52d92a52f6b884723-293a326b64ff4de2a07130d33256f272-daec9431c275d904305694cd7028a219,Avocet Mining PLC,United Kingdom of Great Britain and Northern Ireland,https://s3.us-east-2.amazonaws.com/rp-20-sources/mandatory-disclosure-report6aecb4a759f717e48f189793a34618e9-536c81e2bf4b80e52d92a52f6b884723-293a326b64ff4de2a07130d33256f272-daec9431c275d904305694cd7028a219,.zip,01-01-2015,12-31-2015,11-16-2016
1081d21b2961b4b5861cf1074b95d9fc,Azarga Uranium Corporation,Canada,https://s3.us-east-2.amazonaws.com/rp-20-sources/mandatory-disclosure-report1081d21b2961b4b5861cf1074b95d9fc,.pdf,01-01-2017,12-31-2017,05-23-2018
3d62bf526c028afae541405d89409adb,Azarga Uranium Corporation,Canada,https://s3.us-east-2.amazonaws.com/rp-20-sources/mandatory-disclosure-report-3d62bf526c028afae541405d89409adb,.pdf,01-01-2018,12-31-2018,05-29-2019
4a1e3f5d79320f8a2082821bdc6daa47,Baffinland Iron Mines Corporation,Canada,https://s3.us-east-2.amazonaws.com/rp-20-sources/mandatory-disclosure-report-4a1e3f5d79320f8a2082821bdc6daa47,.pdf,01-01-2018,12-31-2018,05-30-2019
0a65ed9e2cef31040e8de54d579ff4d6-8e7251c4133e68f5e7f60e4cd6365cfe-7446b0133bcc9a93e0ca8510b37f5554-4125b9c496896c744c92d20f8e43242e,BHP,United Kingdom of Great Britain and Northern Ireland,https://s3.us-east-2.amazonaws.com/rp-20-sources/mandatory-disclosure-report-0a65ed9e2cef31040e8de54d579ff4d6-8e7251c4133e68f5e7f60e4cd6365cfe-7446b0133bcc9a93e0ca8510b37f5554-4125b9c496896c744c92d20f8e43242e,.zip,07-01-2018,06-30-2019,09-26-2019
31881297d10a09a0af484679ef52d481,Bluestone Resources Inc.,Canada,https://s3.us-east-2.amazonaws.com/rp-20-sources/mandatory-disclosure-report-31881297d10a09a0af484679ef52d481,.pdf,01-01-2018,12-31-2018,05-14-2019
68d73e6c1c219ff7a145b4f05251653b,BNK Petroleum Incorporated,Canada,https://s3.us-east-2.amazonaws.com/rp-20-sources/mandatory-disclosure-report-68d73e6c1c219ff7a145b4f05251653b,.pdf,01-01-2018,12-31-2018,05-30-2019
7096ba01e0021b7e0e4b02bb8d1d209d,Boulder Energy Limited,Canada,https://s3.us-east-2.amazonaws.com/rp-20-sources/mandatory-disclosure-report7096ba01e0021b7e0e4b02bb8d1d209d,.pdf,01-01-2016,12-31-2016,05-24-2017
97994f9ee7e0882a24e09777a38a7a70-173e927ee2329aa7cc256b21398efbb4-9f9776bc3a2d7afe5b1d91bbdccef4c9-fc10769cb5a241d156da03f68bf1e6e1,Cadogan Petroleum plc,United Kingdom of Great Britain and Northern Ireland,https://s3.us-east-2.amazonaws.com/rp-20-sources/mandatory-disclosure-report-97994f9ee7e0882a24e09777a38a7a70-173e927ee2329aa7cc256b21398efbb4-9f9776bc3a2d7afe5b1d91bbdccef4c9-fc10769cb5a241d156da03f68bf1e6e1,.zip,01-01-2017,12-31-2017,05-24-2018
5f8c9d03efd918b6df976a5326f96ee9,Canada Hibernia Holding Corporation,Canada,https://s3.us-east-2.amazonaws.com/rp-20-sources/mandatory-disclosure-report-5f8c9d03efd918b6df976a5326f96ee9,.pdf,01-01-2018,12-31-2018,05-29-2019
fa6dfcc442d52598502fd8fc69e5c872,Canamax Energy Limited,Canada,https://s3.us-east-2.amazonaws.com/rp-20-sources/mandatory-disclosure-report-fa6dfcc442d52598502fd8fc69e5c872,.pdf,01-01-2018,12-31-2018,05-27-2019
9855e9d878471d70fa61bdf494a58680,Candente Copper Corporation,Canada,https://s3.us-east-2.amazonaws.com/rp-20-sources/mandatory-disclosure-report9855e9d878471d70fa61bdf494a58680,.pdf,01-01-2016,12-31-2016,05-30-2017
741c0edceb8db57c42c93f15a5142bf0,Centrica plc,United Kingdom of Great Britain and Northern Ireland,https://s3.us-east-2.amazonaws.com/rp-20-sources/mandatory-disclosure-report-741c0edceb8db57c42c93f15a5142bf0,.xml,01-01-2016,12-31-2016
a756285762996c4bdd3216c84d8b9c84,Coeur Mining Incorporated,Canada,https://s3.us-east-2.amazonaws.com/rp-20-sources/mandatory-disclosure-reporta756285762996c4bdd3216c84d8b9c84,.pdf,01-01-2016,12-31-2016,06-01-2017
04ba95b3269df1e371d43fe8683a160a,ConocoPhillips Canada Resources Corporation,Canada,https://s3.us-east-2.amazonaws.com/rp-20-sources/mandatory-disclosure-report04ba95b3269df1e371d43fe8683a160a,.pdf,01-01-2016,12-31-2016,05-17-2017
4d0afdb6e19268ac6866b73b4b4db5b0,Cornerstone Capital Resources Inc.,Canada,https://s3.us-east-2.amazonaws.com/rp-20-sources/mandatory-disclosure-report-4d0afdb6e19268ac6866b73b4b4db5b0,.pdf,01-01-2016,12-31-2016,05-14-2019
cf8a42eb93d50cc371b08db116a2cbb4,Corvus Gold Incorporated,Canada,https://s3.us-east-2.amazonaws.com/rp-20-sources/mandatory-disclosure-report-cf8a42eb93d50cc371b08db116a2cbb4,.pdf,06-01-2017,05-31-2018,08-09-2018
4033678f9f301952f596264825729d68,Crown Point Energy Incorporated,Canada,https://s3.us-east-2.amazonaws.com/rp-20-sources/mandatory-disclosure-report4033678f9f301952f596264825729d68,.pdf,01-01-2016,12-31-2016,05-23-2017
120bf5268703f074e8d9a2b3b9e47046,Dominion Diamond Mines,Canada,https://s3.us-east-2.amazonaws.com/rp-20-sources/mandatory-disclosure-report-120bf5268703f074e8d9a2b3b9e47046,.pdf,01-01-2018,12-31-2018,09-16-2019
02fc6b59b9811fd0ef67e4fe2974904a,Encana Corporation,Canada,https://s3.us-east-2.amazonaws.com/rp-20-sources/mandatory-disclosure-report-02fc6b59b9811fd0ef67e4fe2974904a,.pdf,01-01-2017,12-31-2017,05-15-2019
2418a86f28ef4474ac9bf5d7fd1992c2,Enercapita Energy L.P.,Canada,https://s3.us-east-2.amazonaws.com/rp-20-sources/mandatory-disclosure-report-2418a86f28ef4474ac9bf5d7fd1992c2,.pdf,01-01-2018,12-31-2018,05-30-2019
d0e485e0dc22255f44ecf8dec0615a53,Eni S.p.A.,Italy,https://s3.us-east-2.amazonaws.com/rp-20-sources/mandatory-disclosure-reportd0e485e0dc22255f44ecf8dec0615a53,.pdf,01-01-2017,12-31-2017,05-28-2018
d57ed702ba1d281cf0f98b8a8acf9edd,Entrada Resources Incorporated,Canada,https://s3.us-east-2.amazonaws.com/rp-20-sources/mandatory-disclosure-reportd57ed702ba1d281cf0f98b8a8acf9edd,.pdf,01-01-2017,12-31-2017,05-30-2018
d1e66804384d5a18a16d9efe83f60a42-ed2be40b897b9148d8caa42b854ba397-8e3a12e4f01cbc469dd8ad963154f4ff-f64bb4f913e114da1be51c6d8fe9b454,Equion Energia Limited,United Kingdom of Great Britain and Northern Ireland,https://s3.us-east-2.amazonaws.com/rp-20-sources/mandatory-disclosure-reportd1e66804384d5a18a16d9efe83f60a42-ed2be40b897b9148d8caa42b854ba397-8e3a12e4f01cbc469dd8ad963154f4ff-f64bb4f913e114da1be51c6d8fe9b454,.zip,01-01-2016,12-31-2016,07-07-2017
9abe681f4d86aa59500ee69fb39732dc,Etablissements Maurel & Prom S.A.,France,https://s3.us-east-2.amazonaws.com/rp-20-sources/mandatory-disclosure-report9abe681f4d86aa59500ee69fb39732dc,.pdf,01-01-2016,12-31-2016
0b6d37bbaf8d4b31e25d75e06f0a5c25-30877c5d3be4e04bbe0cea5b96f396ce-e906483f93d1a8a1ffdf3614c173f368-10e041bf77caba3ecb0edb6c527e4a75,Ferrexpo Plc,United Kingdom of Great Britain and Northern Ireland,https://s3.us-east-2.amazonaws.com/rp-20-sources/mandatory-disclosure-report0b6d37bbaf8d4b31e25d75e06f0a5c25-30877c5d3be4e04bbe0cea5b96f396ce-e906483f93d1a8a1ffdf3614c173f368-10e041bf77caba3ecb0edb6c527e4a75,.zip,01-01-2015,12-31-2015,06-28-2016
776bd3c92382121929abca3efc65948e,China Petroleum & Chemical Corporation,United Kingdom of Great Britain and Northern Ireland,https://s3.us-east-2.amazonaws.com/rp-20-sources/mandatory-disclosure-report-776bd3c92382121929abca3efc65948e,.html,01-01-2018,12-31-2018
cf0f32727161a7b1edec1260a96d68c7,Cona Resources Limited,Canada,https://s3.us-east-2.amazonaws.com/rp-20-sources/mandatory-disclosure-reportcf0f32727161a7b1edec1260a96d68c7,.pdf,01-01-2016,12-31-2016,05-15-2017
9b991ec620bb6b1b84e75a812e16f94d,Corex Resources Limited,Canada,https://s3.us-east-2.amazonaws.com/rp-20-sources/mandatory-disclosure-report9b991ec620bb6b1b84e75a812e16f94d,.pdf,01-01-2016,12-31-2016,05-24-2017
9c283fe328f7a3571a182c58fd54bfbc,Cor4 Oil Corporation,Canada,https://s3.us-east-2.amazonaws.com/rp-20-sources/mandatory-disclosure-report9c283fe328f7a3571a182c58fd54bfbc,.pdf,01-01-2016,12-31-2016,05-26-2017
b9202fe1c0c26c2cd811a3e3328a95f5,Crescent Point Energy Corporation,Canada,https://s3.us-east-2.amazonaws.com/rp-20-sources/mandatory-disclosure-report-b9202fe1c0c26c2cd811a3e3328a95f5,.pdf,01-01-2016,12-31-2016,10-10-2018
464bb2906796cca8ecdd31135f4c4777,Dalradian Resources Incorporated,Canada,https://s3.us-east-2.amazonaws.com/rp-20-sources/mandatory-disclosure-report464bb2906796cca8ecdd31135f4c4777,.pdf,01-01-2017,12-31-2017,05-25-2018
6a2a6f3b4e8c48672a5dfe32e3da84e3,DNO ASA,Norway,https://s3.us-east-2.amazonaws.com/rp-20-sources/mandatory-disclosure-report6a2a6f3b4e8c48672a5dfe32e3da84e3,.pdf,01-01-2015,12-31-2015,05-20-2016
01f8acf2411b54c511e554e5ee8eb958,Eagle Energy Incorporated,Canada,https://s3.us-east-2.amazonaws.com/rp-20-sources/mandatory-disclosure-report01f8acf2411b54c511e554e5ee8eb958,.pdf,01-01-2016,12-31-2016,05-29-2017
7bca51926e2e12c925cc5898c81152d6,Dundee Corporation,Canada,https://s3.us-east-2.amazonaws.com/rp-20-sources/mandatory-disclosure-report-7bca51926e2e12c925cc5898c81152d6,.pdf,01-01-2016,12-31-2016,06-23-2017
6e68f1a41a3a15a72174c243d6819dfd,Eco Oro Minerals Corporation,Canada,https://s3.us-east-2.amazonaws.com/rp-20-sources/mandatory-disclosure-report6e68f1a41a3a15a72174c243d6819dfd,.pdf,01-01-2016,12-31-2016,05-19-2017
f443b154ce01f6b98d35d4de85f9e259,Americas Gold and Silver Corporation,Canada,https://s3.us-east-2.amazonaws.com/rp-20-sources/mandatory-disclosure-reportf443b154ce01f6b98d35d4de85f9e259,.pdf,01-01-2017,12-31-2017,05-30-2018
90acc81a435593db03f6997062854a14,ARC Resources Limited,Canada,https://s3.us-east-2.amazonaws.com/rp-20-sources/mandatory-disclosure-report90acc81a435593db03f6997062854a14,.pdf,01-01-2017,12-31-2017,05-16-2018
378914db0aac4cd7f4e0e0d892a57c45,Arena Minerals Incorporated,Canada,https://s3.us-east-2.amazonaws.com/rp-20-sources/mandatory-disclosure-report-378914db0aac4cd7f4e0e0d892a57c45,.xlsx,01-01-2018,12-31-2018,07-09-2019
2e11adabe981ea887e6be58a3d32dc9d,Aura Minerals Incorporated,Canada,https://s3.us-east-2.amazonaws.com/rp-20-sources/mandatory-disclosure-report2e11adabe981ea887e6be58a3d32dc9d,.pdf,01-01-2016,12-31-2016,05-30-2017
35d4dfdb6ef64a4856557b801eee5ce4,Bonterra Energy Corporation,Canada,https://s3.us-east-2.amazonaws.com/rp-20-sources/mandatory-disclosure-report-35d4dfdb6ef64a4856557b801eee5ce4,.pdf,01-01-2018,12-31-2018,03-18-2019
36faad97f1d505c82a21d72404a5899f,Canacol Energy Limited,Canada,https://s3.us-east-2.amazonaws.com/rp-20-sources/mandatory-disclosure-report36faad97f1d505c82a21d72404a5899f,.pdf,01-01-2016,12-31-2016,05-30-2017
a1b61107139c51fae42ac1a41c1f2022,Caspian Energy Incorporated,Canada,https://s3.us-east-2.amazonaws.com/rp-20-sources/mandatory-disclosure-report-a1b61107139c51fae42ac1a41c1f2022,.xlsx,01-01-2017,12-31-2017,05-04-2018
8b1768f1677ebd6d98f3ec2c8baffb0e-cbd5eaa673174807d821d0f0bfe12e1f-7d700f298d4367d8cfdaef0512bd1227-a0be3038c3e884e85e0927728cb69cde,Aggregate Industries UK Limited,United Kingdom of Great Britain and Northern Ireland,https://s3.us-east-2.amazonaws.com/rp-20-sources/mandatory-disclosure-report-8b1768f1677ebd6d98f3ec2c8baffb0e-cbd5eaa673174807d821d0f0bfe12e1f-7d700f298d4367d8cfdaef0512bd1227-a0be3038c3e884e85e0927728cb69cde,.zip,01-01-2018,12-31-2018,10-25-2019
e050a50b8b351fb1336c2fb4392b4b34,Aldridge Minerals Incorporated,Canada,https://s3.us-east-2.amazonaws.com/rp-20-sources/mandatory-disclosure-reporte050a50b8b351fb1336c2fb4392b4b34,.pdf,01-01-2017,12-31-2017,03-05-2018
5d3d552026c485e341b11610b8605a5d,Aldridge Minerals Incorporated,Canada,https://s3.us-east-2.amazonaws.com/rp-20-sources/mandatory-disclosure-report-5d3d552026c485e341b11610b8605a5d,.pdf,01-01-2018,12-31-2018,09-20-2019
e16b5dab953d9401bef12eac2395342a,Altamira Gold Corporation,Canada,https://s3.us-east-2.amazonaws.com/rp-20-sources/mandatory-disclosure-report-e16b5dab953d9401bef12eac2395342a,.pdf,03-01-2018,02-28-2019,07-30-2019
14b4b848532654cccdc3198cac6182a7,Americas Gold and Silver Corporation,Canada,https://s3.us-east-2.amazonaws.com/rp-20-sources/mandatory-disclosure-report14b4b848532654cccdc3198cac6182a7,.pdf,01-01-2016,12-31-2016,05-26-2017
c3aab652150de3660a01735a19eede3f,Angkor Gold Corporation,Canada,https://s3.us-east-2.amazonaws.com/rp-20-sources/mandatory-disclosure-reportc3aab652150de3660a01735a19eede3f,.pdf,08-01-2016,07-31-2017,05-29-2018
71fbb6303af6edc2fbb322592ab201da-19950b1f5d9cffffff4b587fb1933db3-0f58526fa20a21e78cbae88abef28528-7124854a9968045f5c95b07340172afc,Anglo American PLC,United Kingdom of Great Britain and Northern Ireland,https://s3.us-east-2.amazonaws.com/rp-20-sources/mandatory-disclosure-report-71fbb6303af6edc2fbb322592ab201da-19950b1f5d9cffffff4b587fb1933db3-0f58526fa20a21e78cbae88abef28528-7124854a9968045f5c95b07340172afc,.zip,01-01-2017,12-31-2017,07-02-2018
87467137f22d1c0716adfdd721ff1230,ArcelorMittal S.A.,Luxembourg,https://s3.us-east-2.amazonaws.com/rp-20-sources/mandatory-disclosure-report-87467137f22d1c0716adfdd721ff1230,.pdf,01-01-2018,12-31-2018
23c5bfd2bd094f5f099d88f7a45c57d0,Auryn Resources Incorporated,Canada,https://s3.us-east-2.amazonaws.com/rp-20-sources/mandatory-disclosure-report23c5bfd2bd094f5f099d88f7a45c57d0,.pdf,07-01-2015,12-31-2015,05-27-2016
0e14d323f1a4ac53ff07bdb028a6fad7,Barkerville Gold Mines Limited,Canada,https://s3.us-east-2.amazonaws.com/rp-20-sources/mandatory-disclosure-report0e14d323f1a4ac53ff07bdb028a6fad7,.pdf,01-01-2016,12-31-2016,05-30-2017
371081730d0101a14296a22a7aa16a35,Bayerngas GmbH,Germany,https://s3.us-east-2.amazonaws.com/rp-20-sources/mandatory-disclosure-report-371081730d0101a14296a22a7aa16a35,.html,01-01-2016,12-31-2016,01-29-2019
9d506ca4fcd765fa5c47a7edef637dfc,Baytex Energy Corporation,Canada,https://s3.us-east-2.amazonaws.com/rp-20-sources/mandatory-disclosure-report-9d506ca4fcd765fa5c47a7edef637dfc,.pdf,01-01-2018,12-31-2018,05-31-2019
fe913385b956def90fc7727331e9be71,Berkeley Energia Limited,United Kingdom of Great Britain and Northern Ireland,https://s3.us-east-2.amazonaws.com/rp-20-sources/mandatory-disclosure-report-fe913385b956def90fc7727331e9be71,.html,07-01-2018,06-30-2019,12-31-2019
596ae90d465188d20f361b70fcc2e252,Boliden AB,Sweden,https://s3.us-east-2.amazonaws.com/rp-20-sources/mandatory-disclosure-report-596ae90d465188d20f361b70fcc2e252,.pdf,01-01-2017,12-31-2017,07-01-2018
9b7974877e1049c8c402cefdca4e2a0c,Brio Gold Incorporated,Canada,https://s3.us-east-2.amazonaws.com/rp-20-sources/mandatory-disclosure-report-9b7974877e1049c8c402cefdca4e2a0c,.pdf,01-01-2018,05-23-2018,05-17-2019
b7d749d6c2c94b2356f6d70df8766f02-0ae65744cfe2dd18e429057b167280e3-5af0415468e8f7434b082acdc1ff4a3b-57f66173a2d67b624d867a2f5a88e1f8,Cadogan Petroleum plc,United Kingdom of Great Britain and Northern Ireland,https://s3.us-east-2.amazonaws.com/rp-20-sources/mandatory-disclosure-report-b7d749d6c2c94b2356f6d70df8766f02-0ae65744cfe2dd18e429057b167280e3-5af0415468e8f7434b082acdc1ff4a3b-57f66173a2d67b624d867a2f5a88e1f8,.zip,01-01-2015,12-31-2015,11-29-2016
744d50e028db2915a2970fdcc810abb1,Cairn Energy PLC,United Kingdom of Great Britain and Northern Ireland,https://s3.us-east-2.amazonaws.com/rp-20-sources/mandatory-disclosure-report-744d50e028db2915a2970fdcc810abb1,.html,01-01-2018,12-31-2018,06-12-2019
e6d9e074924a1ba98cc9c636e24ccf62,Calibre Mining Corporation,Canada,https://s3.us-east-2.amazonaws.com/rp-20-sources/mandatory-disclosure-report-e6d9e074924a1ba98cc9c636e24ccf62,.pdf,01-01-2018,12-31-2018,03-26-2019
59d209d0e132b05e0e441c480f5f020b,Canasil Resources Incorporated,Canada,https://s3.us-east-2.amazonaws.com/rp-20-sources/mandatory-disclosure-report-59d209d0e132b05e0e441c480f5f020b,.pdf,01-01-2018,12-31-2018,06-06-2019
dfd2dc9164a4894bb558473b45018d89,Canlin Energy Corporation,Canada,https://s3.us-east-2.amazonaws.com/rp-20-sources/mandatory-disclosure-reportdfd2dc9164a4894bb558473b45018d89,.pdf,01-01-2017,12-31-2017,05-30-2018
1bda31819e725394dd35628d8b41a222,Almadex Minerals Limited,Canada,https://s3.us-east-2.amazonaws.com/rp-20-sources/mandatory-disclosure-report-1bda31819e725394dd35628d8b41a222,.pdf,01-01-2018,12-31-2018,05-23-2019
736a72798bd81e774c954c9b74f46c50,Almonty Industries Incorporated,Canada,https://s3.us-east-2.amazonaws.com/rp-20-sources/mandatory-disclosure-report736a72798bd81e774c954c9b74f46c50,.pdf,10-01-2015,09-30-2016,02-17-2017
3a8fb9f62d30344b061fa9ff889112e2,Altus Strategies Plc,Canada,https://s3.us-east-2.amazonaws.com/rp-20-sources/mandatory-disclosure-report-3a8fb9f62d30344b061fa9ff889112e2,.pdf,01-01-2018,12-31-2018,05-06-2019
bd9f1f0a5a1fec98f9b51e25276b567d,Argonaut Gold Incorporated,Canada,https://s3.us-east-2.amazonaws.com/rp-20-sources/mandatory-disclosure-reportbd9f1f0a5a1fec98f9b51e25276b567d,.pdf,01-01-2017,12-31-2017,05-29-2018
836e6505bd424ae7a3c35d0de6a49199,Caltex Resources Limited,Canada,https://s3.us-east-2.amazonaws.com/rp-20-sources/mandatory-disclosure-report836e6505bd424ae7a3c35d0de6a49199,.pdf,01-01-2017,12-31-2017,05-22-2018
cc0f189396f3600f32d5290254429adb,Canadian Natural Resources Limited,Canada,https://s3.us-east-2.amazonaws.com/rp-20-sources/mandatory-disclosure-report-cc0f189396f3600f32d5290254429adb,.pdf,01-01-2018,12-31-2018,05-30-2019
a2efaadacae39b6f9140912ab0bd7d40,Canasil Resources Incorporated,Canada,https://s3.us-east-2.amazonaws.com/rp-20-sources/mandatory-disclosure-report-a2efaadacae39b6f9140912ab0bd7d40,.pdf,01-01-2016,12-31-2016,05-15-2017
1de60fee35d75afad66a535fa6dfde25,Caspian Energy Incorporated,Canada,https://s3.us-east-2.amazonaws.com/rp-20-sources/mandatory-disclosure-report-1de60fee35d75afad66a535fa6dfde25,.xlsx,01-01-2016,12-31-2016
03d0ece12cd1e65c60e7672b074995b4,Chevron Canada Limited,Canada,https://s3.us-east-2.amazonaws.com/rp-20-sources/mandatory-disclosure-report03d0ece12cd1e65c60e7672b074995b4,.pdf,01-01-2016,12-31-2016,05-24-2018
a15af5000c58491c3800faa0cf4fcc62,China Gold International Resources Corporation Limited,Canada,https://s3.us-east-2.amazonaws.com/rp-20-sources/mandatory-disclosure-reporta15af5000c58491c3800faa0cf4fcc62,.pdf,01-01-2016,12-31-2016,05-24-2017
dd91b595376b5eaf49b1a0e4edff229c,China Gold International Resources Corporation Limited,Canada,https://s3.us-east-2.amazonaws.com/rp-20-sources/mandatory-disclosure-reportdd91b595376b5eaf49b1a0e4edff229c,.pdf,01-01-2017,12-31-2017,05-28-2018
cad2eb72bb5867ba01a884003e2d5e7a,Clariant Produkte (Deutschland) GmbH,Germany,https://s3.us-east-2.amazonaws.com/rp-20-sources/mandatory-disclosure-report-cad2eb72bb5867ba01a884003e2d5e7a,.html,01-01-2016,12-31-2016,01-11-2019
fd632214deb9c7f358a26f8e15afa15e,Cona Resources Limited,Canada,https://s3.us-east-2.amazonaws.com/rp-20-sources/mandatory-disclosure-reportfd632214deb9c7f358a26f8e15afa15e,.pdf,01-01-2017,12-31-2017,05-22-2018
a0b6f6da23399b2e61d30263a4b2219b,Coro Mining Corporation,Canada,https://s3.us-east-2.amazonaws.com/rp-20-sources/mandatory-disclosure-reporta0b6f6da23399b2e61d30263a4b2219b,.pdf,01-01-2016,12-31-2016,05-30-2017
c990c18c17e925530fc1573103bf097d,Crew Energy Incorporated,Canada,https://s3.us-east-2.amazonaws.com/rp-20-sources/mandatory-disclosure-reportc990c18c17e925530fc1573103bf097d,.pdf,01-01-2017,12-31-2017,04-18-2018
12adec850862c2e83b6ddf59a4caabd0,Cement Roadstone Holdings Canada Group Incorporated,Canada,https://s3.us-east-2.amazonaws.com/rp-20-sources/mandatory-disclosure-report-12adec850862c2e83b6ddf59a4caabd0,.pdf,01-01-2018,12-31-2018,05-30-2019
c3ae9dd2f63aaf62b8d38ab135182206,Devon Canada Corporation,Canada,https://s3.us-east-2.amazonaws.com/rp-20-sources/mandatory-disclosure-reportc3ae9dd2f63aaf62b8d38ab135182206,.pdf,01-01-2017,12-31-2017,05-02-2018
0c9b59921bce6f05d1303d159f74c204,Entree Resources Limited,Canada,https://s3.us-east-2.amazonaws.com/rp-20-sources/mandatory-disclosure-report-0c9b59921bce6f05d1303d159f74c204,.pdf,01-01-2017,12-31-2017,05-23-2018
a713eda762a452e3770fa27383a7469a,Eurasian Resources Group,Luxembourg,https://s3.us-east-2.amazonaws.com/rp-20-sources/mandatory-disclosure-reporta713eda762a452e3770fa27383a7469a,.pdf,01-01-2016,12-31-2016
68850fdca6d1c73a42fd7e922d64664c,Eurasian Resources Group,Luxembourg,https://s3.us-east-2.amazonaws.com/rp-20-sources/mandatory-disclosure-report-68850fdca6d1c73a42fd7e922d64664c,.pdf,01-01-2017,12-31-2017,01-08-2019
3603361e9610ce173029eaa024fec84e,Eurasian Resources Group,Luxembourg,https://s3.us-east-2.amazonaws.com/rp-20-sources/mandatory-disclosure-report-3603361e9610ce173029eaa024fec84e,.pdf,01-01-2018,12-31-2018,01-07-2020
6e0ec9446943e90d2fb7c205d3cb2a06-5046c28528d5665d53ff7e63a4e6a85c-c6f0878574047ab5349d60fcb7c49864-75e817423b484cf67cfb3d1f69d41387,EVRAZ plc,United Kingdom of Great Britain and Northern Ireland,https://s3.us-east-2.amazonaws.com/rp-20-sources/mandatory-disclosure-report-6e0ec9446943e90d2fb7c205d3cb2a06-5046c28528d5665d53ff7e63a4e6a85c-c6f0878574047ab5349d60fcb7c49864-75e817423b484cf67cfb3d1f69d41387,.zip,01-01-2015,12-31-2015,08-17-2016
3cd6336502c970f20af7302ae3fb68dc,Fengro Industries Corporation,Canada,https://s3.us-east-2.amazonaws.com/rp-20-sources/mandatory-disclosure-report3cd6336502c970f20af7302ae3fb68dc,.pdf,10-01-2016,09-30-2017,04-12-2018
f04003915445320c7e94bf61a738d65e,China Petroleum & Chemical Corporation,United Kingdom of Great Britain and Northern Ireland,https://s3.us-east-2.amazonaws.com/rp-20-sources/mandatory-disclosure-reportf04003915445320c7e94bf61a738d65e,.html,01-01-2016,12-31-2016,06-30-2017
5f261aeaf711d041812b266d64d2d929,Chinook Energy Incorporated,Canada,https://s3.us-east-2.amazonaws.com/rp-20-sources/mandatory-disclosure-report-5f261aeaf711d041812b266d64d2d929,.pdf,01-01-2016,12-31-2016,01-28-2019
9dbb10b93a560d2e88b99d71a9e0a87f,Connacher Oil and Gas Limited,Canada,https://s3.us-east-2.amazonaws.com/rp-20-sources/mandatory-disclosure-report-9dbb10b93a560d2e88b99d71a9e0a87f,.pdf,01-01-2018,12-31-2018,05-07-2019
bd7681833c5f38bc379bac5bca98dc7b,Clariant Produkte (Deutschland) GmbH,Germany,https://s3.us-east-2.amazonaws.com/rp-20-sources/mandatory-disclosure-report-bd7681833c5f38bc379bac5bca98dc7b,.html,01-01-2017,12-31-2017,01-14-2019
54aa4227db3a354aabfeb15d74873f21,Continental Gold Incorporated,Canada,https://s3.us-east-2.amazonaws.com/rp-20-sources/mandatory-disclosure-report54aa4227db3a354aabfeb15d74873f21,.pdf,01-01-2017,12-31-2017,05-30-2018
1f5c079609c8c218018305cd7f43ece7,Compass Minerals Canada Corporation,Canada,https://s3.us-east-2.amazonaws.com/rp-20-sources/mandatory-disclosure-report1f5c079609c8c218018305cd7f43ece7,.pdf,01-01-2017,12-31-2017,05-31-2018
1ebc259ab85f6fa2e3c752e2e2ececac,Endeavour Mining Corporation,Canada,https://s3.us-east-2.amazonaws.com/rp-20-sources/mandatory-disclosure-report1ebc259ab85f6fa2e3c752e2e2ececac,.pdf,01-01-2017,12-31-2017,05-30-2018
e5692fac6c9dd504d3eb768d1ebd0cd1,Eramet S.A.,France,https://s3.us-east-2.amazonaws.com/rp-20-sources/mandatory-disclosure-reporte5692fac6c9dd504d3eb768d1ebd0cd1,.pdf,01-01-2016,12-31-2016,05-23-2017
737a60478feec838ead68322799abfa0,Engie S.A.,France,https://s3.us-east-2.amazonaws.com/rp-20-sources/mandatory-disclosure-report-737a60478feec838ead68322799abfa0,.pdf,01-01-2015,12-31-2015
b3523b42f3589f4a3b06d98d0b59e081-0f8ea4085e1f8555e9c7d6ee0d415e38-49e5f825e12c27fa183558fba545905a-b637c3b7bf976ef028bd6b45735282db,EVRAZ plc,United Kingdom of Great Britain and Northern Ireland,https://s3.us-east-2.amazonaws.com/rp-20-sources/mandatory-disclosure-report-b3523b42f3589f4a3b06d98d0b59e081-0f8ea4085e1f8555e9c7d6ee0d415e38-49e5f825e12c27fa183558fba545905a-b637c3b7bf976ef028bd6b45735282db,.zip,01-01-2018,12-31-2018,07-12-2019
630a726c7bb8bb7343ea50f4d76e3708,Midland Exploration Incorporated,Canada,https://s3.us-east-2.amazonaws.com/rp-20-sources/mandatory-disclosure-report-630a726c7bb8bb7343ea50f4d76e3708,.pdf,10-01-2018,09-30-2019,02-25-2020
b8b1baea39214797ffbce59d2c25d3ea,Equinox Gold Corporation,Canada,https://s3.us-east-2.amazonaws.com/rp-20-sources/mandatory-disclosure-reportb8b1baea39214797ffbce59d2c25d3ea,.pdf,01-01-2017,12-31-2017,05-30-2018
e7f470355d51fd663d44ea39ade69e28,Ero Copper Corporation,Canada,https://s3.us-east-2.amazonaws.com/rp-20-sources/mandatory-disclosure-reporte7f470355d51fd663d44ea39ade69e28,.pdf,01-01-2017,12-31-2017,05-29-2018
3ab6708ea9096063526c9fad15676116,Freegold Ventures Limited,Canada,https://s3.us-east-2.amazonaws.com/rp-20-sources/mandatory-disclosure-report3ab6708ea9096063526c9fad15676116,.pdf,01-01-2016,12-31-2016,05-18-2017
8f409882e4d508dcc513ea2e13ce9018,Freegold Ventures Limited,Canada,https://s3.us-east-2.amazonaws.com/rp-20-sources/mandatory-disclosure-report-8f409882e4d508dcc513ea2e13ce9018,.pdf,01-01-2018,12-31-2018,04-23-2019
24ba2023d833895ccdca4b03d088eae6,First Majestic Silver Corporation,Canada,https://s3.us-east-2.amazonaws.com/rp-20-sources/mandatory-disclosure-report-24ba2023d833895ccdca4b03d088eae6,.pdf,01-01-2018,12-31-2018,05-24-2019
7fefa0be5b154680743fc5ce3918788e,First Mining Gold Corporation,Canada,https://s3.us-east-2.amazonaws.com/rp-20-sources/mandatory-disclosure-report-7fefa0be5b154680743fc5ce3918788e,.pdf,01-01-2018,12-31-2018,05-27-2019
b1e6bedead420c916b677ccce963cbef,Holcim (Suddeutschland) GmbH,Germany,https://s3.us-east-2.amazonaws.com/rp-20-sources/mandatory-disclosure-report-b1e6bedead420c916b677ccce963cbef,.html,01-01-2017,12-31-2017,06-27-2018
e4e92296b503a3df546fe22b87fb6da0,Galp Energia,Portugal,https://s3.us-east-2.amazonaws.com/rp-20-sources/mandatory-disclosure-report-e4e92296b503a3df546fe22b87fb6da0,.pdf,01-01-2018,12-31-2018
6fd2508ae333af6d70d0e529869a5c60,Dalradian Resources Incorporated,Canada,https://s3.us-east-2.amazonaws.com/rp-20-sources/mandatory-disclosure-report6fd2508ae333af6d70d0e529869a5c60,.pdf,01-01-2016,12-31-2016,05-29-2017
c82a818884eb9172253c3c7af61ab344,Crown Point Energy Incorporated,Canada,https://s3.us-east-2.amazonaws.com/rp-20-sources/mandatory-disclosure-report-c82a818884eb9172253c3c7af61ab344,.pdf,01-01-2018,12-31-2018,05-29-2019
448878dd5376ec4fa3e9a9098b7df2f4,Detour Gold Corporation,Canada,https://s3.us-east-2.amazonaws.com/rp-20-sources/mandatory-disclosure-report-448878dd5376ec4fa3e9a9098b7df2f4,.pdf,01-01-2018,12-31-2018,04-25-2019
21c44d20c98be8b990bb44241dba44f6,Ember Resources Incorporated,Canada,https://s3.us-east-2.amazonaws.com/rp-20-sources/mandatory-disclosure-report21c44d20c98be8b990bb44241dba44f6,.pdf,01-01-2016,12-31-2016,03-18-2017
29528f31e26d53dcc964ecbc4d28f415,EMX Royalty Corporation,Canada,https://s3.us-east-2.amazonaws.com/rp-20-sources/mandatory-disclosure-report-29528f31e26d53dcc964ecbc4d28f415,.pdf,01-01-2018,12-31-2018,05-30-2019
6fc096a84567238afa7e5d1f7ddf7a7f,Enerplus Corporation,Canada,https://s3.us-east-2.amazonaws.com/rp-20-sources/mandatory-disclosure-report-6fc096a84567238afa7e5d1f7ddf7a7f,.pdf,01-01-2018,12-31-2018,05-27-2019
2925342d9212e66efe7867034489d652,Excellon Resources Incorporated,Canada,https://s3.us-east-2.amazonaws.com/rp-20-sources/mandatory-disclosure-report-2925342d9212e66efe7867034489d652,.pdf,01-01-2018,12-31-2018,05-30-2019
7c79bba178793f43edc3c4bb077e9608,ExxonMobil Canada Investments Company,Canada,https://s3.us-east-2.amazonaws.com/rp-20-sources/mandatory-disclosure-report-7c79bba178793f43edc3c4bb077e9608,.pdf,12-01-2015,11-30-2016,04-24-2017
60f442d78dbf9b66b621477bf8a92a3e-91e4d2e28b94e4e68389b68afafcdba9-c55682b382969a513de9e48d801f1e76-c1c53849c64d948b038e9dc1d1812e22,Equion Energia Limited,United Kingdom of Great Britain and Northern Ireland,https://s3.us-east-2.amazonaws.com/rp-20-sources/mandatory-disclosure-report60f442d78dbf9b66b621477bf8a92a3e-91e4d2e28b94e4e68389b68afafcdba9-c55682b382969a513de9e48d801f1e76-c1c53849c64d948b038e9dc1d1812e22,.zip,01-01-2015,12-31-2015,10-31-2016
da2e6c96475779ab357f259ee33c2824,ERLUS AG,Germany,https://s3.us-east-2.amazonaws.com/rp-20-sources/mandatory-disclosure-report-da2e6c96475779ab357f259ee33c2824,.html,01-01-2017,12-31-2017,09-11-2019
6e477f2115c4fbf1a56d79ec0b4fd6ed,Franco-Nevada Corporation,Canada,https://s3.us-east-2.amazonaws.com/rp-20-sources/mandatory-disclosure-report6e477f2115c4fbf1a56d79ec0b4fd6ed,.pdf,01-01-2017,12-31-2017,05-30-2018
77710f4b88b2bc49ab63569f58fe669c,ERLUS AG,Germany,https://s3.us-east-2.amazonaws.com/rp-20-sources/mandatory-disclosure-report-77710f4b88b2bc49ab63569f58fe669c,.html,01-01-2016,12-31-2016,01-09-2019
7472c40dcb4cc551e6b3fb8a151f0b1d,Etablissements Maurel & Prom S.A.,France,https://s3.us-east-2.amazonaws.com/rp-20-sources/mandatory-disclosure-report7472c40dcb4cc551e6b3fb8a151f0b1d,.pdf,01-01-2015,12-31-2015,04-26-2016
0c7fbae11994a9704b2f62927fe5fb09,Gebruder Dorfner GmbH & Co. Kaolin- und Kristallquarzsand-Werke KG,Germany,https://s3.us-east-2.amazonaws.com/rp-20-sources/mandatory-disclosure-report-0c7fbae11994a9704b2f62927fe5fb09,.html,01-01-2017,12-31-2017,11-05-2018
c138018e1db57e8b46a241d44b6f7d23,Fission 3.0 Corporation,Canada,https://s3.us-east-2.amazonaws.com/rp-20-sources/mandatory-disclosure-report-c138018e1db57e8b46a241d44b6f7d23,.pdf,07-01-2017,06-30-2018,11-27-2018
3220cb4e629e7854b08ccda65c9d424b,Avino Silver and Gold Mines Limited,Canada,https://s3.us-east-2.amazonaws.com/rp-20-sources/mandatory-disclosure-report3220cb4e629e7854b08ccda65c9d424b,.pdf,01-01-2016,12-31-2016,05-30-2017
200f83830441d4f4c0b5673a738808b8,Astra Oil Corporation,Canada,https://s3.us-east-2.amazonaws.com/rp-20-sources/mandatory-disclosure-report-200f83830441d4f4c0b5673a738808b8,.pdf,01-01-2018,12-31-2018,05-17-2019
b48edacaaed08a4499d77c9840e27a54,Azimut Exploration Incorporated,Canada,https://s3.us-east-2.amazonaws.com/rp-20-sources/mandatory-disclosure-report-b48edacaaed08a4499d77c9840e27a54,.pdf,09-01-2017,08-31-2018,01-06-2019
d464eb1a8f906717d68a34c8375dbad1,Barrick Gold Corporation,Canada,https://s3.us-east-2.amazonaws.com/rp-20-sources/mandatory-disclosure-reportd464eb1a8f906717d68a34c8375dbad1,.pdf,01-01-2017,12-31-2017,05-30-2018
056e9177aa810888c41ad60d3aaa3f2f,BEB Erdgas und Erdol GmbH and Company KG,Germany,https://s3.us-east-2.amazonaws.com/rp-20-sources/mandatory-disclosure-report-056e9177aa810888c41ad60d3aaa3f2f,.html,01-01-2017,12-31-2017,12-19-2018
55fd4aa5176249d3b6eb9d3c128e0e6d,Berkeley Energia Limited,United Kingdom of Great Britain and Northern Ireland,https://s3.us-east-2.amazonaws.com/rp-20-sources/mandatory-disclosure-report-55fd4aa5176249d3b6eb9d3c128e0e6d,.html,06-30-2017,06-30-2018,12-28-2018
61ec1935374fe0387d6b03f2e5208c18,Blackspur Oil Corporation,Canada,https://s3.us-east-2.amazonaws.com/rp-20-sources/mandatory-disclosure-report-61ec1935374fe0387d6b03f2e5208c18,.pdf,01-01-2018,12-31-2018,05-27-2019
033dea99ec76fcf7d69c0cce58909108,Cardinal Energy Limited,Canada,https://s3.us-east-2.amazonaws.com/rp-20-sources/mandatory-disclosure-report-033dea99ec76fcf7d69c0cce58909108,.pdf,01-01-2018,12-31-2018
472b26b8e0c28e6fe544881c7862f645,Africa Oil Corporation,Canada,https://s3.us-east-2.amazonaws.com/rp-20-sources/mandatory-disclosure-report-472b26b8e0c28e6fe544881c7862f645,.pdf,01-01-2018,12-31-2018,04-03-2019
ce3c479f842745e442c88b969f6f9acc,Agnico Eagle Mines Limited,Canada,https://s3.us-east-2.amazonaws.com/rp-20-sources/mandatory-disclosure-report-ce3c479f842745e442c88b969f6f9acc,.pdf,01-01-2018,12-31-2018,05-30-2019
2c760da3c6eaeef1e5d92f8bbbcdad5e,Alphabow Energy Limited,Canada,https://s3.us-east-2.amazonaws.com/rp-20-sources/mandatory-disclosure-report-2c760da3c6eaeef1e5d92f8bbbcdad5e,.pdf,01-01-2018,12-31-2018,05-23-2019
7d3fdd937beea11f43d85bc8f8d0361b,Aquila Resources Incorporated,Canada,https://s3.us-east-2.amazonaws.com/rp-20-sources/mandatory-disclosure-report7d3fdd937beea11f43d85bc8f8d0361b,.pdf,01-01-2017,12-31-2017,05-31-2018
2acafeb7aba0eba27065bcc0c66ec5f0,Argonaut Gold Incorporated,Canada,https://s3.us-east-2.amazonaws.com/rp-20-sources/mandatory-disclosure-report-2acafeb7aba0eba27065bcc0c66ec5f0,.pdf,01-01-2018,12-31-2018,05-29-2019
c81dff5bb1dbded33e304fa1e5d895c4,Ascendant Resources Incorporated,Canada,https://s3.us-east-2.amazonaws.com/rp-20-sources/mandatory-disclosure-report-c81dff5bb1dbded33e304fa1e5d895c4,.pdf,01-01-2018,12-31-2018,05-08-2019
3105facaff92300d7a7726b483724bdc,Aspenleaf Energy Limited,Canada,https://s3.us-east-2.amazonaws.com/rp-20-sources/mandatory-disclosure-report-3105facaff92300d7a7726b483724bdc,.pdf,01-01-2018,12-31-2018,05-31-2019
01f4a890e13d84a3be6e20b5734e052a,Aura Minerals Incorporated,Canada,https://s3.us-east-2.amazonaws.com/rp-20-sources/mandatory-disclosure-report-01f4a890e13d84a3be6e20b5734e052a,.pdf,01-01-2018,12-31-2018,05-30-2019
40fa7e1ea66b87a065487d57c27ac085,Aurcana Corporation,Canada,https://s3.us-east-2.amazonaws.com/rp-20-sources/mandatory-disclosure-report-40fa7e1ea66b87a065487d57c27ac085,.pdf,01-01-2018,12-31-2018,03-15-2019
72acb526b14f291c1c815962794dfaae,Banro Corporation,Canada,https://s3.us-east-2.amazonaws.com/rp-20-sources/mandatory-disclosure-report72acb526b14f291c1c815962794dfaae,.pdf,01-01-2017,12-31-2017,05-30-2018
959da88cdd1b01171730facc53bc10cc-2e842b3377eac58efab7f3e8ab07264c-db5686d4230ab294bb0b5d30d7ba3ea5-de0a45272e1471e851b807deaadc0657,BG Group plc,United Kingdom of Great Britain and Northern Ireland,https://s3.us-east-2.amazonaws.com/rp-20-sources/mandatory-disclosure-report959da88cdd1b01171730facc53bc10cc-2e842b3377eac58efab7f3e8ab07264c-db5686d4230ab294bb0b5d30d7ba3ea5-de0a45272e1471e851b807deaadc0657,.zip,01-01-2015,12-31-2015,06-27-2016
53a3b4897d3eb1bcf7dfc1cb5d727168,Bonavista Energy Corporation,Canada,https://s3.us-east-2.amazonaws.com/rp-20-sources/mandatory-disclosure-report-53a3b4897d3eb1bcf7dfc1cb5d727168,.pdf,01-01-2018,12-31-2018,05-29-2019
47ddc1e6bb495d87eefc9ba92635654d-c4514e40b3b0dc14a9c5c40db3e28621-66586f31993c296feb0359afbee6198f-57768f8f6147339e26d5c26e4d103edc,Burlington Resources (Irish Sea) Limited,United Kingdom of Great Britain and Northern Ireland,https://s3.us-east-2.amazonaws.com/rp-20-sources/mandatory-disclosure-report-47ddc1e6bb495d87eefc9ba92635654d-c4514e40b3b0dc14a9c5c40db3e28621-66586f31993c296feb0359afbee6198f-57768f8f6147339e26d5c26e4d103edc,.zip,01-01-2017,12-31-2017,11-08-2018
1ce73929c5156a8c0e1ef50095247a51,Agrium Incorporated,Canada,https://s3.us-east-2.amazonaws.com/rp-20-sources/mandatory-disclosure-report1ce73929c5156a8c0e1ef50095247a51,.pdf,01-01-2016,12-31-2016,05-26-2017
72b876d847bdb136bf51d576d2ab75fd,Amerigo Resources Limited,Canada,https://s3.us-east-2.amazonaws.com/rp-20-sources/mandatory-disclosure-report72b876d847bdb136bf51d576d2ab75fd,.pdf,01-01-2016,12-31-2016,05-17-2017
5dd7e26060dd282ea73f08fb62620161-b60284b14f7dc2a24dac0024e7bdef5e-5a3b88353de1e7ee65e51ef73c4f4e6f-a41e2b563468216347afe0f296496294,Anglo American PLC,United Kingdom of Great Britain and Northern Ireland,https://s3.us-east-2.amazonaws.com/rp-20-sources/mandatory-disclosure-report-5dd7e26060dd282ea73f08fb62620161-b60284b14f7dc2a24dac0024e7bdef5e-5a3b88353de1e7ee65e51ef73c4f4e6f-a41e2b563468216347afe0f296496294,.zip,01-01-2016,12-31-2016,06-30-2017
51e9c572bc707eb71de164b68e223baf-a654bf0d3e391318389d15282dcf57e3-2375ae6fd93ea823b6cd8441d0cc496b-6e2ef1e2ef46a5a03e2b0eafc05a7c99,Anglo Asian Mining Plc,United Kingdom of Great Britain and Northern Ireland,https://s3.us-east-2.amazonaws.com/rp-20-sources/mandatory-disclosure-report-51e9c572bc707eb71de164b68e223baf-a654bf0d3e391318389d15282dcf57e3-2375ae6fd93ea823b6cd8441d0cc496b-6e2ef1e2ef46a5a03e2b0eafc05a7c99,.zip,01-01-2017,12-31-2017,10-24-2018
936798ec7267849ed18fc0fb4e6c3de2,Aquila Resources Incorporated,Canada,https://s3.us-east-2.amazonaws.com/rp-20-sources/mandatory-disclosure-report936798ec7267849ed18fc0fb4e6c3de2,.pdf,01-01-2016,12-31-2016,05-30-2017
7462c3f8144762f420bf98895a0b32a0,Black Swan Energy Limited,Canada,https://s3.us-east-2.amazonaws.com/rp-20-sources/mandatory-disclosure-report-7462c3f8144762f420bf98895a0b32a0,.pdf,01-01-2017,12-31-2017,06-10-2019
1c1fd56407b67467b829bd85fffd9f8c,Bonterra Energy Corporation,Canada,https://s3.us-east-2.amazonaws.com/rp-20-sources/mandatory-disclosure-report1c1fd56407b67467b829bd85fffd9f8c,.pdf,01-01-2016,12-31-2016,03-14-2017
61ff46c60289fddf9398c4d86614e3af,Boulder Energy Limited,Canada,https://s3.us-east-2.amazonaws.com/rp-20-sources/mandatory-disclosure-report61ff46c60289fddf9398c4d86614e3af,.pdf,01-01-2017,12-31-2017,05-17-2018
09d67f53bccf2c194d1e51936a2ace14,Buchans Resources Limited,Canada,https://s3.us-east-2.amazonaws.com/rp-20-sources/mandatory-disclosure-report-09d67f53bccf2c194d1e51936a2ace14,.pdf,01-01-2018,12-31-2018,05-31-2019
eb8cea02fe133295b3caab923747f5ff,Hammerhead Resources Incorporated,Canada,https://s3.us-east-2.amazonaws.com/rp-20-sources/mandatory-disclosure-report-eb8cea02fe133295b3caab923747f5ff,.pdf,01-01-2016,12-31-2016,05-29-2017
9d2c66873d67dd662c225ec27d9e842e,A.P. Moller-Maersk Group,Denmark,https://s3.us-east-2.amazonaws.com/rp-20-sources/mandatory-disclosure-report9d2c66873d67dd662c225ec27d9e842e,.html,01-01-2016,12-31-2016
d79dd11ac883a66e1d567e58455f08b3,Alamos Gold Incorporated,Canada,https://s3.us-east-2.amazonaws.com/rp-20-sources/mandatory-disclosure-reportd79dd11ac883a66e1d567e58455f08b3,.pdf,01-01-2016,12-31-2016,05-29-2017
844c2e941fb316faa696e8ac60af54e9,Alio Gold Incorporated,Canada,https://s3.us-east-2.amazonaws.com/rp-20-sources/mandatory-disclosure-report-844c2e941fb316faa696e8ac60af54e9,.pdf,01-01-2018,12-31-2018,12-23-2019
35af49b0007eef13a93007b5391a4113,Bear Creek Mining Corporation,Canada,https://s3.us-east-2.amazonaws.com/rp-20-sources/mandatory-disclosure-report-35af49b0007eef13a93007b5391a4113,.pdf,01-01-2017,12-31-2017,06-01-2018
b0b3a2d05b48682842d95ae85f4fbe58,Caltex Resources Limited,Canada,https://s3.us-east-2.amazonaws.com/rp-20-sources/mandatory-disclosure-reportb0b3a2d05b48682842d95ae85f4fbe58,.pdf,01-01-2016,12-31-2016,05-29-2017
7b3e3c306642901bbff865aa18a05658,Canadian Spirit Resources Incorporated,Canada,https://s3.us-east-2.amazonaws.com/rp-20-sources/mandatory-disclosure-report7b3e3c306642901bbff865aa18a05658,.pdf,01-01-2016,12-31-2016,05-29-2017
0470ae5b40b24ae9a65b6a21fc76b4bb,Cementir Holding S.p.A.,Italy,https://s3.us-east-2.amazonaws.com/rp-20-sources/mandatory-disclosure-report0470ae5b40b24ae9a65b6a21fc76b4bb,.pdf,01-01-2017,12-31-2017,06-28-2018
fcd32527ef468aac8664628bc41435c6,Aalborg Portland Holding A/S,Denmark,https://s3.us-east-2.amazonaws.com/rp-20-sources/mandatory-disclosure-report-fcd32527ef468aac8664628bc41435c6,.pdf,01-01-2016,12-31-2016,04-18-2017
56dc07dfedec1971f4c39deb4654183d,A.P. Moller-Maersk Group,Denmark,https://s3.us-east-2.amazonaws.com/rp-20-sources/mandatory-disclosure-report-56dc07dfedec1971f4c39deb4654183d,.pdf,01-01-2018,12-31-2018
f66d9ae17259b4ba1cf91067f94e4bcc,Anglesey Mining plc,United Kingdom of Great Britain and Northern Ireland,https://s3.us-east-2.amazonaws.com/rp-20-sources/mandatory-disclosure-reportf66d9ae17259b4ba1cf91067f94e4bcc,.html,04-01-2016,03-31-2017,07-30-2017
7b48c89fb0e87d708e495e2decb24c6d-6a2137d10ab9cc8915535fdae361df94-d566cdf18fdbf4f2a2b2b16fff788941-46b036b65a122b872703861b2d8ef421,Anglo Asian Mining Plc,United Kingdom of Great Britain and Northern Ireland,https://s3.us-east-2.amazonaws.com/rp-20-sources/mandatory-disclosure-report-7b48c89fb0e87d708e495e2decb24c6d-6a2137d10ab9cc8915535fdae361df94-d566cdf18fdbf4f2a2b2b16fff788941-46b036b65a122b872703861b2d8ef421,.zip,01-01-2016,12-31-2016,05-22-2018
ccfd26502bd9dc2a958d5adc2699ed8c,ArcelorMittal S.A.,Luxembourg,https://s3.us-east-2.amazonaws.com/rp-20-sources/mandatory-disclosure-reportccfd26502bd9dc2a958d5adc2699ed8c,.pdf,01-01-2017,12-31-2017,06-20-2018
e36cc4d28bae1c42cfa8faefca43c5b1,Atalaya Mining Proprietary Limited Company,Cyprus,https://s3.us-east-2.amazonaws.com/rp-20-sources/mandatory-disclosure-report-e36cc4d28bae1c42cfa8faefca43c5b1,.pdf,01-01-2016,12-31-2016
272a94d410583571e168a91d5f840ef5,Atico Mining Corporation,Canada,https://s3.us-east-2.amazonaws.com/rp-20-sources/mandatory-disclosure-report272a94d410583571e168a91d5f840ef5,.pdf,01-01-2017,12-31-2017,05-29-2018
3e0bff89802cbbdb75250caf33ebec0f,Baffinland Iron Mines Corporation,Canada,https://s3.us-east-2.amazonaws.com/rp-20-sources/mandatory-disclosure-report3e0bff89802cbbdb75250caf33ebec0f,.pdf,01-01-2016,12-31-2016,05-30-2017
223c94e876eb0ac3b64a89d71d9efade,Barrick Gold Corporation,Canada,https://s3.us-east-2.amazonaws.com/rp-20-sources/mandatory-disclosure-report-223c94e876eb0ac3b64a89d71d9efade,.pdf,01-01-2018,12-31-2018,05-29-2019
aff8a3f0492ba4d47699869059f789e7,Bernhard Glueck Kies-Sand-Hartsteinsplitt GmbH,Germany,https://s3.us-east-2.amazonaws.com/rp-20-sources/mandatory-disclosure-report-aff8a3f0492ba4d47699869059f789e7,.html,04-01-2017,03-31-2018
e1c200326143dffdb6a7ac40a7838be6,Bernhard Glueck Kies-Sand-Hartsteinsplitt GmbH,Germany,https://s3.us-east-2.amazonaws.com/rp-20-sources/mandatory-disclosure-report-e1c200326143dffdb6a7ac40a7838be6,.html,04-01-2016,03-31-2017,04-09-2018
c14cfce7aedbf0080940ef65f8219ef2,Birchcliff Energy Limited,Canada,https://s3.us-east-2.amazonaws.com/rp-20-sources/mandatory-disclosure-reportc14cfce7aedbf0080940ef65f8219ef2,.pdf,01-01-2017,12-31-2017,05-25-2018
b8510c9969c17ec5730670e7e224f831,Black Swan Energy Limited,Canada,https://s3.us-east-2.amazonaws.com/rp-20-sources/mandatory-disclosure-report-b8510c9969c17ec5730670e7e224f831,.pdf,01-01-2018,12-31-2018,05-29-2019
a6227b37cb8354c160b3a385ea834a3b,BNK Petroleum Incorporated,Canada,https://s3.us-east-2.amazonaws.com/rp-20-sources/mandatory-disclosure-reporta6227b37cb8354c160b3a385ea834a3b,.pdf,01-01-2017,12-31-2017,05-31-2018
c7a93acbfad25002245b21423625a7c8,Caledonia Mining Corporation plc,Canada,https://s3.us-east-2.amazonaws.com/rp-20-sources/mandatory-disclosure-report-c7a93acbfad25002245b21423625a7c8,.pdf,01-01-2018,12-31-2018,05-31-2019
407b3603043d3b616444e86c96a58289,Acron Group,United Kingdom of Great Britain and Northern Ireland,https://s3.us-east-2.amazonaws.com/rp-20-sources/mandatory-disclosure-report407b3603043d3b616444e86c96a58289,.pdf,01-01-2015,12-31-2015,06-01-2016
061d2d7a7680a4289f5479484a5f267d,Advantage Oil and Gas Limited,Canada,https://s3.us-east-2.amazonaws.com/rp-20-sources/mandatory-disclosure-report061d2d7a7680a4289f5479484a5f267d,.pdf,01-01-2016,12-31-2016,05-29-2017
15fb1ff5767f32ad60e5847be92a1488,Altura Energy Incorporated,Canada,https://s3.us-east-2.amazonaws.com/rp-20-sources/mandatory-disclosure-report15fb1ff5767f32ad60e5847be92a1488,.pdf,01-01-2016,12-31-2016,05-24-2017
1fbc0f401a358c1344a43f3b92c0f13a-41f787db5ae6415c25be52f8bc5f1f98-a150e3fda1769f2dcd07a6c60519eae9-8364491a7f815cd4821b37261fc6e056,Antofagasta PLC,United Kingdom of Great Britain and Northern Ireland,https://s3.us-east-2.amazonaws.com/rp-20-sources/mandatory-disclosure-report1fbc0f401a358c1344a43f3b92c0f13a-41f787db5ae6415c25be52f8bc5f1f98-a150e3fda1769f2dcd07a6c60519eae9-8364491a7f815cd4821b37261fc6e056,.zip,01-01-2015,12-31-2015,11-25-2016
0244f5500a4133f418e573d9f669857a,Aurion Resources Limited,Canada,https://s3.us-east-2.amazonaws.com/rp-20-sources/mandatory-disclosure-report0244f5500a4133f418e573d9f669857a,.pdf,01-01-2016,12-31-2016,05-29-2017
3520ba6a870d2207cf74586a66c563d3,Canadian Non-Operated Resources Limited Partnership,Canada,https://s3.us-east-2.amazonaws.com/rp-20-sources/mandatory-disclosure-report3520ba6a870d2207cf74586a66c563d3,.pdf,01-01-2016,12-31-2016,05-30-2018
0240855bd00667712e561b83fa97481b,Capstone Mining Corporation,Canada,https://s3.us-east-2.amazonaws.com/rp-20-sources/mandatory-disclosure-report0240855bd00667712e561b83fa97481b,.pdf,01-01-2016,12-31-2016,05-05-2017
0bda7266c212a60b148a9dad9e951f23,CEMEX Deutschland AG,Germany,https://s3.us-east-2.amazonaws.com/rp-20-sources/mandatory-disclosure-report-0bda7266c212a60b148a9dad9e951f23,.html,01-01-2016,12-31-2016,05-10-2019
c7a4ce5024818965e6d0cdf3487d578c,A.P. Moller-Maersk Group,Denmark,https://s3.us-east-2.amazonaws.com/rp-20-sources/mandatory-disclosure-reportc7a4ce5024818965e6d0cdf3487d578c,.html,01-01-2017,12-31-2017
f80f0566c92233dc7b708bc5e3bd289c,Aethon Minerals Corporation,Canada,https://s3.us-east-2.amazonaws.com/rp-20-sources/mandatory-disclosure-report-f80f0566c92233dc7b708bc5e3bd289c,.pdf,12-01-2017,12-31-2018,05-30-2019
a54a90b4883a9d773968f21b1c36830d,Almaden Minerals Limited,Canada,https://s3.us-east-2.amazonaws.com/rp-20-sources/mandatory-disclosure-reporta54a90b4883a9d773968f21b1c36830d,.pdf,01-01-2016,12-31-2016,05-17-2017
f36df545c52456ac0d095d7e814020a4-1491f7c2c61c6c8f94828d245149e06f-4ccfe71ad0068013988e4e4f1fe44cac-94b602926a012ae907e5ddfa395dbb49,Anglo American PLC,United Kingdom of Great Britain and Northern Ireland,https://s3.us-east-2.amazonaws.com/rp-20-sources/mandatory-disclosure-reportf36df545c52456ac0d095d7e814020a4-1491f7c2c61c6c8f94828d245149e06f-4ccfe71ad0068013988e4e4f1fe44cac-94b602926a012ae907e5ddfa395dbb49,.zip,01-01-2015,12-31-2015,06-30-2016
e2017d232dcb821aad4f59256db2c161-027affbb9794a236cfd25bc637c1e1c9-61d90962e1736a36a4d976915f0358f7-e89d63f6bccb04e1c529b97cf84b81e0,Apache North Sea Production Limited,United Kingdom of Great Britain and Northern Ireland,https://s3.us-east-2.amazonaws.com/rp-20-sources/mandatory-disclosure-report-e2017d232dcb821aad4f59256db2c161-027affbb9794a236cfd25bc637c1e1c9-61d90962e1736a36a4d976915f0358f7-e89d63f6bccb04e1c529b97cf84b81e0,.zip,01-01-2018,12-31-2018,11-29-2019
a49f83066ea0ee1ee849ee17b85a31ac,Azucar Minerals Limited,Canada,https://s3.us-east-2.amazonaws.com/rp-20-sources/mandatory-disclosure-report-a49f83066ea0ee1ee849ee17b85a31ac,.pdf,01-01-2016,12-31-2016,05-17-2017
4c02c8000e1d9e273cd73438db44e79e,B2Gold Corporation,Canada,https://s3.us-east-2.amazonaws.com/rp-20-sources/mandatory-disclosure-report4c02c8000e1d9e273cd73438db44e79e,.pdf,01-01-2017,12-31-2017,05-30-2018
4e675292bbcf75dd639a6627619556b3,Barrick Gold (Holdings) Limited (formerly Randgold Resources Limited),United Kingdom of Great Britain and Northern Ireland,https://s3.us-east-2.amazonaws.com/rp-20-sources/mandatory-disclosure-report-4e675292bbcf75dd639a6627619556b3,.pdf,01-01-2018,12-31-2018
1296676b9af303817d8b6aa1db6f685e,Bayerngas GmbH,Germany,https://s3.us-east-2.amazonaws.com/rp-20-sources/mandatory-disclosure-report-1296676b9af303817d8b6aa1db6f685e,.html,01-01-2017,12-31-2017,10-31-2018
4f963ea774d5c499b4ac824c31d0874f-398c41fb81eb28dd85b12d3cd1cf1900-91afb43b68fec464baf90e928a5e1f8d-9b9bb82ba9d848856fcb038dbe674c58,Bisichi PLC,United Kingdom of Great Britain and Northern Ireland,https://s3.us-east-2.amazonaws.com/rp-20-sources/mandatory-disclosure-report4f963ea774d5c499b4ac824c31d0874f-398c41fb81eb28dd85b12d3cd1cf1900-91afb43b68fec464baf90e928a5e1f8d-9b9bb82ba9d848856fcb038dbe674c58,.zip,01-01-2016,12-31-2016,06-29-2017
f3152f6d96efdb07eddbf2254c16146a,Canacol Energy Limited,Canada,https://s3.us-east-2.amazonaws.com/rp-20-sources/mandatory-disclosure-report-f3152f6d96efdb07eddbf2254c16146a,.pdf,01-01-2018,12-31-2018,05-31-2019
d338536f0a73b870ea7e362270324926-bedd012cb63d9b4c919cc037a7f8a07e-a32670944a6f4aeb278e3287868c4fa8-f0e7d9abc5f6429cfc6601d96cbc4612,Canadian Natural Resources International (U.K.) Investments Limited,United Kingdom of Great Britain and Northern Ireland,https://s3.us-east-2.amazonaws.com/rp-20-sources/mandatory-disclosure-reportd338536f0a73b870ea7e362270324926-bedd012cb63d9b4c919cc037a7f8a07e-a32670944a6f4aeb278e3287868c4fa8-f0e7d9abc5f6429cfc6601d96cbc4612,.zip,01-01-2016,12-31-2016,10-02-2017
74a5f5d679d51dcfb25beea92e161127,Americas Gold and Silver Corporation,Canada,https://s3.us-east-2.amazonaws.com/rp-20-sources/mandatory-disclosure-report-74a5f5d679d51dcfb25beea92e161127,.pdf,01-01-2018,12-31-2018,05-29-2019
926773d1cc5fb3455657bda6162709eb,ARC Resources Limited,Canada,https://s3.us-east-2.amazonaws.com/rp-20-sources/mandatory-disclosure-report-926773d1cc5fb3455657bda6162709eb,.pdf,01-01-2018,12-31-2018,05-14-2019
30719aa9162ee632c9487d6f1142bbcf,Athabasca Minerals Incorporated,Canada,https://s3.us-east-2.amazonaws.com/rp-20-sources/mandatory-disclosure-report-30719aa9162ee632c9487d6f1142bbcf,.pdf,01-01-2018,12-31-2018,05-27-2019
92d93ec7401651fcd94d16eaa4eeeb70,Atlantic Gold Corporation,Canada,https://s3.us-east-2.amazonaws.com/rp-20-sources/mandatory-disclosure-report92d93ec7401651fcd94d16eaa4eeeb70,.pdf,01-01-2016,12-31-2016,05-30-2017
5dc348bbe19025d50870a0686a2559a7,Azarga Metals Corporation,Canada,https://s3.us-east-2.amazonaws.com/rp-20-sources/mandatory-disclosure-report5dc348bbe19025d50870a0686a2559a7,.pdf,10-01-2016,09-30-2017,02-16-2018
78a600b1df80ced48929990c4870a6a7,Azarga Uranium Corporation,Canada,https://s3.us-east-2.amazonaws.com/rp-20-sources/mandatory-disclosure-report78a600b1df80ced48929990c4870a6a7,.pdf,01-01-2016,12-31-2016,05-30-2017
dc752b7dc5803e177b84009c3d42f9be,Bacanora Minerals Limited,Canada,https://s3.us-east-2.amazonaws.com/rp-20-sources/mandatory-disclosure-reportdc752b7dc5803e177b84009c3d42f9be,.pdf,07-01-2015,06-30-2016,04-11-2017
2af29ec48ed113087f4213b1714316c9,Balmoral Resources Limited,Canada,https://s3.us-east-2.amazonaws.com/rp-20-sources/mandatory-disclosure-report2af29ec48ed113087f4213b1714316c9,.pdf,01-01-2017,12-31-2017,05-29-2018
1678ce9a82162abfb5a73243f246f491,Bellatrix Exploration Limited,Canada,https://s3.us-east-2.amazonaws.com/rp-20-sources/mandatory-disclosure-report1678ce9a82162abfb5a73243f246f491,.pdf,01-01-2016,12-31-2016,05-29-2017
19c7b503a2c22ccf7cc3d47dd64fc806,Bisichi PLC,United Kingdom of Great Britain and Northern Ireland,https://s3.us-east-2.amazonaws.com/rp-20-sources/mandatory-disclosure-report-19c7b503a2c22ccf7cc3d47dd64fc806,.html,01-01-2015,12-31-2015,06-28-2016
4a9e234701e79188636c8968e59520f1,Brookfield Asset Management Incorporated,Canada,https://s3.us-east-2.amazonaws.com/rp-20-sources/mandatory-disclosure-report-4a9e234701e79188636c8968e59520f1,.pdf,01-01-2017,12-31-2017,03-26-2019
b34a151ff9c5de5b0f10905a6e4eda83,Canbriam Energy Incorporated,Canada,https://s3.us-east-2.amazonaws.com/rp-20-sources/mandatory-disclosure-reportb34a151ff9c5de5b0f10905a6e4eda83,.pdf,01-01-2016,12-31-2016,05-18-2017
02d707246ebec96695b650f2bed4013c,Centamin plc,United Kingdom of Great Britain and Northern Ireland,https://s3.us-east-2.amazonaws.com/rp-20-sources/mandatory-disclosure-report-02d707246ebec96695b650f2bed4013c,.pdf,01-01-2017,12-31-2017,01-31-2018
10c99e9deb6fe6f5b4a871e318e2d7a4,Acron Group,United Kingdom of Great Britain and Northern Ireland,https://s3.us-east-2.amazonaws.com/rp-20-sources/mandatory-disclosure-report-10c99e9deb6fe6f5b4a871e318e2d7a4,.pdf,01-01-2018,12-31-2018
e27601e46c013222c531ce7b445c3927,Altan Rio Minerals Limited,Canada,https://s3.us-east-2.amazonaws.com/rp-20-sources/mandatory-disclosure-report-e27601e46c013222c531ce7b445c3927,.xlsx,01-01-2018,12-31-2018,05-09-2019
7256befdd6b6b90ff6cab88e44a447b7,Apache Finance Canada Corporation,Canada,https://s3.us-east-2.amazonaws.com/rp-20-sources/mandatory-disclosure-report7256befdd6b6b90ff6cab88e44a447b7,.pdf,01-01-2016,12-31-2016,05-30-2017
87824f5b09557969f1e958234624e0c1-de57498478b732b2867a385a6fa9249d-621582c51b9cbed7dceae5a5e6c854aa-a3e66d709ebd8c8fb78cf2dfc47d853e,Antofagasta PLC,United Kingdom of Great Britain and Northern Ireland,https://s3.us-east-2.amazonaws.com/rp-20-sources/mandatory-disclosure-report-87824f5b09557969f1e958234624e0c1-de57498478b732b2867a385a6fa9249d-621582c51b9cbed7dceae5a5e6c854aa-a3e66d709ebd8c8fb78cf2dfc47d853e,.zip,01-01-2017,12-31-2017,09-19-2018
ce6c50903b737edd524454957f44d2c9,Arena Minerals Incorporated,Canada,https://s3.us-east-2.amazonaws.com/rp-20-sources/mandatory-disclosure-report-ce6c50903b737edd524454957f44d2c9,.xlsx,01-01-2017,12-31-2017,10-12-2018
ed4808155f0c2748a8a6084ec6e4de74,Galiano Gold Inc. (formerly Asanko Gold),Canada,https://s3.us-east-2.amazonaws.com/rp-20-sources/mandatory-disclosure-report-ed4808155f0c2748a8a6084ec6e4de74,.pdf,01-01-2018,12-31-2018,05-30-2019
6c0de5323717b5b05f9fd738b99bec0a,Bonavista Energy Corporation,Canada,https://s3.us-east-2.amazonaws.com/rp-20-sources/mandatory-disclosure-report6c0de5323717b5b05f9fd738b99bec0a,.pdf,01-01-2016,12-31-2016,05-04-2017
d74a72586e0c0d5fbb851ba377f6fb97,Caledonia Mining Corporation plc,Canada,https://s3.us-east-2.amazonaws.com/rp-20-sources/mandatory-disclosure-reportd74a72586e0c0d5fbb851ba377f6fb97,.pdf,01-01-2016,12-31-2016,05-31-2017
98ab64aabb2869bc7320c270acca49f2,Calibre Mining Corporation,Canada,https://s3.us-east-2.amazonaws.com/rp-20-sources/mandatory-disclosure-report98ab64aabb2869bc7320c270acca49f2,.pdf,01-01-2016,12-31-2016,05-09-2017
1192e2ae9bde359ef459f1662a7660dc,CEMEX Deutschland AG,Germany,https://s3.us-east-2.amazonaws.com/rp-20-sources/mandatory-disclosure-report-1192e2ae9bde359ef459f1662a7660dc,.html,01-01-2017,12-31-2017,09-05-2019
0836192b63a9c1ddec5a959b760f288a,Alamos Gold Incorporated,Canada,https://s3.us-east-2.amazonaws.com/rp-20-sources/mandatory-disclosure-report-0836192b63a9c1ddec5a959b760f288a,.pdf,01-01-2018,12-31-2018,05-30-2019
3df3540c909344e340538c5da7d0eaa6,Alderon Iron Ore Corporation,Canada,https://s3.us-east-2.amazonaws.com/rp-20-sources/mandatory-disclosure-report3df3540c909344e340538c5da7d0eaa6,.pdf,01-01-2016,12-31-2016,05-11-2017
03a4f795a1e07eb39aedc6a0bb44ceb5,Aurania Resources Limited,Canada,https://s3.us-east-2.amazonaws.com/rp-20-sources/mandatory-disclosure-report-03a4f795a1e07eb39aedc6a0bb44ceb5,.pdf,01-01-2018,12-31-2018,06-18-2019
058a4d2fb945ee3789cf04cf19386d71,Aurcana Corporation,Canada,https://s3.us-east-2.amazonaws.com/rp-20-sources/mandatory-disclosure-report-058a4d2fb945ee3789cf04cf19386d71,.pdf,01-01-2017,12-31-2017,06-19-2018
57a3709711d7949004950ea073ce5f57,Bear Creek Mining Corporation,Canada,https://s3.us-east-2.amazonaws.com/rp-20-sources/mandatory-disclosure-report-57a3709711d7949004950ea073ce5f57,.pdf,01-01-2018,12-31-2018,03-28-2019
6dcc05f2dbc8cfde9387aaaadf0fc67c-1d03e18b493981faa529b985fbda9edf-0f799fbf3bbab6ad9803a07231bdee5d-c60cf2e5e75de9dbcdaa02930d69bd09,Cadogan Petroleum plc,United Kingdom of Great Britain and Northern Ireland,https://s3.us-east-2.amazonaws.com/rp-20-sources/mandatory-disclosure-report-6dcc05f2dbc8cfde9387aaaadf0fc67c-1d03e18b493981faa529b985fbda9edf-0f799fbf3bbab6ad9803a07231bdee5d-c60cf2e5e75de9dbcdaa02930d69bd09,.zip,01-01-2016,12-31-2016,05-01-2018
2c8797d62e1df4873cdb21b8fc13c59c-508fc2c2f35eacc6f35a99b862784850-bd9b1844f1dcc65cf2d65fab497a2e17-5c3a90307e9bc29654fc574a55ccad06,Amerisur Resources Proprietary Limited Company,United Kingdom of Great Britain and Northern Ireland,https://s3.us-east-2.amazonaws.com/rp-20-sources/mandatory-disclosure-report-2c8797d62e1df4873cdb21b8fc13c59c-508fc2c2f35eacc6f35a99b862784850-bd9b1844f1dcc65cf2d65fab497a2e17-5c3a90307e9bc29654fc574a55ccad06,.zip,01-01-2017,12-31-2017,10-30-2019
24344702192247e74ed1c9e7dd5f1d3a-3c77b5ddefbc1c9dd05956bd92b2bc29-034fe6fcca2569f420dd9032c4e7c0f5-820059507db1b3a8c37341d629f493fd,Anasuria Hibiscus Uk Limited,United Kingdom of Great Britain and Northern Ireland,https://s3.us-east-2.amazonaws.com/rp-20-sources/mandatory-disclosure-report-24344702192247e74ed1c9e7dd5f1d3a-3c77b5ddefbc1c9dd05956bd92b2bc29-034fe6fcca2569f420dd9032c4e7c0f5-820059507db1b3a8c37341d629f493fd,.zip,07-01-2016,06-30-2017,05-01-2018
e9c25d076d53ab3a613e8817ce852296-c82ae7a6fdb3d1125da7fbd29a53c143-c9b0d437131eab0e1d918009b735d2e4-16e2f3dbecbad2d8e315ef7641a8aa6c,Anasuria Hibiscus Uk Limited,United Kingdom of Great Britain and Northern Ireland,https://s3.us-east-2.amazonaws.com/rp-20-sources/mandatory-disclosure-report-e9c25d076d53ab3a613e8817ce852296-c82ae7a6fdb3d1125da7fbd29a53c143-c9b0d437131eab0e1d918009b735d2e4-16e2f3dbecbad2d8e315ef7641a8aa6c,.zip,07-01-2017,06-30-2018,04-26-2019
01ee5cde2ba2df4f4aacd7021bcbee91,Anegada Oil Corporation,Canada,https://s3.us-east-2.amazonaws.com/rp-20-sources/mandatory-disclosure-report-01ee5cde2ba2df4f4aacd7021bcbee91,.pdf,01-01-2018,12-31-2018,05-27-2019
ac9cb6f9c7734c662d718a6f5105d614,Galiano Gold Inc. (formerly Asanko Gold),Canada,https://s3.us-east-2.amazonaws.com/rp-20-sources/mandatory-disclosure-reportac9cb6f9c7734c662d718a6f5105d614,.pdf,01-01-2016,12-31-2016,05-24-2017
1c0f5994ebcc450e450bc34e53dabe68,Atico Mining Corporation,Canada,https://s3.us-east-2.amazonaws.com/rp-20-sources/mandatory-disclosure-report1c0f5994ebcc450e450bc34e53dabe68,.pdf,01-01-2016,12-31-2016,05-29-2017
46f12fab846e5239195c25d896a47f11,Auryn Resources Incorporated,Canada,https://s3.us-east-2.amazonaws.com/rp-20-sources/mandatory-disclosure-report46f12fab846e5239195c25d896a47f11,.pdf,01-01-2017,12-31-2017,05-29-2018
10ee6b884c1c198361dd90d74e1df94a,Bacanora Minerals Limited,Canada,https://s3.us-east-2.amazonaws.com/rp-20-sources/mandatory-disclosure-report-10ee6b884c1c198361dd90d74e1df94a,.pdf,07-01-2017,06-30-2018,10-16-2019
48a774bae026763ca0bf46132a47e5ec,Balmoral Resources Limited,Canada,https://s3.us-east-2.amazonaws.com/rp-20-sources/mandatory-disclosure-report48a774bae026763ca0bf46132a47e5ec,.pdf,01-01-2016,12-31-2016,05-30-2017
4c1cb0602ec53e5762df7c0cd2eff42a,BASF SE,Germany,https://s3.us-east-2.amazonaws.com/rp-20-sources/mandatory-disclosure-report4c1cb0602ec53e5762df7c0cd2eff42a,.pdf,01-01-2016,12-31-2016,06-12-2017
90e511f83fb13b2b23e6f606e0df049d,Blackbird Energy Incorporated,Canada,https://s3.us-east-2.amazonaws.com/rp-20-sources/mandatory-disclosure-report-90e511f83fb13b2b23e6f606e0df049d,.xlsx,08-01-2015,07-31-2016,12-16-2016
9aa136e6f04a46831b3447dc865034c8,BNK Petroleum Incorporated,Canada,https://s3.us-east-2.amazonaws.com/rp-20-sources/mandatory-disclosure-report9aa136e6f04a46831b3447dc865034c8,.pdf,01-01-2016,12-31-2016,05-30-2017
a4b60066c3b5d7076861f2d745db75c7,Cadogan Petroleum plc,United Kingdom of Great Britain and Northern Ireland,https://s3.us-east-2.amazonaws.com/rp-20-sources/mandatory-disclosure-report-a4b60066c3b5d7076861f2d745db75c7,.html,01-01-2018,12-31-2018,05-21-2019
e8a03c1e343614e0a487d221060146fa,Canadian Malartic Corporation,Canada,https://s3.us-east-2.amazonaws.com/rp-20-sources/mandatory-disclosure-report-e8a03c1e343614e0a487d221060146fa,.pdf,01-01-2018,12-31-2018,05-29-2019
646094ff0725fcfd76fc944864263af0,African Gold Group Incorporated,Canada,https://s3.us-east-2.amazonaws.com/rp-20-sources/mandatory-disclosure-report-646094ff0725fcfd76fc944864263af0,.xlsx,01-01-2018,12-31-2018,05-15-2019
5cbf9896960edc1da26ae99fe7bce857,Almaden Minerals Limited,Canada,https://s3.us-east-2.amazonaws.com/rp-20-sources/mandatory-disclosure-report-5cbf9896960edc1da26ae99fe7bce857,.pdf,01-01-2018,12-31-2018,05-22-2019
7ba83d79ca76d777d511652cf950f1f5,Alvopetro Energy Limited,Canada,https://s3.us-east-2.amazonaws.com/rp-20-sources/mandatory-disclosure-report7ba83d79ca76d777d511652cf950f1f5,.pdf,01-01-2016,12-31-2016,05-23-2017
60d2604f2e04c3aeb1b3403f7f8f77c8,Aspenleaf Energy Limited,Canada,https://s3.us-east-2.amazonaws.com/rp-20-sources/mandatory-disclosure-report60d2604f2e04c3aeb1b3403f7f8f77c8,.pdf,01-01-2016,12-31-2016,05-23-2017
b13acde6bb6bf8b1b43442760cf5e086,Bear Creek Mining Corporation,Canada,https://s3.us-east-2.amazonaws.com/rp-20-sources/mandatory-disclosure-reportb13acde6bb6bf8b1b43442760cf5e086,.pdf,01-01-2016,12-31-2016,05-08-2017
68eaeacde26bc8b3c94fc1f2261b12ce-b852ee654836564511b01f6a62560597-88f4242956af63666ca87122452cef5e-b7c6b452d3544bae4fd2db9bcc2bf5f9,BHP,United Kingdom of Great Britain and Northern Ireland,https://s3.us-east-2.amazonaws.com/rp-20-sources/mandatory-disclosure-report-68eaeacde26bc8b3c94fc1f2261b12ce-b852ee654836564511b01f6a62560597-88f4242956af63666ca87122452cef5e-b7c6b452d3544bae4fd2db9bcc2bf5f9,.zip,07-01-2017,06-30-2018,10-31-2018
d98555cda02529d2ff18212f80d46b82,BlackPearl Resources Incorporated,Canada,https://s3.us-east-2.amazonaws.com/rp-20-sources/mandatory-disclosure-report-d98555cda02529d2ff18212f80d46b82,.pdf,01-01-2016,12-31-2016,05-26-2017
6e6a3d9d42202a0146b31af7bbe0398d,Bouygues S.A.,France,https://s3.us-east-2.amazonaws.com/rp-20-sources/mandatory-disclosure-report6e6a3d9d42202a0146b31af7bbe0398d,.pdf,01-01-2016,12-31-2016,02-22-2017
f946fe9cf34977b3048f2a3f3d0f705b,Bouygues S.A.,France,https://s3.us-east-2.amazonaws.com/rp-20-sources/mandatory-disclosure-report-f946fe9cf34977b3048f2a3f3d0f705b,.pdf,01-01-2018,12-31-2018
058c4146785f1361dc0f0971066b7528,Brio Gold Incorporated,Canada,https://s3.us-east-2.amazonaws.com/rp-20-sources/mandatory-disclosure-report058c4146785f1361dc0f0971066b7528,.pdf,01-01-2017,12-31-2017,05-23-2018
256ab738ac914399472b998339b043d8,Canadian Natural Resources Limited,Canada,https://s3.us-east-2.amazonaws.com/rp-20-sources/mandatory-disclosure-report256ab738ac914399472b998339b043d8,.pdf,01-01-2016,12-31-2016,05-30-2017
8072ca60727e1358993f5a4dc7e74915,Candente Copper Corporation,Canada,https://s3.us-east-2.amazonaws.com/rp-20-sources/mandatory-disclosure-report-8072ca60727e1358993f5a4dc7e74915,.pdf,01-01-2018,12-31-2018,06-12-2019
a7e789ee37b814a87ca632dc8e8b017d,Cement Roadstone Holdings Canada Group Incorporated,Canada,https://s3.us-east-2.amazonaws.com/rp-20-sources/mandatory-disclosure-reporta7e789ee37b814a87ca632dc8e8b017d,.pdf,01-01-2017,12-31-2017,05-29-2018
1701ccc0d3cb6d5384ec1f9ea3ed432e,Cenovus Energy Incorporated,Canada,https://s3.us-east-2.amazonaws.com/rp-20-sources/mandatory-disclosure-report-1701ccc0d3cb6d5384ec1f9ea3ed432e,.pdf,01-01-2018,12-31-2018,05-29-2019
7f8f5e6fa69734ba387e8612b088f4c8,Centamin plc,United Kingdom of Great Britain and Northern Ireland,https://s3.us-east-2.amazonaws.com/rp-20-sources/mandatory-disclosure-report7f8f5e6fa69734ba387e8612b088f4c8,.html,01-01-2015,12-31-2015,06-30-2016
04918bc1fb1497b627dad0a4eb722eda,Centerra Gold Incorporated,Canada,https://s3.us-east-2.amazonaws.com/rp-20-sources/mandatory-disclosure-report-04918bc1fb1497b627dad0a4eb722eda,.pdf,01-01-2018,12-31-2018,05-30-2019
2754cb39fa7bb810aee10ede5f3d06e2,Champion Iron Limited,Canada,https://s3.us-east-2.amazonaws.com/rp-20-sources/mandatory-disclosure-report-2754cb39fa7bb810aee10ede5f3d06e2,.pdf,04-01-2018,03-31-2019,10-09-2019
3e9b301aff989611cf44eb2f126147c9,City of Medicine Hat,Canada,https://s3.us-east-2.amazonaws.com/rp-20-sources/mandatory-disclosure-report3e9b301aff989611cf44eb2f126147c9,.pdf,01-01-2017,12-31-2017,05-25-2018
7e47e8095d59a7eab21277da7928777f,Compania Espanola de Petroleos S.A.U.,Spain,https://s3.us-east-2.amazonaws.com/rp-20-sources/mandatory-disclosure-report-7e47e8095d59a7eab21277da7928777f,.pdf,01-01-2017,12-31-2017
5088b6237efebf6252ad527e83ec5809,Corridor Resources Incorporated,Canada,https://s3.us-east-2.amazonaws.com/rp-20-sources/mandatory-disclosure-report5088b6237efebf6252ad527e83ec5809,.pdf,01-01-2017,12-31-2017,05-28-2018
b0fec714af6ced8a98f80a3cba43ba5c,Crystal Peak Minerals Incorporated,Canada,https://s3.us-east-2.amazonaws.com/rp-20-sources/mandatory-disclosure-report-b0fec714af6ced8a98f80a3cba43ba5c,.pdf,01-01-2019,12-31-2019,03-05-2020
3c36f499f1d265f9bab46d6f733190b7,Delphi Energy Corporation,Canada,https://s3.us-east-2.amazonaws.com/rp-20-sources/mandatory-disclosure-report3c36f499f1d265f9bab46d6f733190b7,.pdf,01-01-2017,12-31-2017,05-30-2018
8cf1d730bc34433559a0cbeacac3edf8-4a0cf18de68e8b36e20796443226de2a-13507c6ea5e60bc06c0c0c3c124afdb1-5134af2451b2f6441d925af65db773e6,Endeavour Energy UK Limited,United Kingdom of Great Britain and Northern Ireland,https://s3.us-east-2.amazonaws.com/rp-20-sources/mandatory-disclosure-report8cf1d730bc34433559a0cbeacac3edf8-4a0cf18de68e8b36e20796443226de2a-13507c6ea5e60bc06c0c0c3c124afdb1-5134af2451b2f6441d925af65db773e6,.zip,01-01-2015,12-31-2015,11-30-2016
ecbe4d9c1d90f2222b458a10c5e09fd7,Engie S.A.,France,https://s3.us-east-2.amazonaws.com/rp-20-sources/mandatory-disclosure-report-ecbe4d9c1d90f2222b458a10c5e09fd7,.pdf,01-01-2017,12-31-2017,03-08-2018
b159401f838f92af252f43ea5cb03fa2,Exillon Energy plc,United Kingdom of Great Britain and Northern Ireland,https://s3.us-east-2.amazonaws.com/rp-20-sources/mandatory-disclosure-report-b159401f838f92af252f43ea5cb03fa2,.pdf,01-01-2018,12-31-2018,05-21-2019
9a36c9ddadfbe8a30d46e5d670c1121b,ExxonMobil Canada Properties,Canada,https://s3.us-east-2.amazonaws.com/rp-20-sources/mandatory-disclosure-report9a36c9ddadfbe8a30d46e5d670c1121b,.pdf,01-01-2016,12-31-2016,04-24-2017
1d7227dbcbb862ffdf9ddd8540cc74b7,Fiore Gold Limited,Canada,https://s3.us-east-2.amazonaws.com/rp-20-sources/mandatory-disclosure-report-1d7227dbcbb862ffdf9ddd8540cc74b7,.pdf,10-01-2017,09-30-2018,01-18-2019
2e954ea29d056171663b1c1fb6960f05,G3 Exploration Limited,United Kingdom of Great Britain and Northern Ireland,https://s3.us-east-2.amazonaws.com/rp-20-sources/mandatory-disclosure-report-2e954ea29d056171663b1c1fb6960f05,.html,01-01-2018,12-31-2018,07-10-2019
c615c161aa15dd5b48b04852c0c6214d,Centrica plc,United Kingdom of Great Britain and Northern Ireland,https://s3.us-east-2.amazonaws.com/rp-20-sources/mandatory-disclosure-report-c615c161aa15dd5b48b04852c0c6214d,.xml,01-01-2017,12-31-2017
e23752534ce4badde8490c824e762102,Cequence Energy Limited,Canada,https://s3.us-east-2.amazonaws.com/rp-20-sources/mandatory-disclosure-reporte23752534ce4badde8490c824e762102,.pdf,01-01-2016,12-31-2016,05-30-2017
8e2c83b39444028a531f69d46f7aa2c4-11b0f8e520713bf6ea167527af53a22f-a2c4fdd23f3b45bae2375ae6a032e554-eb15b98b12c343647c2a2ab993332837,Chevron North Sea Limited,United Kingdom of Great Britain and Northern Ireland,https://s3.us-east-2.amazonaws.com/rp-20-sources/mandatory-disclosure-report8e2c83b39444028a531f69d46f7aa2c4-11b0f8e520713bf6ea167527af53a22f-a2c4fdd23f3b45bae2375ae6a032e554-eb15b98b12c343647c2a2ab993332837,.zip,01-01-2015,12-31-2015,11-15-2016
a78a8df57ad2e4ad2a2a18df9169c19e,CNOOC Limited,Canada,https://s3.us-east-2.amazonaws.com/rp-20-sources/mandatory-disclosure-reporta78a8df57ad2e4ad2a2a18df9169c19e,.pdf,01-01-2016,12-31-2016,05-22-2017
420b96654bfcb99b5e203e1762453c26-ec74c8882096d4d9663a79c3216104c4-94827f9632b9a3b5ee1c153bd1d5a76e-55f4a112723cfaabba95f34cc575326a,Canadian Natural Resources International (U.K.) Investments Limited,United Kingdom of Great Britain and Northern Ireland,https://s3.us-east-2.amazonaws.com/rp-20-sources/mandatory-disclosure-report-420b96654bfcb99b5e203e1762453c26-ec74c8882096d4d9663a79c3216104c4-94827f9632b9a3b5ee1c153bd1d5a76e-55f4a112723cfaabba95f34cc575326a,.zip,01-01-2018,12-31-2018,11-15-2019
44816d683131abc1911b31e85d3ea147,ConocoPhillips Norge,Norway,https://s3.us-east-2.amazonaws.com/rp-20-sources/mandatory-disclosure-report44816d683131abc1911b31e85d3ea147,.pdf,01-01-2015,12-31-2015
3942fa1dcf629b80ddd95c4398b5f737,Crystal Peak Minerals Incorporated,Canada,https://s3.us-east-2.amazonaws.com/rp-20-sources/mandatory-disclosure-report-3942fa1dcf629b80ddd95c4398b5f737,.pdf,01-01-2018,12-31-2018,04-01-2019
22924a03e2a5d76c1f032512e1d25693,Cornwall Gravel Company Limited,Canada,https://s3.us-east-2.amazonaws.com/rp-20-sources/mandatory-disclosure-report22924a03e2a5d76c1f032512e1d25693,.pdf,01-01-2016,12-31-2016,05-30-2017
04b478200a3a915fb0fcee5d239fbeb8,Corridor Resources Incorporated,Canada,https://s3.us-east-2.amazonaws.com/rp-20-sources/mandatory-disclosure-report04b478200a3a915fb0fcee5d239fbeb8,.pdf,01-01-2016,12-31-2016,05-28-2017
ea4c8bcae5e2208e0d659e982b5d8e8d,Corvus Gold Incorporated,Canada,https://s3.us-east-2.amazonaws.com/rp-20-sources/mandatory-disclosure-reportea4c8bcae5e2208e0d659e982b5d8e8d,.pdf,06-01-2016,05-31-2017,09-13-2017
b7273bcf9b8b75c600220952d4997864,Denison Mines Corporation,Canada,https://s3.us-east-2.amazonaws.com/rp-20-sources/mandatory-disclosure-report-b7273bcf9b8b75c600220952d4997864,.pdf,01-01-2017,12-31-2017,05-30-2018
f29a50d93dae984e36dbd1767ee85687,Crown Point Energy Incorporated,Canada,https://s3.us-east-2.amazonaws.com/rp-20-sources/mandatory-disclosure-reportf29a50d93dae984e36dbd1767ee85687,.pdf,01-01-2017,12-31-2017,04-27-2018
e24b569ab727ef034a66a247462ab3a7,Calibre Mining Corporation,Canada,https://s3.us-east-2.amazonaws.com/rp-20-sources/mandatory-disclosure-reporte24b569ab727ef034a66a247462ab3a7,.pdf,01-01-2017,12-31-2017,05-28-2018
fb842f1fcec71e06561c412d46e00739,Canadian Spirit Resources Incorporated,Canada,https://s3.us-east-2.amazonaws.com/rp-20-sources/mandatory-disclosure-report-fb842f1fcec71e06561c412d46e00739,.pdf,01-01-2018,12-31-2018,05-07-2019
e2d70685ca15f046699c672f99cf2dca,Canlin Energy Corporation,Canada,https://s3.us-east-2.amazonaws.com/rp-20-sources/mandatory-disclosure-report-e2d70685ca15f046699c672f99cf2dca,.pdf,01-01-2018,12-31-2018,05-30-2019
8778174f1f8a725da6cca53cc55c0b24,Cenovus Energy Incorporated,Canada,https://s3.us-east-2.amazonaws.com/rp-20-sources/mandatory-disclosure-report8778174f1f8a725da6cca53cc55c0b24,.pdf,01-01-2017,12-31-2017,05-30-2018
55749a8744db94dc3dd545c5afb0db63,Acron Group,United Kingdom of Great Britain and Northern Ireland,https://s3.us-east-2.amazonaws.com/rp-20-sources/mandatory-disclosure-report55749a8744db94dc3dd545c5afb0db63,.pdf,01-01-2016,12-31-2016,06-01-2017
0b9f0dc0e5546330e08cb4e0b514bb9a,Advantage Oil and Gas Limited,Canada,https://s3.us-east-2.amazonaws.com/rp-20-sources/mandatory-disclosure-report0b9f0dc0e5546330e08cb4e0b514bb9a,.pdf,01-01-2017,12-31-2017,05-24-2018
a2306f8c3ee4591b9d030edfe7aa77b5,Altamira Gold Corporation,Canada,https://s3.us-east-2.amazonaws.com/rp-20-sources/mandatory-disclosure-report-a2306f8c3ee4591b9d030edfe7aa77b5,.pdf,03-01-2017,02-28-2018,07-18-2018
5353481d5289ce831498ce4da4470b8a,Amarc Resources Limited,Canada,https://s3.us-east-2.amazonaws.com/rp-20-sources/mandatory-disclosure-report-5353481d5289ce831498ce4da4470b8a,.pdf,04-01-2017,03-31-2018,08-27-2018
3d3588a4930bfd87bb0279a10ed47b60,Anaconda Mining Incorporated,Canada,https://s3.us-east-2.amazonaws.com/rp-20-sources/mandatory-disclosure-report-3d3588a4930bfd87bb0279a10ed47b60,.pdf,01-01-2018,12-31-2018,05-30-2019
061064393a3192597b05bafc97c578a5,Bacanora Minerals Limited,Canada,https://s3.us-east-2.amazonaws.com/rp-20-sources/mandatory-disclosure-report061064393a3192597b05bafc97c578a5,.pdf,07-01-2016,06-30-2017,04-25-2018
10c6dd7337aa98752775528483093793,Carrieres du Hainaut,Belgium,https://s3.us-east-2.amazonaws.com/rp-20-sources/mandatory-disclosure-report-10c6dd7337aa98752775528483093793,.pdf,01-01-2016,12-31-2016,05-30-2017
f1c0dd6b25bcd40b5f7b6d9ae7af1342,Africa Oil Corporation,Canada,https://s3.us-east-2.amazonaws.com/rp-20-sources/mandatory-disclosure-reportf1c0dd6b25bcd40b5f7b6d9ae7af1342,.pdf,01-01-2016,12-31-2016,05-27-2017
ce43082479377662ec4209867fcb18eb,Algold Resources Limited,Canada,https://s3.us-east-2.amazonaws.com/rp-20-sources/mandatory-disclosure-reportce43082479377662ec4209867fcb18eb,.pdf,01-01-2017,12-31-2017,05-09-2018
1aaa8a38efdf7ba14e983a53a57e564a,Athabasca Oil Corporation,Canada,https://s3.us-east-2.amazonaws.com/rp-20-sources/mandatory-disclosure-report1aaa8a38efdf7ba14e983a53a57e564a,.pdf,01-01-2016,12-31-2016,05-29-2017
9ed877e15d3653266ea492a662c5bf1e,Athabasca Oil Corporation,Canada,https://s3.us-east-2.amazonaws.com/rp-20-sources/mandatory-disclosure-report-9ed877e15d3653266ea492a662c5bf1e,.pdf,01-01-2018,12-31-2018,05-29-2019
8bd47094034f57adc4b7d5b3e96d717d,Avnel Gold Mining Limited,Canada,https://s3.us-east-2.amazonaws.com/rp-20-sources/mandatory-disclosure-report8bd47094034f57adc4b7d5b3e96d717d,.pdf,01-01-2016,12-31-2016,05-26-2017
fb4e998299147c985c246339b87983b5,Bellatrix Exploration Limited,Canada,https://s3.us-east-2.amazonaws.com/rp-20-sources/mandatory-disclosure-reportfb4e998299147c985c246339b87983b5,.pdf,01-01-2017,12-31-2017,05-28-2018
cf136e58e0530cbcf15093194f76867c,Bellatrix Exploration Limited,Canada,https://s3.us-east-2.amazonaws.com/rp-20-sources/mandatory-disclosure-report-cf136e58e0530cbcf15093194f76867c,.pdf,01-01-2018,12-31-2018,05-14-2019
5085d8f1cca45afd5e279880216faa1e,Belo Sun Mining Corporation,Canada,https://s3.us-east-2.amazonaws.com/rp-20-sources/mandatory-disclosure-report-5085d8f1cca45afd5e279880216faa1e,.pdf,01-01-2017,12-31-2017,05-30-2018
bc6e55f44f98f31202505e44dc2ddfe3,Blackbird Energy Incorporated,Canada,https://s3.us-east-2.amazonaws.com/rp-20-sources/mandatory-disclosure-report-bc6e55f44f98f31202505e44dc2ddfe3,.xlsx,08-01-2016,07-31-2017
20ffb7c06891fa3595c4e33d657520c8,Boliden AB,Sweden,https://s3.us-east-2.amazonaws.com/rp-20-sources/mandatory-disclosure-report20ffb7c06891fa3595c4e33d657520c8,.pdf,01-01-2016,12-31-2016
c5f1c672910d90dfbc64800daedef1ad,Cairn Energy PLC,United Kingdom of Great Britain and Northern Ireland,https://s3.us-east-2.amazonaws.com/rp-20-sources/mandatory-disclosure-reportc5f1c672910d90dfbc64800daedef1ad,.pdf,01-01-2017,12-31-2017,06-15-2018
901b5cd642baabae5bc7cc44130a81e9,Candente Copper Corporation,Canada,https://s3.us-east-2.amazonaws.com/rp-20-sources/mandatory-disclosure-report901b5cd642baabae5bc7cc44130a81e9,.pdf,01-01-2017,12-31-2017,05-30-2018
87a7b49c358c34013fe0d4187df51c57,Capital Power Corporation,Canada,https://s3.us-east-2.amazonaws.com/rp-20-sources/mandatory-disclosure-report87a7b49c358c34013fe0d4187df51c57,.pdf,01-01-2017,12-31-2017,02-28-2018
e27406ee34bd44c6f9fefc536ca3117f-aa4c45d2a111da752bbc6647cdfa8f01-291fef003695541fdc905a0981cf59be-dd88018781486c8bcbccd516bf8d37de,ConocoPhillips (U.K.) Limited,United Kingdom of Great Britain and Northern Ireland,https://s3.us-east-2.amazonaws.com/rp-20-sources/mandatory-disclosure-report-e27406ee34bd44c6f9fefc536ca3117f-aa4c45d2a111da752bbc6647cdfa8f01-291fef003695541fdc905a0981cf59be-dd88018781486c8bcbccd516bf8d37de,.zip,01-01-2017,12-31-2017,11-08-2018
a3bf6d0e208940f3cbd4f71492f60b6b,CREATON GmbH,Germany,https://s3.us-east-2.amazonaws.com/rp-20-sources/mandatory-disclosure-report-a3bf6d0e208940f3cbd4f71492f60b6b,.html,01-01-2017,12-31-2017,10-31-2019
5140800ac50aefe881b0eaa35d178175,Cub Energy Incorporated,Canada,https://s3.us-east-2.amazonaws.com/rp-20-sources/mandatory-disclosure-report-5140800ac50aefe881b0eaa35d178175,.pdf,01-01-2018,12-31-2018,04-04-2019
b0f4a34b030addd502f6e1fb4b9a8676,Dyckerhoff GmbH,Germany,https://s3.us-east-2.amazonaws.com/rp-20-sources/mandatory-disclosure-report-b0f4a34b030addd502f6e1fb4b9a8676,.html,01-01-2017,12-31-2017,05-07-2019
a85e380d076c6af46969135f13c3abd9,Eldorado Gold Corporation,Canada,https://s3.us-east-2.amazonaws.com/rp-20-sources/mandatory-disclosure-reporta85e380d076c6af46969135f13c3abd9,.pdf,01-01-2016,12-31-2016,05-30-2017
39a0d89e4c1ba46892320b163e279038,Eldorado Gold Corporation,Canada,https://s3.us-east-2.amazonaws.com/rp-20-sources/mandatory-disclosure-report-39a0d89e4c1ba46892320b163e279038,.pdf,01-01-2018,12-31-2018,05-29-2019
c32262211b4a452493e5e39521a53feb,Five Star Diamonds Limited,Canada,https://s3.us-east-2.amazonaws.com/rp-20-sources/mandatory-disclosure-report-c32262211b4a452493e5e39521a53feb,.pdf,07-01-2016,06-30-2017,06-18-2018
5f67d43722002acac691963d979c8862,Gensource Potash Corporation,Canada,https://s3.us-east-2.amazonaws.com/rp-20-sources/mandatory-disclosure-report-5f67d43722002acac691963d979c8862,.pdf,01-01-2017,12-31-2017,05-30-2018
d4e2b980de971d3745bb08963db604f1,Chevron Canada Limited,Canada,https://s3.us-east-2.amazonaws.com/rp-20-sources/mandatory-disclosure-report-d4e2b980de971d3745bb08963db604f1,.pdf,01-01-2017,12-31-2017,05-24-2018
e7523630aeafcafa210864269e2052bf,China Petroleum & Chemical Corporation,United Kingdom of Great Britain and Northern Ireland,https://s3.us-east-2.amazonaws.com/rp-20-sources/mandatory-disclosure-reporte7523630aeafcafa210864269e2052bf,.html,01-01-2017,12-31-2017,06-13-2018
c1b2504f4b9ebf019aa071a9f9c671b8-baa41142bc6dc4796e2a2b554ec362ee-9255f7f3710064c96c8976f60a9cc017-b7d0ef712a94a966db9b06de3b51fb97,Chevron North Sea Limited,United Kingdom of Great Britain and Northern Ireland,https://s3.us-east-2.amazonaws.com/rp-20-sources/mandatory-disclosure-reportc1b2504f4b9ebf019aa071a9f9c671b8-baa41142bc6dc4796e2a2b554ec362ee-9255f7f3710064c96c8976f60a9cc017-b7d0ef712a94a966db9b06de3b51fb97,.zip,01-01-2016,12-31-2016,10-03-2017
39594ffccd63ba5497d6debe2a90e48a-e23f13157d7c8fd3023dd6c7b1d6e393-ff13926994f70ef0304173fa580eb1dd-aab5ae7c8f6adf9640bb903ad58816b9,Chrysaor Limited,United Kingdom of Great Britain and Northern Ireland,https://s3.us-east-2.amazonaws.com/rp-20-sources/mandatory-disclosure-report-39594ffccd63ba5497d6debe2a90e48a-e23f13157d7c8fd3023dd6c7b1d6e393-ff13926994f70ef0304173fa580eb1dd-aab5ae7c8f6adf9640bb903ad58816b9,.zip,01-01-2018,12-31-2018,11-28-2019
8c40244d5663f4759b99b8db99339451,Condor Petroleum Incorporated,Canada,https://s3.us-east-2.amazonaws.com/rp-20-sources/mandatory-disclosure-report8c40244d5663f4759b99b8db99339451,.pdf,01-01-2016,12-31-2016,05-18-2017
a8dbea1c426271260f92a5d4c7bcb3c4,Ciment Quebec Incorporated,Canada,https://s3.us-east-2.amazonaws.com/rp-20-sources/mandatory-disclosure-reporta8dbea1c426271260f92a5d4c7bcb3c4,.pdf,01-01-2017,12-31-2017,05-16-2018
332f8d5dd3f371b934240ee4d414e4d0-33a9fa589fe8a519d4ad6589aecc3852-9eb78e7f7d6c79fc9e024455a809c4b9-9be86108d0555f1b9fb062ffc3813757,ConocoPhillips (U.K.) Limited,United Kingdom of Great Britain and Northern Ireland,https://s3.us-east-2.amazonaws.com/rp-20-sources/mandatory-disclosure-report332f8d5dd3f371b934240ee4d414e4d0-33a9fa589fe8a519d4ad6589aecc3852-9eb78e7f7d6c79fc9e024455a809c4b9-9be86108d0555f1b9fb062ffc3813757,.zip,01-01-2015,12-31-2015,11-10-2016
05daf246e29a438d204469b677a65e79,Conuma Coal Resources Limited,Canada,https://s3.us-east-2.amazonaws.com/rp-20-sources/mandatory-disclosure-report-05daf246e29a438d204469b677a65e79,.pdf,01-01-2018,12-31-2018,05-24-2019
53a45f5cd4ab33ae1eb8086ed77597fd,Cub Energy Incorporated,Canada,https://s3.us-east-2.amazonaws.com/rp-20-sources/mandatory-disclosure-report53a45f5cd4ab33ae1eb8086ed77597fd,.pdf,01-01-2017,12-31-2017,05-15-2018
ca59f2708914ad40010929fb22645c5d-50ae8eb127844245ad3538ff3349e399-3a8d261892cba8470b127ab17a733058-50e168d4bfdb454ea5f85ef278c8504e,Dana Petroleum Limited,United Kingdom of Great Britain and Northern Ireland,https://s3.us-east-2.amazonaws.com/rp-20-sources/mandatory-disclosure-report-ca59f2708914ad40010929fb22645c5d-50ae8eb127844245ad3538ff3349e399-3a8d261892cba8470b127ab17a733058-50e168d4bfdb454ea5f85ef278c8504e,.zip,01-01-2018,12-31-2018,11-27-2019
7bf581e8dd375189d20ddee2cc013996,DNO ASA,Norway,https://s3.us-east-2.amazonaws.com/rp-20-sources/mandatory-disclosure-report7bf581e8dd375189d20ddee2cc013996,.pdf,01-01-2016,12-31-2016,03-24-2017
2ba84fee7d2c089c512c87736aea7843,Eni S.p.A.,Italy,https://s3.us-east-2.amazonaws.com/rp-20-sources/mandatory-disclosure-report2ba84fee7d2c089c512c87736aea7843,.pdf,01-01-2016,12-31-2016,05-25-2017
19311f84371774dd6f5425ec38d631a1,Energy Fuels Incorporated,Canada,https://s3.us-east-2.amazonaws.com/rp-20-sources/mandatory-disclosure-report-19311f84371774dd6f5425ec38d631a1,.pdf,01-01-2018,12-31-2018,05-29-2019
d4a833944fb521859bac22b3cc10d315-02e63981b741d9be75e06addcf578380-eb9f0a356a13feb27aa91cf0a2a06c45-d9e71eaa088c358da6fc5ba3ce751d25,Equion Energia Limited,United Kingdom of Great Britain and Northern Ireland,https://s3.us-east-2.amazonaws.com/rp-20-sources/mandatory-disclosure-report-d4a833944fb521859bac22b3cc10d315-02e63981b741d9be75e06addcf578380-eb9f0a356a13feb27aa91cf0a2a06c45-d9e71eaa088c358da6fc5ba3ce751d25,.zip,01-01-2017,12-31-2017,11-19-2018
72e9bcfe20e6375c383e5719eac98866,Etablissements Maurel & Prom S.A.,France,https://s3.us-east-2.amazonaws.com/rp-20-sources/mandatory-disclosure-report-72e9bcfe20e6375c383e5719eac98866,.pdf,01-01-2017,12-31-2017
7c86006006cb6c4162bb41c403c35a6b-546b09849245d0bf549f86ee542d621e-75f16650e444d91c9168d3bc1e1ad8ff-2ddd9c42bcd053cdeac70818f71bed29,EnQuest plc,United Kingdom of Great Britain and Northern Ireland,https://s3.us-east-2.amazonaws.com/rp-20-sources/mandatory-disclosure-report7c86006006cb6c4162bb41c403c35a6b-546b09849245d0bf549f86ee542d621e-75f16650e444d91c9168d3bc1e1ad8ff-2ddd9c42bcd053cdeac70818f71bed29,.zip,01-01-2015,12-31-2015,06-30-2016
824d0405dcbaabb8cdf34e8e36d296dc-8725053189c75fb49feb7ad5c32ef46d-a28e60c1a15810c30cdb797dec9f54cd-241b4c7a95f825174485152df3c7904b,EnQuest plc,United Kingdom of Great Britain and Northern Ireland,https://s3.us-east-2.amazonaws.com/rp-20-sources/mandatory-disclosure-report824d0405dcbaabb8cdf34e8e36d296dc-8725053189c75fb49feb7ad5c32ef46d-a28e60c1a15810c30cdb797dec9f54cd-241b4c7a95f825174485152df3c7904b,.zip,01-01-2016,12-31-2016,06-22-2017
afe95e33487aae211313d1d51b64ca1a,Falco Resources Limited,Canada,https://s3.us-east-2.amazonaws.com/rp-20-sources/mandatory-disclosure-report-afe95e33487aae211313d1d51b64ca1a,.pdf,07-01-2018,06-30-2019,10-25-2019
b5b5dae40f7aab4c5642a09ef6211078,Eramet S.A.,France,https://s3.us-east-2.amazonaws.com/rp-20-sources/mandatory-disclosure-report-b5b5dae40f7aab4c5642a09ef6211078,.pdf,01-01-2015,12-31-2015
653e83d05f80b653a4d2d86a292ffb7e-e977c1039bf76ff4945da2f69dd9cd20-5d16d94d1ff5e7054789e7c8826442de-4dd932d5500d8505c8fc5bbc155cd4ea,Fresnillo plc,United Kingdom of Great Britain and Northern Ireland,https://s3.us-east-2.amazonaws.com/rp-20-sources/mandatory-disclosure-report-653e83d05f80b653a4d2d86a292ffb7e-e977c1039bf76ff4945da2f69dd9cd20-5d16d94d1ff5e7054789e7c8826442de-4dd932d5500d8505c8fc5bbc155cd4ea,.zip,01-01-2017,12-31-2017,06-13-2018
ba0386d0cea67adab21a1c9e766af2f6,Euromax Resources Limited,Canada,https://s3.us-east-2.amazonaws.com/rp-20-sources/mandatory-disclosure-reportba0386d0cea67adab21a1c9e766af2f6,.pdf,01-01-2016,12-31-2016,05-15-2017
36d4de7d9ab0d4d792e9d2d89aa16c0f,Girnghuber GmbH,Germany,https://s3.us-east-2.amazonaws.com/rp-20-sources/mandatory-disclosure-report-36d4de7d9ab0d4d792e9d2d89aa16c0f,.html,04-01-2017,03-31-2018,10-31-2019
624f6fb69a99cfac9e2abc59f7fa5a93,Devon Canada Corporation,Canada,https://s3.us-east-2.amazonaws.com/rp-20-sources/mandatory-disclosure-report-624f6fb69a99cfac9e2abc59f7fa5a93,.pdf,01-01-2018,12-31-2018,05-30-2019
72512fdeac366b54ab31fa2d0467e889,Dominion Diamond Mines,Canada,https://s3.us-east-2.amazonaws.com/rp-20-sources/mandatory-disclosure-report72512fdeac366b54ab31fa2d0467e889,.pdf,02-01-2016,01-31-2017,06-27-2017
232dc788d93fa29045f8cdc335a35217,EMX Royalty Corporation,Canada,https://s3.us-east-2.amazonaws.com/rp-20-sources/mandatory-disclosure-report232dc788d93fa29045f8cdc335a35217,.pdf,01-01-2016,12-31-2016,05-29-2017
84d9366ac4310dda8e5a7d59bc793d2a-a2fd2825dffcd274a47ffd95c4877cef-ead4f7b393792e429b04ec76a1102a2b-4786f1d50975124e0bd40e097212f4ce,Endeavour Energy UK Limited,United Kingdom of Great Britain and Northern Ireland,https://s3.us-east-2.amazonaws.com/rp-20-sources/mandatory-disclosure-report-84d9366ac4310dda8e5a7d59bc793d2a-a2fd2825dffcd274a47ffd95c4877cef-ead4f7b393792e429b04ec76a1102a2b-4786f1d50975124e0bd40e097212f4ce,.zip,01-01-2017,12-31-2017,11-30-2018
99eb5fdcb572ceb8c6bd354e9c2942c9,Endeavour Mining Corporation,Canada,https://s3.us-east-2.amazonaws.com/rp-20-sources/mandatory-disclosure-report99eb5fdcb572ceb8c6bd354e9c2942c9,.pdf,01-01-2016,12-31-2016,05-29-2017
fff9fc7e19aae7c623ffa6851b29cef1,Energean Oil and Gas PLC,United Kingdom of Great Britain and Northern Ireland,https://s3.us-east-2.amazonaws.com/rp-20-sources/mandatory-disclosure-report-fff9fc7e19aae7c623ffa6851b29cef1,.pdf,01-01-2018,12-31-2018
4170f2f4866f3bfc15114315e88ac1cb,Energy Fuels Incorporated,Canada,https://s3.us-east-2.amazonaws.com/rp-20-sources/mandatory-disclosure-report4170f2f4866f3bfc15114315e88ac1cb,.pdf,01-01-2017,12-31-2017,05-29-2018
6d49c089b322a187ca6ee3c6bd317d2b-be55f7e1376d328082bfd7dc8e1da0c2-124c422ca22daffdafa27deed531ff0a-70438349ae2e199efa3f3ad00233ba7d,ESSO Exploration and Production UK Limited,United Kingdom of Great Britain and Northern Ireland,https://s3.us-east-2.amazonaws.com/rp-20-sources/mandatory-disclosure-report-6d49c089b322a187ca6ee3c6bd317d2b-be55f7e1376d328082bfd7dc8e1da0c2-124c422ca22daffdafa27deed531ff0a-70438349ae2e199efa3f3ad00233ba7d,.zip,01-01-2017,12-31-2017,10-22-2018
981b77c6bf6a20c65a13897171f38df4-ccb2d4ef9b0628a93dc078f64a1e889a-4479d3a57f03b99fa9bfecb5d9d78989-88d5c9f00e84ea47b78ab06c3eb53421,ESSO Exploration and Production UK Limited,United Kingdom of Great Britain and Northern Ireland,https://s3.us-east-2.amazonaws.com/rp-20-sources/mandatory-disclosure-report981b77c6bf6a20c65a13897171f38df4-ccb2d4ef9b0628a93dc078f64a1e889a-4479d3a57f03b99fa9bfecb5d9d78989-88d5c9f00e84ea47b78ab06c3eb53421,.zip,01-01-2016,12-31-2016,11-30-2017
8967870e9d0e7f74438565f911bc879b,ExxonMobil Canada Energy Limited,Canada,https://s3.us-east-2.amazonaws.com/rp-20-sources/mandatory-disclosure-report-8967870e9d0e7f74438565f911bc879b,.html,12-01-2018,01-31-2019,04-26-2019
244904c798de92f4f5c578faa4628ffd,First Mining Gold Corporation,Canada,https://s3.us-east-2.amazonaws.com/rp-20-sources/mandatory-disclosure-report244904c798de92f4f5c578faa4628ffd,.pdf,01-01-2017,12-31-2017,05-16-2018
28d31409ed74d60258fe243d29552c3a,Euro Sun Mining Incorporated,Canada,https://s3.us-east-2.amazonaws.com/rp-20-sources/mandatory-disclosure-report-28d31409ed74d60258fe243d29552c3a,.pdf,01-01-2018,12-31-2018,05-13-2019
b9dad6081402493546d14ff9880f1450,Gabriel Resources Limited,Canada,https://s3.us-east-2.amazonaws.com/rp-20-sources/mandatory-disclosure-reportb9dad6081402493546d14ff9880f1450,.pdf,01-31-2016,12-31-2016,05-24-2017
6aa2e8fbe0aa1e6f7c9017c447b05de2,Euromax Resources Limited,Canada,https://s3.us-east-2.amazonaws.com/rp-20-sources/mandatory-disclosure-report-6aa2e8fbe0aa1e6f7c9017c447b05de2,.pdf,01-01-2018,12-31-2018,03-28-2019
556756820d36f642551e461ffba53a66,Excelsior Mining Corporation,Canada,https://s3.us-east-2.amazonaws.com/rp-20-sources/mandatory-disclosure-report556756820d36f642551e461ffba53a66,.pdf,01-01-2016,12-31-2016,05-30-2017
6c242fe17806c1c5d77cff425526b9f8-2e6979d7c6547db27ffea321a5c8e0c6-68a032c188a9a91c67b1f330b42505d6-34a263e1dfc2a3fd8c52a5cee131f4c8,Fresnillo plc,United Kingdom of Great Britain and Northern Ireland,https://s3.us-east-2.amazonaws.com/rp-20-sources/mandatory-disclosure-report-6c242fe17806c1c5d77cff425526b9f8-2e6979d7c6547db27ffea321a5c8e0c6-68a032c188a9a91c67b1f330b42505d6-34a263e1dfc2a3fd8c52a5cee131f4c8,.zip,01-01-2018,12-31-2018,06-03-2019
9429251391c6595fee8abbf5c7cf563e,Gain Energy Limited,Canada,https://s3.us-east-2.amazonaws.com/rp-20-sources/mandatory-disclosure-report-9429251391c6595fee8abbf5c7cf563e,.pdf,01-01-2018,12-31-2018,03-20-2019
ce9affd806fd5159cf4081dc15deb6f2,FNX Mining Company Incorporated,Canada,https://s3.us-east-2.amazonaws.com/rp-20-sources/mandatory-disclosure-report-ce9affd806fd5159cf4081dc15deb6f2,.pdf,01-01-2016,12-31-2016,05-24-2017
7f601bf76dcbf584d78e7857e372d0fb,Fortuna Silver Mines Incorporated,Canada,https://s3.us-east-2.amazonaws.com/rp-20-sources/mandatory-disclosure-report7f601bf76dcbf584d78e7857e372d0fb,.pdf,01-01-2016,12-31-2016,05-28-2017
6c0d092fa56d7507051b45800bf32305,Gebruder Dorfner GmbH & Co. Kaolin- und Kristallquarzsand-Werke KG,Germany,https://s3.us-east-2.amazonaws.com/rp-20-sources/mandatory-disclosure-report-6c0d092fa56d7507051b45800bf32305,.html,01-01-2016,12-31-2016,01-03-2018
f27f334c5e34c021ced46f78ec25b449,Centerra Gold Incorporated,Canada,https://s3.us-east-2.amazonaws.com/rp-20-sources/mandatory-disclosure-reportf27f334c5e34c021ced46f78ec25b449,.pdf,01-01-2016,12-31-2016,05-29-2017
47bdf886a96b9dce8c63d207890b84a9-6f03d29d9b5bda2c3c1a9722b81807c1-56596e920477b98023224605493bd4a1-80eca5203e1d26a60343f448f291c552,Chrysaor North Sea Limited,United Kingdom of Great Britain and Northern Ireland,https://s3.us-east-2.amazonaws.com/rp-20-sources/mandatory-disclosure-report-47bdf886a96b9dce8c63d207890b84a9-6f03d29d9b5bda2c3c1a9722b81807c1-56596e920477b98023224605493bd4a1-80eca5203e1d26a60343f448f291c552,.zip,01-01-2018,12-31-2018,11-28-2019
0779f380dd5a3f604fcdb79918e04c26,Chinook Energy Incorporated,Canada,https://s3.us-east-2.amazonaws.com/rp-20-sources/mandatory-disclosure-report-0779f380dd5a3f604fcdb79918e04c26,.pdf,01-01-2018,12-31-2018,05-21-2019
8c4a274ca1fd1eff16b5966173479ddb,Colonial Coal International Corporation,Canada,https://s3.us-east-2.amazonaws.com/rp-20-sources/mandatory-disclosure-report-8c4a274ca1fd1eff16b5966173479ddb,.pdf,08-01-2015,07-31-2016,12-19-2016
3c87b2e50b5f0655ffb73aafcb4f8e99-a02cdf28500af9a84805bb111cbd412c-1f2e331fe89e6e9fa9671f6b707e445c-1893977379f8d075d126a6ee7581e0fb,ConocoPhillips (U.K.) Limited,United Kingdom of Great Britain and Northern Ireland,https://s3.us-east-2.amazonaws.com/rp-20-sources/mandatory-disclosure-report3c87b2e50b5f0655ffb73aafcb4f8e99-a02cdf28500af9a84805bb111cbd412c-1f2e331fe89e6e9fa9671f6b707e445c-1893977379f8d075d126a6ee7581e0fb,.zip,01-01-2016,12-31-2016,11-20-2017
89164fce6c25f2d9ac8ba1186115dfff,Contact Gold Corporation,Canada,https://s3.us-east-2.amazonaws.com/rp-20-sources/mandatory-disclosure-report-89164fce6c25f2d9ac8ba1186115dfff,.pdf,01-01-2018,12-31-2018,04-05-2019
72522739ec2619a29881d76fc6deeac7,Delphi Energy Corporation,Canada,https://s3.us-east-2.amazonaws.com/rp-20-sources/mandatory-disclosure-report72522739ec2619a29881d76fc6deeac7,.pdf,01-01-2016,12-31-2016,05-20-2017
57e230eae2779897bbafc3ccb88f78cd,Eagle Energy Incorporated,Canada,https://s3.us-east-2.amazonaws.com/rp-20-sources/mandatory-disclosure-report-57e230eae2779897bbafc3ccb88f78cd,.pdf,01-01-2018,12-31-2018,05-28-2019
2b92f8e9073d757d7fc9c9cbea61dce5,Equinor ASA,Norway,https://s3.us-east-2.amazonaws.com/rp-20-sources/mandatory-disclosure-report-2b92f8e9073d757d7fc9c9cbea61dce5,.xlsx,01-01-2018,12-31-2018
af4d436546ef0b5ba2315ef7ede53b26,Excelsior Mining Corporation,Canada,https://s3.us-east-2.amazonaws.com/rp-20-sources/mandatory-disclosure-report-af4d436546ef0b5ba2315ef7ede53b26,.pdf,01-01-2018,12-31-2018,05-28-2019
5106f7a9ade7973f575c1e57d275ecec,Exillon Energy plc,United Kingdom of Great Britain and Northern Ireland,https://s3.us-east-2.amazonaws.com/rp-20-sources/mandatory-disclosure-report5106f7a9ade7973f575c1e57d275ecec,.pdf,01-01-2017,12-31-2017,06-26-2018
0f4d8730d9bfaa2c5aefdbe6853447f0,ExxonMobil Canada Energy Limited,Canada,https://s3.us-east-2.amazonaws.com/rp-20-sources/mandatory-disclosure-report-0f4d8730d9bfaa2c5aefdbe6853447f0,.pdf,01-01-2016,01-31-2017,04-24-2017
f93024c6ea31133336e780068839d173,ExxonMobil Luxembourg et Cie,Luxembourg,https://s3.us-east-2.amazonaws.com/rp-20-sources/mandatory-disclosure-reportf93024c6ea31133336e780068839d173,.pdf,01-01-2016,12-31-2016,12-19-2017
a5dc12ff070d46591025288c1a2590a3,First Mining Gold Corporation,Canada,https://s3.us-east-2.amazonaws.com/rp-20-sources/mandatory-disclosure-reporta5dc12ff070d46591025288c1a2590a3,.pdf,01-01-2016,12-31-2016,05-09-2017
36ef4fad809427107d50a9d163ac2710,Front Range Resources Limited,Canada,https://s3.us-east-2.amazonaws.com/rp-20-sources/mandatory-disclosure-report36ef4fad809427107d50a9d163ac2710,.pdf,01-01-2016,12-31-2016,05-29-2018
3dfef92235aa9eb62294765eb61aeba4,Groupe Bruxelles Lambert (GBL),Belgium,https://s3.us-east-2.amazonaws.com/rp-20-sources/mandatory-disclosure-report-3dfef92235aa9eb62294765eb61aeba4,.pdf,01-01-2015,12-31-2015,05-11-2018
866cca55367dbbe1c2caeb55aec0a064,Gear Energy Limited,Canada,https://s3.us-east-2.amazonaws.com/rp-20-sources/mandatory-disclosure-report866cca55367dbbe1c2caeb55aec0a064,.pdf,01-01-2016,12-31-2016,05-25-2017
6dde0cc638dcbb442c486fb4c2c56c4b,Gem Diamonds Limited,United Kingdom of Great Britain and Northern Ireland,https://s3.us-east-2.amazonaws.com/rp-20-sources/mandatory-disclosure-report6dde0cc638dcbb442c486fb4c2c56c4b,.pdf,01-01-2016,12-31-2016
360a0c9b3f51e50d441e6a430a53d7fc,Denison Mines Corporation,Canada,https://s3.us-east-2.amazonaws.com/rp-20-sources/mandatory-disclosure-report360a0c9b3f51e50d441e6a430a53d7fc,.pdf,01-01-2016,12-31-2016,05-30-2017
50d9cc3ab5de6efe57c1acab949ca2f1,Deuna Zement GmbH,Germany,https://s3.us-east-2.amazonaws.com/rp-20-sources/mandatory-disclosure-report-50d9cc3ab5de6efe57c1acab949ca2f1,.html,01-01-2016,12-31-2016,01-29-2019
f99231c80716719ed452776626a66fba,EnBW Energie Baden-Wurttemberg AG,Germany,https://s3.us-east-2.amazonaws.com/rp-20-sources/mandatory-disclosure-report-f99231c80716719ed452776626a66fba,.html,05-18-2017,12-31-2017,08-13-2018
59b89a2709b8152f48734d9e8473b26f,Gabriel Resources Limited,Canada,https://s3.us-east-2.amazonaws.com/rp-20-sources/mandatory-disclosure-report-59b89a2709b8152f48734d9e8473b26f,.pdf,01-01-2018,12-31-2018,05-31-2019
645ac11f242a22ddd04ccf06089b0595,Gensource Potash Corporation,Canada,https://s3.us-east-2.amazonaws.com/rp-20-sources/mandatory-disclosure-report-645ac11f242a22ddd04ccf06089b0595,.pdf,01-01-2018,12-31-2018,06-17-2019
745425c94ce2e444ddc2b5685a3bc326,GFG Resources Inc.,Canada,https://s3.us-east-2.amazonaws.com/rp-20-sources/mandatory-disclosure-report-745425c94ce2e444ddc2b5685a3bc326,.pdf,07-01-2018,06-30-2019,10-01-2019
d039b3ae5195aaf3d5c3df1b559fb5bc,ConocoPhillips Norge,Norway,https://s3.us-east-2.amazonaws.com/rp-20-sources/mandatory-disclosure-report-d039b3ae5195aaf3d5c3df1b559fb5bc,.pdf,01-01-2017,12-31-2017
848671392b4d66de0d0e0c00d9ae3647-163c25a472b80a9e6c26bb27d635d40c-ddd56b20706230b01ed775409f783731-083b7adc721d282c5408691b4f4d04cf,Chrysaor Production (U.K.) Limited,United Kingdom of Great Britain and Northern Ireland,https://s3.us-east-2.amazonaws.com/rp-20-sources/mandatory-disclosure-report-848671392b4d66de0d0e0c00d9ae3647-163c25a472b80a9e6c26bb27d635d40c-ddd56b20706230b01ed775409f783731-083b7adc721d282c5408691b4f4d04cf,.zip,01-01-2018,12-31-2018,11-28-2019
4f334a8e159bb61ba0ee9a3b2f5e2578,Colonial Coal International Corporation,Canada,https://s3.us-east-2.amazonaws.com/rp-20-sources/mandatory-disclosure-report-4f334a8e159bb61ba0ee9a3b2f5e2578,.pdf,08-01-2018,07-31-2019,12-18-2019
7fd294e0c7c110cce3d45348ffe1a205,Condor Petroleum Incorporated,Canada,https://s3.us-east-2.amazonaws.com/rp-20-sources/mandatory-disclosure-report-7fd294e0c7c110cce3d45348ffe1a205,.pdf,01-01-2018,12-31-2018,05-15-2019
df292a3a40ef636271ac0337d9dac657,Copper Mountain Mining Corporation,Canada,https://s3.us-east-2.amazonaws.com/rp-20-sources/mandatory-disclosure-reportdf292a3a40ef636271ac0337d9dac657,.pdf,01-01-2017,12-31-2017,05-30-2018
7526f6be510b73cbcf2486e535ad3625,Cornerstone Capital Resources Inc.,Canada,https://s3.us-east-2.amazonaws.com/rp-20-sources/mandatory-disclosure-report-7526f6be510b73cbcf2486e535ad3625,.pdf,01-01-2018,12-31-2018,05-14-2019
e4a11a4ab756483dcf98e99f50909fe5,Dexter Construction Company Limited,Canada,https://s3.us-east-2.amazonaws.com/rp-20-sources/mandatory-disclosure-reporte4a11a4ab756483dcf98e99f50909fe5,.pdf,02-01-2016,01-31-2017,06-30-2017
0eb7938797437f8c5609900b33841b65,Dundee Precious Metals Incorporated,Canada,https://s3.us-east-2.amazonaws.com/rp-20-sources/mandatory-disclosure-report-0eb7938797437f8c5609900b33841b65,.pdf,01-01-2018,12-31-2018,05-16-2019
a1399661e953923e9358ae90a87c4847,En+ Group,United Kingdom of Great Britain and Northern Ireland,https://s3.us-east-2.amazonaws.com/rp-20-sources/mandatory-disclosure-reporta1399661e953923e9358ae90a87c4847,.pdf,01-01-2017,12-31-2017
899ed90af4e4fce44e6b83fe54529bdf,Enerplus Corporation,Canada,https://s3.us-east-2.amazonaws.com/rp-20-sources/mandatory-disclosure-report899ed90af4e4fce44e6b83fe54529bdf,.pdf,01-01-2017,12-31-2017,05-29-2018
5cbf82d16112fb14703f8b7c320326db,Excellon Resources Incorporated,Canada,https://s3.us-east-2.amazonaws.com/rp-20-sources/mandatory-disclosure-report5cbf82d16112fb14703f8b7c320326db,.pdf,01-01-2017,12-31-2017,05-24-2018
ec7a5c65406b86638df2ff3b5fc85448,Exillon Energy plc,United Kingdom of Great Britain and Northern Ireland,https://s3.us-east-2.amazonaws.com/rp-20-sources/mandatory-disclosure-reportec7a5c65406b86638df2ff3b5fc85448,.pdf,01-01-2016,12-31-2016,05-25-2017
67f03282f961046efd26fd50240026bc-b9c5dcf9219fdcb4b5b475a16e1eb48d-310007f14295ab00ab1204555868e357-16a3789e5612362cc43cef0707a2be34,Ferrexpo Plc,United Kingdom of Great Britain and Northern Ireland,https://s3.us-east-2.amazonaws.com/rp-20-sources/mandatory-disclosure-report-67f03282f961046efd26fd50240026bc-b9c5dcf9219fdcb4b5b475a16e1eb48d-310007f14295ab00ab1204555868e357-16a3789e5612362cc43cef0707a2be34,.zip,01-01-2018,12-31-2018,06-28-2019
1206d8b248743de214485bd32e7431e2,Firenze Energy Limited,Canada,https://s3.us-east-2.amazonaws.com/rp-20-sources/mandatory-disclosure-report-1206d8b248743de214485bd32e7431e2,.pdf,01-01-2017,12-31-2017,05-06-2018
081f23ac414212a3f58b31f22ab07e72,Franken-Schotter GmbH & Co. KG,Germany,https://s3.us-east-2.amazonaws.com/rp-20-sources/mandatory-disclosure-report-081f23ac414212a3f58b31f22ab07e72,.html,02-01-2017,01-31-2018,02-22-2019
d55d9ee8f719c537307e4c0b3ea92235,Groupe Bruxelles Lambert (GBL),Belgium,https://s3.us-east-2.amazonaws.com/rp-20-sources/mandatory-disclosure-report-d55d9ee8f719c537307e4c0b3ea92235,.pdf,01-01-2016,12-31-2016,05-11-2018
2b7d723349e70f2184ed26b8756d4d55,Corex Resources Limited,Canada,https://s3.us-east-2.amazonaws.com/rp-20-sources/mandatory-disclosure-report-2b7d723349e70f2184ed26b8756d4d55,.xlsx,01-01-2018,12-31-2018,05-29-2019
7a64cc08ccc10f3c4a0f202fe1cfdd36,CruzSur Energy Corporation,Canada,https://s3.us-east-2.amazonaws.com/rp-20-sources/mandatory-disclosure-report-7a64cc08ccc10f3c4a0f202fe1cfdd36,.pdf,01-01-2018,12-31-2018,05-15-2019
e8c3c4c04a41640c75ec8bd0ebb20fe9,Deuna Zement GmbH,Germany,https://s3.us-east-2.amazonaws.com/rp-20-sources/mandatory-disclosure-report-e8c3c4c04a41640c75ec8bd0ebb20fe9,.html,01-01-2017,12-31-2017,05-07-2019
42f3f20d42e9a05bb7455d153b262662,Ember Resources Incorporated,Canada,https://s3.us-east-2.amazonaws.com/rp-20-sources/mandatory-disclosure-report42f3f20d42e9a05bb7455d153b262662,.pdf,01-01-2017,12-31-2017,05-14-2018
3ddd93cf9e7c829b59e970e0f0b610fb,Encana Corporation,Canada,https://s3.us-east-2.amazonaws.com/rp-20-sources/mandatory-disclosure-report-3ddd93cf9e7c829b59e970e0f0b610fb,.pdf,01-01-2018,12-31-2018,05-30-2019
44a424f93afd0a7178548ba8ca493d20,Excellon Resources Incorporated,Canada,https://s3.us-east-2.amazonaws.com/rp-20-sources/mandatory-disclosure-report44a424f93afd0a7178548ba8ca493d20,.pdf,01-01-2016,12-31-2016,05-24-2017
e55c3bfb99f4f6032eebe1f808b990ca,Fiore Gold Limited,Canada,https://s3.us-east-2.amazonaws.com/rp-20-sources/mandatory-disclosure-report-e55c3bfb99f4f6032eebe1f808b990ca,.pdf,10-01-2018,09-30-2019,02-03-2020
9520b86c2883357f0c36f5a657f3e8a7,GB Minerals Limited,Canada,https://s3.us-east-2.amazonaws.com/rp-20-sources/mandatory-disclosure-report-9520b86c2883357f0c36f5a657f3e8a7,.pdf,07-01-2017,02-26-2018,06-08-2018
37d4e7ecede956b4c631e4a285a94b95,Colonial Coal International Corporation,Canada,https://s3.us-east-2.amazonaws.com/rp-20-sources/mandatory-disclosure-report-37d4e7ecede956b4c631e4a285a94b95,.pdf,07-01-2016,08-01-2017,01-26-2018
393f848bd7cb2e02ac27a968eac76676,Connacher Oil and Gas Limited,Canada,https://s3.us-east-2.amazonaws.com/rp-20-sources/mandatory-disclosure-report-393f848bd7cb2e02ac27a968eac76676,.pdf,01-01-2016,12-31-2016,05-24-2017
3fc4a870a549cc4da583f7e599b8a13e-3b89fae123c9a4aa649fdf4c81835afb-32a5735a0d073c76358f713ce73b1646-bbf401a31c5027af2be3db1df87cfa51,Chevron North Sea Limited,United Kingdom of Great Britain and Northern Ireland,https://s3.us-east-2.amazonaws.com/rp-20-sources/mandatory-disclosure-report-3fc4a870a549cc4da583f7e599b8a13e-3b89fae123c9a4aa649fdf4c81835afb-32a5735a0d073c76358f713ce73b1646-bbf401a31c5027af2be3db1df87cfa51,.zip,01-01-2018,12-31-2018,08-13-2019
ba1d4b4f54c049315d5f55dd5be7e1c7-a7a8a74b16cd1621ce55ea3b03872f66-501b56b2a6176eb357f13f3ca11b9bf6-e54c7472473a7fd3748116d824ac30b8,ConocoPhillips Petroleum Company U.K. Limited,United Kingdom of Great Britain and Northern Ireland,https://s3.us-east-2.amazonaws.com/rp-20-sources/mandatory-disclosure-reportba1d4b4f54c049315d5f55dd5be7e1c7-a7a8a74b16cd1621ce55ea3b03872f66-501b56b2a6176eb357f13f3ca11b9bf6-e54c7472473a7fd3748116d824ac30b8,.zip,01-01-2015,12-31-2015,11-10-2016
65f470b0bb5aebc318da0b96b83fc8a3,Conuma Coal Resources Limited,Canada,https://s3.us-east-2.amazonaws.com/rp-20-sources/mandatory-disclosure-report-65f470b0bb5aebc318da0b96b83fc8a3,.pdf,01-01-2016,12-31-2016,06-10-2019
e0c5fbde70cffac813fbf4eda31b079b,Copper Mountain Mining Corporation,Canada,https://s3.us-east-2.amazonaws.com/rp-20-sources/mandatory-disclosure-reporte0c5fbde70cffac813fbf4eda31b079b,.pdf,01-01-2016,12-31-2016,05-30-2017
a7d54bc184a45b2c4f0472c2b60abdeb,Coral Gold Resources Limited,Canada,https://s3.us-east-2.amazonaws.com/rp-20-sources/mandatory-disclosure-reporta7d54bc184a45b2c4f0472c2b60abdeb,.pdf,02-01-2016,01-31-2017,06-14-2017
11f7e1f6efd398eb3e4fe2758ca0b666,Corridor Resources Incorporated,Canada,https://s3.us-east-2.amazonaws.com/rp-20-sources/mandatory-disclosure-report-11f7e1f6efd398eb3e4fe2758ca0b666,.pdf,01-01-2018,12-31-2018,05-27-2019
81c6a870edc967a6296b5aedbca1ee68,Crescent Point Energy Corporation,Canada,https://s3.us-east-2.amazonaws.com/rp-20-sources/mandatory-disclosure-report-81c6a870edc967a6296b5aedbca1ee68,.pdf,01-01-2017,12-31-2017,10-18-2018
d85bd239866e3459cd7c9d8aa7677bbe,Cub Energy Incorporated,Canada,https://s3.us-east-2.amazonaws.com/rp-20-sources/mandatory-disclosure-reportd85bd239866e3459cd7c9d8aa7677bbe,.pdf,01-01-2016,12-31-2016,05-19-2017
037135dfcff0102d607ceae070ea17c3,EnQuest plc,United Kingdom of Great Britain and Northern Ireland,https://s3.us-east-2.amazonaws.com/rp-20-sources/mandatory-disclosure-report037135dfcff0102d607ceae070ea17c3,.pdf,01-01-2017,12-31-2017,06-07-2018
17ad331852b2b8dc4a0d635beb058834,Equinox Gold Corporation,Canada,https://s3.us-east-2.amazonaws.com/rp-20-sources/mandatory-disclosure-report-17ad331852b2b8dc4a0d635beb058834,.pdf,01-01-2018,12-31-2018,05-28-2019
8796e8b24b0fe8f17ad2f9b4dda1e625,Euro Sun Mining Incorporated,Canada,https://s3.us-east-2.amazonaws.com/rp-20-sources/mandatory-disclosure-report8796e8b24b0fe8f17ad2f9b4dda1e625,.pdf,01-01-2016,12-31-2016,05-26-2017
918de682279c9e34dacc7bd3570a31f8-e7555295ca8e321838b40bab17a25413-f59b3fcc06717f8a4a8074ab9a252090-0d418354027db100c728acf3f1adcdb6,EVRAZ plc,United Kingdom of Great Britain and Northern Ireland,https://s3.us-east-2.amazonaws.com/rp-20-sources/mandatory-disclosure-report-918de682279c9e34dacc7bd3570a31f8-e7555295ca8e321838b40bab17a25413-f59b3fcc06717f8a4a8074ab9a252090-0d418354027db100c728acf3f1adcdb6,.zip,01-01-2017,12-31-2017,06-23-2018
ea0c6b55f1e8cae69e588a28333f4a08,ExxonMobil Canada Properties,Canada,https://s3.us-east-2.amazonaws.com/rp-20-sources/mandatory-disclosure-report-ea0c6b55f1e8cae69e588a28333f4a08,.pdf,01-01-2017,12-31-2017,04-23-2018
f6282540fc8341c1d0c449c09a189678,Falco Resources Limited,Canada,https://s3.us-east-2.amazonaws.com/rp-20-sources/mandatory-disclosure-report-f6282540fc8341c1d0c449c09a189678,.pdf,07-01-2015,06-30-2016,11-23-2016
9563e209aa67eb030d0c638284072dc5,Fission 3.0 Corporation,Canada,https://s3.us-east-2.amazonaws.com/rp-20-sources/mandatory-disclosure-report-9563e209aa67eb030d0c638284072dc5,.pdf,07-01-2018,06-30-2019,11-27-2019
31ca15cab20ccd4a5032db0d61140b8d-f7f468dfaf4c46011e7a9c6a7d03c45e-4a3f8b57c4b3bb5f4dd119d4b3b1c3fd-ae96de587190a19d38ed491c8fd681d7,Canadian Natural Resources International (U.K.) Investments Limited,United Kingdom of Great Britain and Northern Ireland,https://s3.us-east-2.amazonaws.com/rp-20-sources/mandatory-disclosure-report-31ca15cab20ccd4a5032db0d61140b8d-f7f468dfaf4c46011e7a9c6a7d03c45e-4a3f8b57c4b3bb5f4dd119d4b3b1c3fd-ae96de587190a19d38ed491c8fd681d7,.zip,01-01-2017,12-31-2017,11-06-2018
70638aaa2c37aa5644d9475dd6ea1685,Cordoba Minerals Corporation,Canada,https://s3.us-east-2.amazonaws.com/rp-20-sources/mandatory-disclosure-report-70638aaa2c37aa5644d9475dd6ea1685,.pdf,01-01-2018,12-31-2018,04-01-2019
79af8aa449113e38406de4ce85e12106,Cornwall Gravel Company Limited,Canada,https://s3.us-east-2.amazonaws.com/rp-20-sources/mandatory-disclosure-report-79af8aa449113e38406de4ce85e12106,.pdf,01-01-2017,12-31-2017,05-30-2018
51fb755878f678a17dc7e884fdc09f1b,Cornwall Gravel Company Limited,Canada,https://s3.us-east-2.amazonaws.com/rp-20-sources/mandatory-disclosure-report-51fb755878f678a17dc7e884fdc09f1b,.pdf,01-01-2018,12-31-2018,07-19-2019
8e7cdb89d7bf904c9cb5b3fef5233aac,Entree Resources Limited,Canada,https://s3.us-east-2.amazonaws.com/rp-20-sources/mandatory-disclosure-report8e7cdb89d7bf904c9cb5b3fef5233aac,.pdf,01-01-2016,12-31-2016,05-15-2017
17840a63504d3be69d7128ffc13bd67e,Fengro Industries Corporation,Canada,https://s3.us-east-2.amazonaws.com/rp-20-sources/mandatory-disclosure-report-17840a63504d3be69d7128ffc13bd67e,.pdf,10-01-2017,09-30-2018,04-03-2019
1c554b87e5fd1a77d6a9174d00de1063,Financiere De Gestions Internationales SCA,Luxembourg,https://s3.us-east-2.amazonaws.com/rp-20-sources/mandatory-disclosure-report-1c554b87e5fd1a77d6a9174d00de1063,.pdf,01-01-2017,12-31-2017,12-28-2018
a0d6cf805cb8b33fe9a1a97db7d9af6e,Fission 3.0 Corporation,Canada,https://s3.us-east-2.amazonaws.com/rp-20-sources/mandatory-disclosure-reporta0d6cf805cb8b33fe9a1a97db7d9af6e,.pdf,07-01-2015,06-30-2016,11-28-2016
9b7af944db204871a6ecfb9bfc52c8c5,Fort Hills Energy Limited Partnership,Canada,https://s3.us-east-2.amazonaws.com/rp-20-sources/mandatory-disclosure-report-9b7af944db204871a6ecfb9bfc52c8c5,.pdf,01-01-2018,12-31-2018,05-24-2019
9f5f0058fa3b85adc630f3fa339888df,Fortuna Silver Mines Incorporated,Canada,https://s3.us-east-2.amazonaws.com/rp-20-sources/mandatory-disclosure-report9f5f0058fa3b85adc630f3fa339888df,.pdf,01-01-2017,12-31-2017,05-30-2018
2dca199a172f2bebe00e16e12e7a9fc1,Franken-Schotter GmbH & Co. KG,Germany,https://s3.us-east-2.amazonaws.com/rp-20-sources/mandatory-disclosure-report-2dca199a172f2bebe00e16e12e7a9fc1,.html,02-01-2018,01-31-2019,02-11-2020
e3163177e2b46ecf9a0fb28bc2e84876,Gabriel Resources Limited,Canada,https://s3.us-east-2.amazonaws.com/rp-20-sources/mandatory-disclosure-reporte3163177e2b46ecf9a0fb28bc2e84876,.pdf,01-01-2017,12-31-2017,05-23-2018
147706a3006aeaa3c1bbc83d7d1ed2d1-80f4f6585ef914798d5e6b9978e250e9-9ec5da820f50fe07ec15a59e8adefd60-652002cd5f6dcb6d454f00763b95a32c,Gemfields plc,United Kingdom of Great Britain and Northern Ireland,https://s3.us-east-2.amazonaws.com/rp-20-sources/mandatory-disclosure-report-147706a3006aeaa3c1bbc83d7d1ed2d1-80f4f6585ef914798d5e6b9978e250e9-9ec5da820f50fe07ec15a59e8adefd60-652002cd5f6dcb6d454f00763b95a32c,.zip,07-01-2016,06-30-2017,06-06-2018
cb09c71b66b1b80cdb52194ef9312329,Girnghuber GmbH,Germany,https://s3.us-east-2.amazonaws.com/rp-20-sources/mandatory-disclosure-report-cb09c71b66b1b80cdb52194ef9312329,.html,04-01-2016,03-31-2017,10-31-2019
b63399bb1f271222076249cc17e63e27,Chalice Gold Mines Limited,Canada,https://s3.us-east-2.amazonaws.com/rp-20-sources/mandatory-disclosure-report-b63399bb1f271222076249cc17e63e27,.pdf,07-01-2017,06-30-2018,11-16-2018
88f5e30b888319c5d4462935f9495b69,Chevron Canada Limited,Canada,https://s3.us-east-2.amazonaws.com/rp-20-sources/mandatory-disclosure-report-88f5e30b888319c5d4462935f9495b69,.pdf,01-01-2018,12-31-2018,05-29-2019
4a0ef1423849991d03747e341d5566ca-d97babdb2997cc53982d980ddbea6779-a78e5e0f0ecceb01af761809b5e8495a-894ef88332575c25b1ff9f0d72dabd70,Chevron North Sea Limited,United Kingdom of Great Britain and Northern Ireland,https://s3.us-east-2.amazonaws.com/rp-20-sources/mandatory-disclosure-report-4a0ef1423849991d03747e341d5566ca-d97babdb2997cc53982d980ddbea6779-a78e5e0f0ecceb01af761809b5e8495a-894ef88332575c25b1ff9f0d72dabd70,.zip,01-01-2017,12-31-2017,10-11-2018
6970a8032551d8220717bfbff96eceff,Ciment Quebec Incorporated,Canada,https://s3.us-east-2.amazonaws.com/rp-20-sources/mandatory-disclosure-report-6970a8032551d8220717bfbff96eceff,.pdf,01-01-2018,12-31-2018,04-30-2019
853d52068dd4a30a2b5c970caabc293f,Condor Petroleum Incorporated,Canada,https://s3.us-east-2.amazonaws.com/rp-20-sources/mandatory-disclosure-report853d52068dd4a30a2b5c970caabc293f,.pdf,01-01-2017,12-31-2017,05-14-2018
e9cfae255cd9a1100a55b976bbcbe253,Chalice Gold Mines Limited,Canada,https://s3.us-east-2.amazonaws.com/rp-20-sources/mandatory-disclosure-report-e9cfae255cd9a1100a55b976bbcbe253,.pdf,07-01-2018,06-30-2019,11-07-2019
f6c568233d77cc1860e3b9feb90c2a05,Compass Minerals Canada Corporation,Canada,https://s3.us-east-2.amazonaws.com/rp-20-sources/mandatory-disclosure-report-f6c568233d77cc1860e3b9feb90c2a05,.pdf,01-01-2018,12-31-2018,05-29-2019
18199caa0855a0ef9ec849e14df277c6,EMX Royalty Corporation,Canada,https://s3.us-east-2.amazonaws.com/rp-20-sources/mandatory-disclosure-report18199caa0855a0ef9ec849e14df277c6,.pdf,01-01-2017,12-31-2017,05-30-2018
9b13f9dd39c7bc1896fd9e56c9dbc050,Euro Sun Mining Incorporated,Canada,https://s3.us-east-2.amazonaws.com/rp-20-sources/mandatory-disclosure-report-9b13f9dd39c7bc1896fd9e56c9dbc050,.pdf,01-01-2019,12-31-2019,03-10-2020
2ef9fbb58aa99eea7320d4c20faf03ba,Frontera Energy Corporation,Canada,https://s3.us-east-2.amazonaws.com/rp-20-sources/mandatory-disclosure-report-2ef9fbb58aa99eea7320d4c20faf03ba,.pdf,01-01-2018,12-31-2018,05-29-2019
77e0842c2c81de96d148b5d9098087ab,City of Medicine Hat,Canada,https://s3.us-east-2.amazonaws.com/rp-20-sources/mandatory-disclosure-report77e0842c2c81de96d148b5d9098087ab,.pdf,01-01-2016,12-31-2016,05-24-2017
84e752821b30fdae4a95ad9abea637c1,City of Medicine Hat,Canada,https://s3.us-east-2.amazonaws.com/rp-20-sources/mandatory-disclosure-report-84e752821b30fdae4a95ad9abea637c1,.pdf,01-01-2018,12-31-2018,05-28-2019
2a0cedf0ae635bfe8c80eab6783c233f,ConocoPhillips Canada Resources Corporation,Canada,https://s3.us-east-2.amazonaws.com/rp-20-sources/mandatory-disclosure-report2a0cedf0ae635bfe8c80eab6783c233f,.pdf,01-01-2017,12-31-2017,05-29-2018
a9df7ec58f5d27e621e2e6378aacfe40,Continental Gold Incorporated,Canada,https://s3.us-east-2.amazonaws.com/rp-20-sources/mandatory-disclosure-report-a9df7ec58f5d27e621e2e6378aacfe40,.pdf,01-01-2018,12-31-2018,05-24-2019
3e573ea7a87e5199b6df1a2ff2fb4cd0,Cornerstone Capital Resources Inc.,Canada,https://s3.us-east-2.amazonaws.com/rp-20-sources/mandatory-disclosure-report-3e573ea7a87e5199b6df1a2ff2fb4cd0,.pdf,01-01-2017,12-31-2017,05-14-2019
a2a04a22923a5befa952d2a95767fee9,CRH plc,Ireland,https://s3.us-east-2.amazonaws.com/rp-20-sources/mandatory-disclosure-report-a2a04a22923a5befa952d2a95767fee9,.pdf,01-01-2017,12-31-2017
d337eef203eb81a6c103f72a1ee5f228,CRH plc,Ireland,https://s3.us-east-2.amazonaws.com/rp-20-sources/mandatory-disclosure-report-d337eef203eb81a6c103f72a1ee5f228,.pdf,01-01-2018,12-31-2018
bd3e7e74269aab8d1549f17e77d9b6e0-32ee1aa4976e1d6fc135ebe79df21a3c-b5e3d024e2e0ffd3f04027abb72ccfef-9b724423496e7721e05e52b927b0a12c,Dana Petroleum Limited,United Kingdom of Great Britain and Northern Ireland,https://s3.us-east-2.amazonaws.com/rp-20-sources/mandatory-disclosure-report-bd3e7e74269aab8d1549f17e77d9b6e0-32ee1aa4976e1d6fc135ebe79df21a3c-b5e3d024e2e0ffd3f04027abb72ccfef-9b724423496e7721e05e52b927b0a12c,.zip,01-01-2017,12-31-2017,11-07-2018
8631bf2ea4223b5e01d73a6593601518,Delphi Energy Corporation,Canada,https://s3.us-east-2.amazonaws.com/rp-20-sources/mandatory-disclosure-report-8631bf2ea4223b5e01d73a6593601518,.pdf,01-01-2018,12-31-2018,05-01-2019
6b501ce23611b1448e161a4fcfec5a16,Devon Operating Company Limited,Canada,https://s3.us-east-2.amazonaws.com/rp-20-sources/mandatory-disclosure-report6b501ce23611b1448e161a4fcfec5a16,.pdf,01-01-2016,12-31-2016,05-24-2017
c9e115f67b52509d9ebeb1e94c0b0224,Dominion Diamond Mines,Canada,https://s3.us-east-2.amazonaws.com/rp-20-sources/mandatory-disclosure-report-c9e115f67b52509d9ebeb1e94c0b0224,.pdf,02-01-2017,01-31-2018,07-03-2018
47eac42432f23b011d5aab83991065c7,Dynacor Gold Mines,Canada,https://s3.us-east-2.amazonaws.com/rp-20-sources/mandatory-disclosure-report-47eac42432f23b011d5aab83991065c7,.pdf,01-01-2018,12-31-2018,05-29-2019
e58a59d081ae5304eb9128add723a272,Enerplus Corporation,Canada,https://s3.us-east-2.amazonaws.com/rp-20-sources/mandatory-disclosure-reporte58a59d081ae5304eb9128add723a272,.pdf,01-01-2016,12-31-2016,05-30-2017
e317972aac39cf022fc4d158904aa1da,Etablissements Maurel & Prom S.A.,France,https://s3.us-east-2.amazonaws.com/rp-20-sources/mandatory-disclosure-report-e317972aac39cf022fc4d158904aa1da,.pdf,01-01-2018,12-31-2018
2863dccfd23093adb88d8dbb1e1725b6,Midland Exploration Incorporated,Canada,https://s3.us-east-2.amazonaws.com/rp-20-sources/mandatory-disclosure-report-2863dccfd23093adb88d8dbb1e1725b6,.pdf,10-01-2017,09-30-2018,02-20-2019
a3c04f8fa9a3387c7e7d838f35bcb5fe,Firenze Energy Limited,Canada,https://s3.us-east-2.amazonaws.com/rp-20-sources/mandatory-disclosure-report-a3c04f8fa9a3387c7e7d838f35bcb5fe,.pdf,01-01-2018,12-31-2018,05-30-2019
06d85a6a81b9880258042778b46e080a,Gear Energy Limited,Canada,https://s3.us-east-2.amazonaws.com/rp-20-sources/mandatory-disclosure-report-06d85a6a81b9880258042778b46e080a,.pdf,01-01-2018,12-31-2018,05-27-2019
5d1c5c788fe7e207e55982c352857034,Genel Energy PLC,United Kingdom of Great Britain and Northern Ireland,https://s3.us-east-2.amazonaws.com/rp-20-sources/mandatory-disclosure-report5d1c5c788fe7e207e55982c352857034,.pdf,01-01-2016,12-31-2016
5aa29974ab0c1cf275216d5e8d58f334,Chalice Gold Mines Limited,Canada,https://s3.us-east-2.amazonaws.com/rp-20-sources/mandatory-disclosure-report5aa29974ab0c1cf275216d5e8d58f334,.pdf,07-01-2016,06-30-2017,11-16-2017
5b39380953568449aaa104027990bb2a,Dundee Corporation,Canada,https://s3.us-east-2.amazonaws.com/rp-20-sources/mandatory-disclosure-report-5b39380953568449aaa104027990bb2a,.pdf,01-01-2017,12-31-2017,03-27-2019
2f298819b6e5dcdbdf726ba9d2bf23a0,Dundee Precious Metals Incorporated,Canada,https://s3.us-east-2.amazonaws.com/rp-20-sources/mandatory-disclosure-report2f298819b6e5dcdbdf726ba9d2bf23a0,.pdf,01-01-2016,12-31-2016,05-29-2017
a9401f3d6444c8dd4f888e3a9cadee34,Eastern Platinum Limited,Canada,https://s3.us-east-2.amazonaws.com/rp-20-sources/mandatory-disclosure-reporta9401f3d6444c8dd4f888e3a9cadee34,.pdf,01-01-2016,12-31-2016,05-30-2017
95e0347a15be101e3be11df5d66dca43,Eastern Platinum Limited,Canada,https://s3.us-east-2.amazonaws.com/rp-20-sources/mandatory-disclosure-report95e0347a15be101e3be11df5d66dca43,.pdf,01-01-2017,12-31-2017,05-28-2018
7ed5cc8af47326b8df596c9ab335f02c-bc59a75d9dd892683d2b45424afdd65f-957917aaae9b65537b98d16e7704755a-de338a7728c64995c9cfb5e8d2ed620b,Ferrexpo Plc,United Kingdom of Great Britain and Northern Ireland,https://s3.us-east-2.amazonaws.com/rp-20-sources/mandatory-disclosure-report7ed5cc8af47326b8df596c9ab335f02c-bc59a75d9dd892683d2b45424afdd65f-957917aaae9b65537b98d16e7704755a-de338a7728c64995c9cfb5e8d2ed620b,.zip,01-01-2016,12-31-2016,07-06-2017
c998b837ecf74edebfb7dfcc7b338f10-dea9b27856b00a9cafbd24d517cc38d0-65cee87c7967ba63bb9c37accc3840d8-f7099d64788669cc4a780f87d7de02df,Ferrexpo Plc,United Kingdom of Great Britain and Northern Ireland,https://s3.us-east-2.amazonaws.com/rp-20-sources/mandatory-disclosure-report-c998b837ecf74edebfb7dfcc7b338f10-dea9b27856b00a9cafbd24d517cc38d0-65cee87c7967ba63bb9c37accc3840d8-f7099d64788669cc4a780f87d7de02df,.zip,01-01-2017,12-31-2017,06-27-2018
3bd42d5bfd6d68e2de77750899881f6b,Gain Energy Limited,Canada,https://s3.us-east-2.amazonaws.com/rp-20-sources/mandatory-disclosure-report3bd42d5bfd6d68e2de77750899881f6b,.pdf,08-11-2017,12-31-2017,03-07-2018
8007cfb38ce6eb7ccb334c0ffc390a03,Genel Energy PLC,United Kingdom of Great Britain and Northern Ireland,https://s3.us-east-2.amazonaws.com/rp-20-sources/mandatory-disclosure-report8007cfb38ce6eb7ccb334c0ffc390a03,.pdf,01-01-2017,12-31-2017,04-12-2018
988e03737a663ef482068d444540f129,Geomark Exploration Limited,Canada,https://s3.us-east-2.amazonaws.com/rp-20-sources/mandatory-disclosure-report988e03737a663ef482068d444540f129,.pdf,01-01-2017,12-31-2017,05-25-2018
5922fa6499cd97a20d36148319276b61-9a6b223ec4731a6383d4ffe7ee63f83f-eaead40dc09617fb42391922dce6e3f2-5d591a5a13d0e27cc5dea77830fcacfd,Chrysaor Resources (Irish Sea) Limited,United Kingdom of Great Britain and Northern Ireland,https://s3.us-east-2.amazonaws.com/rp-20-sources/mandatory-disclosure-report-5922fa6499cd97a20d36148319276b61-9a6b223ec4731a6383d4ffe7ee63f83f-eaead40dc09617fb42391922dce6e3f2-5d591a5a13d0e27cc5dea77830fcacfd,.zip,01-01-2018,12-31-2018,11-28-2019
835ce412bfdadb9f4989de584acc0724,Compania Espanola de Petroleos S.A.U.,Spain,https://s3.us-east-2.amazonaws.com/rp-20-sources/mandatory-disclosure-report835ce412bfdadb9f4989de584acc0724,.pdf,01-01-2016,12-31-2016,07-20-2017
27751819293f68844da86422c7908b7d-46a98dec466e49f7de34c5f552b1939e-87aa313a05be455357480737910f16ce-d555abb4ed168a09f6118d9c628c2224,ConocoPhillips Petroleum Company U.K. Limited,United Kingdom of Great Britain and Northern Ireland,https://s3.us-east-2.amazonaws.com/rp-20-sources/mandatory-disclosure-report-27751819293f68844da86422c7908b7d-46a98dec466e49f7de34c5f552b1939e-87aa313a05be455357480737910f16ce-d555abb4ed168a09f6118d9c628c2224,.zip,01-01-2017,12-31-2017,11-08-2018
c41e086abfad8e42654813f9aa52af9a,Coro Mining Corporation,Canada,https://s3.us-east-2.amazonaws.com/rp-20-sources/mandatory-disclosure-report-c41e086abfad8e42654813f9aa52af9a,.pdf,01-01-2018,12-31-2018,06-04-2019
e4dee8cd29a956e738debfdbf72ef88a,Discovery Metals Corporation,Canada,https://s3.us-east-2.amazonaws.com/rp-20-sources/mandatory-disclosure-reporte4dee8cd29a956e738debfdbf72ef88a,.pdf,01-09-2017,12-31-2017,05-14-2018
97ec1c1fe04fc8028116330778f7ad84,eCobalt Solutions Incorporated,Canada,https://s3.us-east-2.amazonaws.com/rp-20-sources/mandatory-disclosure-report-97ec1c1fe04fc8028116330778f7ad84,.pdf,01-01-2018,12-31-2018,06-18-2019
29278c5b1a2a0feaff96513e8db1b5ef,Ember Resources Incorporated,Canada,https://s3.us-east-2.amazonaws.com/rp-20-sources/mandatory-disclosure-report-29278c5b1a2a0feaff96513e8db1b5ef,.pdf,01-01-2018,12-31-2018
29049abdad12ed938e371e4ae7d2b5a8-ab6405c4c0741687d3e394b04b3169bf-bed2986e4640564e5887c49588ae5457-072a93de1513f94bda5ca8d5d5de9359,Endeavour Energy UK Limited,United Kingdom of Great Britain and Northern Ireland,https://s3.us-east-2.amazonaws.com/rp-20-sources/mandatory-disclosure-report-29049abdad12ed938e371e4ae7d2b5a8-ab6405c4c0741687d3e394b04b3169bf-bed2986e4640564e5887c49588ae5457-072a93de1513f94bda5ca8d5d5de9359,.zip,01-01-2018,12-31-2018,11-06-2019
6baec4545fbe982597ccbb80cabf8b77,Engie S.A.,France,https://s3.us-east-2.amazonaws.com/rp-20-sources/mandatory-disclosure-report-6baec4545fbe982597ccbb80cabf8b77,.pdf,01-01-2016,12-31-2016
0ad1cb3fac6457b912666f57e0ed7053,Entree Resources Limited,Canada,https://s3.us-east-2.amazonaws.com/rp-20-sources/mandatory-disclosure-report-0ad1cb3fac6457b912666f57e0ed7053,.pdf,01-01-2018,12-31-2018,05-29-2019
67411ff3d7ac2f9e0eac751c1e640abd,ExxonMobil Luxembourg et Cie,Luxembourg,https://s3.us-east-2.amazonaws.com/rp-20-sources/mandatory-disclosure-report-67411ff3d7ac2f9e0eac751c1e640abd,.pdf,01-01-2017,12-31-2017,12-19-2018
7dfdabcc15c4376a5d4d8abe5676f963,Falco Resources Limited,Canada,https://s3.us-east-2.amazonaws.com/rp-20-sources/mandatory-disclosure-report-7dfdabcc15c4376a5d4d8abe5676f963,.pdf,07-01-2017,06-30-2018,11-27-2018
9c0c7db678cd4167324182ff48b5d656,First Quantum Minerals Limited,Canada,https://s3.us-east-2.amazonaws.com/rp-20-sources/mandatory-disclosure-report9c0c7db678cd4167324182ff48b5d656,.pdf,01-01-2016,12-31-2016,05-29-2017
a9076171d97d3b2749a204581ae968da,Fission 3.0 Corporation,Canada,https://s3.us-east-2.amazonaws.com/rp-20-sources/mandatory-disclosure-reporta9076171d97d3b2749a204581ae968da,.pdf,07-01-2016,06-30-2017,11-27-2017
fe1adc0de457d8ba5b6f4e7ca1f02e9c,ConocoPhillips Canada Resources Corporation,Canada,https://s3.us-east-2.amazonaws.com/rp-20-sources/mandatory-disclosure-report-fe1adc0de457d8ba5b6f4e7ca1f02e9c,.pdf,01-01-2018,12-31-2018,05-24-2019
7056b9e15b9fab1033797b3712daeebf-fea5fbf9cc4e521e5346539372b2bdd6-80c16cbf7b41c8507fdd47c1a7034a58-5e85246609af51e59af372c70265ae8a,Dana Petroleum Limited,United Kingdom of Great Britain and Northern Ireland,https://s3.us-east-2.amazonaws.com/rp-20-sources/mandatory-disclosure-report7056b9e15b9fab1033797b3712daeebf-fea5fbf9cc4e521e5346539372b2bdd6-80c16cbf7b41c8507fdd47c1a7034a58-5e85246609af51e59af372c70265ae8a,.zip,01-01-2015,12-31-2015,11-29-2016
a6077a5d2e984580d8b3cd0465b70b26,Electricite de France S.A.,France,https://s3.us-east-2.amazonaws.com/rp-20-sources/mandatory-disclosure-reporta6077a5d2e984580d8b3cd0465b70b26,.pdf,01-01-2016,12-31-2016
97426c263de0531c25dccb81283b6e7a,Electricite de France S.A.,France,https://s3.us-east-2.amazonaws.com/rp-20-sources/mandatory-disclosure-report97426c263de0531c25dccb81283b6e7a,.pdf,01-01-2017,12-31-2017
00dc6e63c68f0df95ad50e0706725ff9,Enea S.A.,Poland,https://s3.us-east-2.amazonaws.com/rp-20-sources/mandatory-disclosure-report-00dc6e63c68f0df95ad50e0706725ff9,.pdf,01-01-2016,12-31-2016
a5f8212d19e09351651895407eabe33b,Enercapita Energy L.P.,Canada,https://s3.us-east-2.amazonaws.com/rp-20-sources/mandatory-disclosure-reporta5f8212d19e09351651895407eabe33b,.pdf,01-01-2017,12-31-2017,05-30-2018
f39910a0ee92d720bb24469cae5402d4-0f3b66a10be9846b8e50fb5a544151f0-3ffed5ff4c36f469b249b348ff872996-d67406db68fb5d2c67c79644a115fe97,EVRAZ plc,United Kingdom of Great Britain and Northern Ireland,https://s3.us-east-2.amazonaws.com/rp-20-sources/mandatory-disclosure-reportf39910a0ee92d720bb24469cae5402d4-0f3b66a10be9846b8e50fb5a544151f0-3ffed5ff4c36f469b249b348ff872996-d67406db68fb5d2c67c79644a115fe97,.zip,01-01-2016,12-31-2016,06-19-2017
ba9e29142117b3bfcbcad6c7e171a72e,First Quantum Minerals Limited,Canada,https://s3.us-east-2.amazonaws.com/rp-20-sources/mandatory-disclosure-report-ba9e29142117b3bfcbcad6c7e171a72e,.pdf,01-01-2017,12-31-2017,05-30-2019
5101e7a39dbdefa27a83f80f117712cd,G3 Exploration Limited,United Kingdom of Great Britain and Northern Ireland,https://s3.us-east-2.amazonaws.com/rp-20-sources/mandatory-disclosure-report5101e7a39dbdefa27a83f80f117712cd,.html,01-01-2016,12-31-2016,05-03-2018
f0bc4b5edd628c0158e92dd55e3ccc3b,Gem Diamonds Limited,United Kingdom of Great Britain and Northern Ireland,https://s3.us-east-2.amazonaws.com/rp-20-sources/mandatory-disclosure-report-f0bc4b5edd628c0158e92dd55e3ccc3b,.html,01-01-2018,12-31-2018,06-11-2019
c8750c7f307a132aadf5be30a5446007,Galane Gold Limited,Canada,https://s3.us-east-2.amazonaws.com/rp-20-sources/mandatory-disclosure-reportc8750c7f307a132aadf5be30a5446007,.pdf,01-01-2016,12-31-2016,05-30-2017
2698a67695e000c4e890f3a10727c581,Groupe Bruxelles Lambert (GBL),Belgium,https://s3.us-east-2.amazonaws.com/rp-20-sources/mandatory-disclosure-report-2698a67695e000c4e890f3a10727c581,.pdf,01-01-2017,12-31-2017,05-11-2018
395ee1051233305284823a9e4c2bf625,Goldgroup Mining Incorporated,Canada,https://s3.us-east-2.amazonaws.com/rp-20-sources/mandatory-disclosure-report-395ee1051233305284823a9e4c2bf625,.pdf,01-01-2018,12-31-2018,04-10-2019
ff90fcba8b5f60a5000741ef9cf398a1,Greenfields Petroleum Corporation,Canada,https://s3.us-east-2.amazonaws.com/rp-20-sources/mandatory-disclosure-reportff90fcba8b5f60a5000741ef9cf398a1,.pdf,01-01-2017,12-31-2017,05-18-2018
b6cdc144d3420f3ef94f819be4416ffa,"Grupa Azoty Zaklady Chemiczne ""Police"" S.A.",Poland,https://s3.us-east-2.amazonaws.com/rp-20-sources/mandatory-disclosure-report-b6cdc144d3420f3ef94f819be4416ffa,.pdf,01-01-2017,12-31-2017,04-12-2018
9998dca3062a0df8b5f62de99bbf360d,Hudson Resources Incorporated,Canada,https://s3.us-east-2.amazonaws.com/rp-20-sources/mandatory-disclosure-report-9998dca3062a0df8b5f62de99bbf360d,.pdf,04-01-2017,03-31-2018,01-23-2020
48276b4bc880be04bb497bf575b021ff,Imperial Oil Limited,Canada,https://s3.us-east-2.amazonaws.com/rp-20-sources/mandatory-disclosure-report-48276b4bc880be04bb497bf575b021ff,.pdf,01-01-2018,12-31-2018,05-29-2019
42fe62d5bd1e31918e1f482b0b133515-9e32a0ca09502c719c4c627665090268-99b59ee7fba502cd0e863a54276a2384-d3df9551f246ff18e408d9a82d0ec0e0,Ithaca Energy (UK) Limited,United Kingdom of Great Britain and Northern Ireland,https://s3.us-east-2.amazonaws.com/rp-20-sources/mandatory-disclosure-report42fe62d5bd1e31918e1f482b0b133515-9e32a0ca09502c719c4c627665090268-99b59ee7fba502cd0e863a54276a2384-d3df9551f246ff18e408d9a82d0ec0e0,.zip,01-01-2015,12-31-2015,11-16-2016
29dc95e24eb1718de15093c5202e9bfa,Hecla Quebec Incorporated,Canada,https://s3.us-east-2.amazonaws.com/rp-20-sources/mandatory-disclosure-report-29dc95e24eb1718de15093c5202e9bfa,.pdf,01-01-2017,12-31-2017,05-23-2018
95ee9d2c011a7698441b70f36d395f63,Hemisphere Energy Corporation,Canada,https://s3.us-east-2.amazonaws.com/rp-20-sources/mandatory-disclosure-report-95ee9d2c011a7698441b70f36d395f63,.pdf,01-01-2018,12-31-2018,05-30-2019
25da9474268b0e903f967f2ee6b974a7,Huckleberry Mines Limited,Canada,https://s3.us-east-2.amazonaws.com/rp-20-sources/mandatory-disclosure-report25da9474268b0e903f967f2ee6b974a7,.pdf,01-01-2016,12-31-2016,05-30-2017
d64a1d047eaf41a4acf52291f80dd9c8,Kaizen Discovery Incorporated,Canada,https://s3.us-east-2.amazonaws.com/rp-20-sources/mandatory-disclosure-reportd64a1d047eaf41a4acf52291f80dd9c8,.pdf,01-01-2017,12-31-2017,05-23-2018
7f235fe98c6494f8443a281efd191489,Imerys Metalcasting Germany GmbH,Germany,https://s3.us-east-2.amazonaws.com/rp-20-sources/mandatory-disclosure-report-7f235fe98c6494f8443a281efd191489,.html,01-01-2016,12-31-2016,10-29-2019
86bc3e9fe02f5d62dff97d849eff9f4c,Klondex Mines Limited,Canada,https://s3.us-east-2.amazonaws.com/rp-20-sources/mandatory-disclosure-report86bc3e9fe02f5d62dff97d849eff9f4c,.pdf,01-01-2017,12-31-2017,05-29-2018
be214e5888605132eece4e77bcfb6bd2,Lafarge Canada Incorporated,Canada,https://s3.us-east-2.amazonaws.com/rp-20-sources/mandatory-disclosure-reportbe214e5888605132eece4e77bcfb6bd2,.pdf,01-01-2017,12-31-2017,05-28-2018
a5fcd781248c44f90c90b6c5356443c9,LafargeHolcim Limited,France,https://s3.us-east-2.amazonaws.com/rp-20-sources/mandatory-disclosure-report-a5fcd781248c44f90c90b6c5356443c9,.pdf,01-01-2015,12-31-2015
3fa4e35add4bd60f77e40d3310748581,Kincora Copper Limited,Canada,https://s3.us-east-2.amazonaws.com/rp-20-sources/mandatory-disclosure-report-3fa4e35add4bd60f77e40d3310748581,.xlsx,01-01-2017,12-31-2017
2583643e9abda6d0d9d087704b08b462,Kinross Gold Corporation,Canada,https://s3.us-east-2.amazonaws.com/rp-20-sources/mandatory-disclosure-report2583643e9abda6d0d9d087704b08b462,.pdf,01-01-2017,12-31-2017,05-30-2018
a35b073383f4fec2e829b0d05a2a8c94,Eco Oro Minerals Corporation,Canada,https://s3.us-east-2.amazonaws.com/rp-20-sources/mandatory-disclosure-report-a35b073383f4fec2e829b0d05a2a8c94,.pdf,01-01-2017,12-31-2017,05-29-2018
350a63bac843fae504519fcf9fe13856-c0b997bea638c12f6217f754548356e4-e869fc646c3cd4a3ff1d8f18d33d8adf-ec519f7665110905a18260379d87bc7a,Endeavour Energy UK Limited,United Kingdom of Great Britain and Northern Ireland,https://s3.us-east-2.amazonaws.com/rp-20-sources/mandatory-disclosure-report350a63bac843fae504519fcf9fe13856-c0b997bea638c12f6217f754548356e4-e869fc646c3cd4a3ff1d8f18d33d8adf-ec519f7665110905a18260379d87bc7a,.zip,01-01-2016,12-31-2016,11-23-2017
c10e9832080b99bb548ed3a17057eee5-015a61655bcd3d2200bdeb033908c0ca-5eddb3eb880cb9440a81eac673b12472-0c927d848e4e6f52433bb2280e493187,ESSO Exploration and Production UK Limited,United Kingdom of Great Britain and Northern Ireland,https://s3.us-east-2.amazonaws.com/rp-20-sources/mandatory-disclosure-report-c10e9832080b99bb548ed3a17057eee5-015a61655bcd3d2200bdeb033908c0ca-5eddb3eb880cb9440a81eac673b12472-0c927d848e4e6f52433bb2280e493187,.zip,01-01-2018,12-31-2018,10-22-2019
5de1ece7c55c58a161a86049741b97f8,Freehold Royalties Limited,Canada,https://s3.us-east-2.amazonaws.com/rp-20-sources/mandatory-disclosure-report5de1ece7c55c58a161a86049741b97f8,.pdf,01-01-2016,12-31-2016,05-30-2017
65c770e3ac45c905417c8c6ae9167026,Frontera Energy Corporation,Canada,https://s3.us-east-2.amazonaws.com/rp-20-sources/mandatory-disclosure-report-65c770e3ac45c905417c8c6ae9167026,.pdf,01-01-2016,12-31-2016,09-03-2019
d84f97f6ef904851b0c86b956f73c63b,Genel Energy PLC,United Kingdom of Great Britain and Northern Ireland,https://s3.us-east-2.amazonaws.com/rp-20-sources/mandatory-disclosure-report-d84f97f6ef904851b0c86b956f73c63b,.pdf,01-01-2018,12-31-2018,04-09-2019
a47724475a8f74bd16c40f62ff3580a6,Glen Eagle Resources Incorporated,Canada,https://s3.us-east-2.amazonaws.com/rp-20-sources/mandatory-disclosure-report-a47724475a8f74bd16c40f62ff3580a6,.pdf,01-01-2017,12-31-2017,05-22-2018
ec68e73d4ecacf0c4a95a25a81854032,Centamin plc,United Kingdom of Great Britain and Northern Ireland,https://s3.us-east-2.amazonaws.com/rp-20-sources/mandatory-disclosure-reportec68e73d4ecacf0c4a95a25a81854032,.pdf,01-01-2016,12-31-2016,02-01-2017
e85f74036be32b909a899f8de8212be5,Ciment Quebec Incorporated,Canada,https://s3.us-east-2.amazonaws.com/rp-20-sources/mandatory-disclosure-report-e85f74036be32b909a899f8de8212be5,.pdf,01-01-2016,12-31-2016,06-27-2017
a909eb4de9df83ad1d77b829b731be24,Clariant Produkte (Deutschland) GmbH,Germany,https://s3.us-east-2.amazonaws.com/rp-20-sources/mandatory-disclosure-report-a909eb4de9df83ad1d77b829b731be24,.html,01-01-2018,12-31-2018,09-03-2019
21dc7e76d3767a74c71fd1d9df4ed97f-d0fd136bfb769da2a5781fe2fd7a5bd3-7781bb394e402aedb01c6f3492048ba2-d9cba03a0c94c2b29c1d839c43411d96,CNOOC Limited,United Kingdom of Great Britain and Northern Ireland,https://s3.us-east-2.amazonaws.com/rp-20-sources/mandatory-disclosure-report-21dc7e76d3767a74c71fd1d9df4ed97f-d0fd136bfb769da2a5781fe2fd7a5bd3-7781bb394e402aedb01c6f3492048ba2-d9cba03a0c94c2b29c1d839c43411d96,.zip,01-01-2018,12-31-2018,06-05-2019
209dfaf4a695f052223806567eddea36,ConocoPhillips Norge,Norway,https://s3.us-east-2.amazonaws.com/rp-20-sources/mandatory-disclosure-report209dfaf4a695f052223806567eddea36,.pdf,01-01-2014,12-31-2014
0b7ca4193178b6ca7ae18e95e98fa8ef,Cordoba Minerals Corporation,Canada,https://s3.us-east-2.amazonaws.com/rp-20-sources/mandatory-disclosure-report0b7ca4193178b6ca7ae18e95e98fa8ef,.pdf,01-01-2017,12-31-2017,05-29-2018
b801e7da9a504b0f2ddac552d24c338e,Crew Energy Incorporated,Canada,https://s3.us-east-2.amazonaws.com/rp-20-sources/mandatory-disclosure-report-b801e7da9a504b0f2ddac552d24c338e,.pdf,01-01-2018,12-31-2018,04-30-2019
47da8e8064edfe8805aa09afcd673e20,DNO ASA,Norway,https://s3.us-east-2.amazonaws.com/rp-20-sources/mandatory-disclosure-report47da8e8064edfe8805aa09afcd673e20,.pdf,01-01-2017,12-31-2017,03-15-2018
c4eb13a4098424c56d358a54682eb472,Eagle Energy Incorporated,Canada,https://s3.us-east-2.amazonaws.com/rp-20-sources/mandatory-disclosure-reportc4eb13a4098424c56d358a54682eb472,.pdf,01-01-2017,12-31-2017,05-28-2018
24de221020f52db44e49b60d73116c70,Ellaktor S.A.,Greece,https://s3.us-east-2.amazonaws.com/rp-20-sources/mandatory-disclosure-report-24de221020f52db44e49b60d73116c70,.html,01-01-2017,12-31-2017,06-28-2018
17b3d6c03288211b1f50d2baf4119766,Euromax Resources Limited,Canada,https://s3.us-east-2.amazonaws.com/rp-20-sources/mandatory-disclosure-report17b3d6c03288211b1f50d2baf4119766,.pdf,01-01-2017,12-31-2017,03-22-2018
815490c1cfd1c3c7e0ecb3fe2f235031,Evrim Resources Corp.,Canada,https://s3.us-east-2.amazonaws.com/rp-20-sources/mandatory-disclosure-report-815490c1cfd1c3c7e0ecb3fe2f235031,.pdf,01-01-2018,12-31-2018,04-05-2019
ebf90ebc32cbaa6ea86abc701857b7c0,Azimut Exploration Incorporated,Canada,https://s3.us-east-2.amazonaws.com/rp-20-sources/mandatory-disclosure-report-ebf90ebc32cbaa6ea86abc701857b7c0,.pdf,09-01-2018,08-31-2019,01-27-2020
b8ce3931ed8ecaec29e496cdf800080f,ExxonMobil Canada Energy Limited,Canada,https://s3.us-east-2.amazonaws.com/rp-20-sources/mandatory-disclosure-report-b8ce3931ed8ecaec29e496cdf800080f,.pdf,01-01-2017,01-31-2018,04-23-2018
7b92838096135617aa3c236e85316b69,ExxonMobil Norway,Norway,https://s3.us-east-2.amazonaws.com/rp-20-sources/mandatory-disclosure-report7b92838096135617aa3c236e85316b69,.pdf,01-01-2015,12-31-2015
6d895f4cacd4b872708afac8fdf6a9a9,ExxonMobil Norway,Norway,https://s3.us-east-2.amazonaws.com/rp-20-sources/mandatory-disclosure-report6d895f4cacd4b872708afac8fdf6a9a9,.pdf,01-01-2016,12-31-2016
79b101b096283ba53aa501d354d1d88f,Falco Resources Limited,Canada,https://s3.us-east-2.amazonaws.com/rp-20-sources/mandatory-disclosure-report79b101b096283ba53aa501d354d1d88f,.pdf,07-01-2016,06-30-2017,11-23-2017
ffdd732a29daedba27f618e987f08236,First Majestic Silver Corporation,Canada,https://s3.us-east-2.amazonaws.com/rp-20-sources/mandatory-disclosure-reportffdd732a29daedba27f618e987f08236,.pdf,01-01-2017,12-31-2017,05-11-2018
6e46ff100fcf156a010205e8cb0df6d6,Cequence Energy Limited,Canada,https://s3.us-east-2.amazonaws.com/rp-20-sources/mandatory-disclosure-report-6e46ff100fcf156a010205e8cb0df6d6,.pdf,01-01-2018,12-31-2018,05-30-2019
7dc0ea33b12d8b498b4dba92d64bbb22,CEZ Group,Czechia,https://s3.us-east-2.amazonaws.com/rp-20-sources/mandatory-disclosure-report-7dc0ea33b12d8b498b4dba92d64bbb22,.pdf,01-01-2017,12-31-2017
25514c019c65713aaf239b1128d0d993,Connacher Oil and Gas Limited,Canada,https://s3.us-east-2.amazonaws.com/rp-20-sources/mandatory-disclosure-report-25514c019c65713aaf239b1128d0d993,.pdf,01-01-2017,12-31-2017,05-04-2018
5dee064174fc609bf973b6ab5b6aa924,China Gold International Resources Corporation Limited,Canada,https://s3.us-east-2.amazonaws.com/rp-20-sources/mandatory-disclosure-report-5dee064174fc609bf973b6ab5b6aa924,.pdf,01-01-2018,12-31-2018,05-27-2019
4795ff7a4f544320e1850019aaf67761,Compania Espanola de Petroleos S.A.U.,Spain,https://s3.us-east-2.amazonaws.com/rp-20-sources/mandatory-disclosure-report-4795ff7a4f544320e1850019aaf67761,.pdf,01-01-2018,12-31-2018
2f7cfc8504629bd9c5de686eb4646b09,Conuma Coal Resources Limited,Canada,https://s3.us-east-2.amazonaws.com/rp-20-sources/mandatory-disclosure-report-2f7cfc8504629bd9c5de686eb4646b09,.pdf,01-01-2017,12-31-2017,06-18-2018
b1002fe346986ba8e0375c5f5bbc4f94,Cor4 Oil Corporation,Canada,https://s3.us-east-2.amazonaws.com/rp-20-sources/mandatory-disclosure-report-b1002fe346986ba8e0375c5f5bbc4f94,.pdf,01-01-2018,12-31-2018,05-30-2019
ecdc9c1399596396a56c6d872f57e352,Dyckerhoff GmbH,Germany,https://s3.us-east-2.amazonaws.com/rp-20-sources/mandatory-disclosure-report-ecdc9c1399596396a56c6d872f57e352,.html,01-01-2016,12-31-2016,01-21-2019
952443bfc9385883db611c490bc83f77,Energy Fuels Incorporated,Canada,https://s3.us-east-2.amazonaws.com/rp-20-sources/mandatory-disclosure-report952443bfc9385883db611c490bc83f77,.pdf,01-01-2016,12-31-2016,05-30-2017
25dc8305f773ac52006a47cfa52ea863,ExxonMobil Norway,Norway,https://s3.us-east-2.amazonaws.com/rp-20-sources/mandatory-disclosure-report-25dc8305f773ac52006a47cfa52ea863,.pdf,01-01-2018,12-31-2018
f5f724fca23dba04e926e2a2942f6206,Galp Energia,Portugal,https://s3.us-east-2.amazonaws.com/rp-20-sources/mandatory-disclosure-reportf5f724fca23dba04e926e2a2942f6206,.pdf,01-01-2016,12-31-2016,04-11-2017
06213057ecb6766786da846dd0582465,Gem Diamonds Limited,United Kingdom of Great Britain and Northern Ireland,https://s3.us-east-2.amazonaws.com/rp-20-sources/mandatory-disclosure-report06213057ecb6766786da846dd0582465,.pdf,01-01-2017,12-31-2017,06-19-2018
3adf4af09740e20ede420f817ff48b8f,Gem Diamonds Limited,United Kingdom of Great Britain and Northern Ireland,https://s3.us-east-2.amazonaws.com/rp-20-sources/mandatory-disclosure-report3adf4af09740e20ede420f817ff48b8f,.pdf,01-01-2015,12-31-2015,06-30-2016
ae13606c6ebbbfe59dca7a9f16c9c01c-f8db0d29586f6b2de1639747b1552e4f-a264f1c9921cca1c41e9b7ab09cf6796-83d60efec827a992b4615aac62c1a44b,Gemfields plc,United Kingdom of Great Britain and Northern Ireland,https://s3.us-east-2.amazonaws.com/rp-20-sources/mandatory-disclosure-reportae13606c6ebbbfe59dca7a9f16c9c01c-f8db0d29586f6b2de1639747b1552e4f-a264f1c9921cca1c41e9b7ab09cf6796-83d60efec827a992b4615aac62c1a44b,.zip,07-01-2015,06-30-2016,05-31-2017
169910779fbc91b7dfeddc2c81c4c8b2,GFG Resources Inc.,Canada,https://s3.us-east-2.amazonaws.com/rp-20-sources/mandatory-disclosure-report-169910779fbc91b7dfeddc2c81c4c8b2,.pdf,10-21-2016,06-30-2017,03-06-2019
64e0434fb130d2eef10e96c911eba492,Global Battery Metals Limited,Canada,https://s3.us-east-2.amazonaws.com/rp-20-sources/mandatory-disclosure-report-64e0434fb130d2eef10e96c911eba492,.pdf,05-01-2018,04-30-2019,09-27-2019
056b0f3211ad98239523d3e8753b3cf6,Glencore PLC,United Kingdom of Great Britain and Northern Ireland,https://s3.us-east-2.amazonaws.com/rp-20-sources/mandatory-disclosure-report056b0f3211ad98239523d3e8753b3cf6,.xml,01-01-2017,12-31-2017,06-29-2018
2064a33a78eac30692a4d63260eed4df,GoGold Resources Incorporated,Canada,https://s3.us-east-2.amazonaws.com/rp-20-sources/mandatory-disclosure-report-2064a33a78eac30692a4d63260eed4df,.pdf,10-01-2017,09-30-2018,11-30-2018
73dd290a1a56eca8d3e7b3de21c6cafd,Golden Star Resources Limited,Canada,https://s3.us-east-2.amazonaws.com/rp-20-sources/mandatory-disclosure-report-73dd290a1a56eca8d3e7b3de21c6cafd,.pdf,01-01-2018,12-31-2018,05-21-2019
5070a6ec72d15ebe7c187bb29d4c55b2,Goldgroup Mining Incorporated,Canada,https://s3.us-east-2.amazonaws.com/rp-20-sources/mandatory-disclosure-report-5070a6ec72d15ebe7c187bb29d4c55b2,.pdf,01-01-2017,12-31-2017,04-10-2019
063da74062eb53c9f421c5cab3759016,Gran Tierra Energy Incorporated,Canada,https://s3.us-east-2.amazonaws.com/rp-20-sources/mandatory-disclosure-report-063da74062eb53c9f421c5cab3759016,.pdf,01-01-2018,12-31-2018,05-30-2019
cace2325a2cbfca7a9fb71b891aa6dcc,H. Geiger GmbH Stein- und Schotterwerke,Germany,https://s3.us-east-2.amazonaws.com/rp-20-sources/mandatory-disclosure-report-cace2325a2cbfca7a9fb71b891aa6dcc,.html,01-01-2017,12-31-2017,12-21-2018
157b332f51cd667c1a316d785dc936c8,GPM Metals Incorporated,Canada,https://s3.us-east-2.amazonaws.com/rp-20-sources/mandatory-disclosure-report157b332f51cd667c1a316d785dc936c8,.pdf,01-01-2016,12-31-2016,05-26-2017
1df691f6ceae93c089943afd5c216f70,Harte Gold Corporation,Canada,https://s3.us-east-2.amazonaws.com/rp-20-sources/mandatory-disclosure-report-1df691f6ceae93c089943afd5c216f70,.pdf,01-01-2018,12-31-2018,05-28-2019
858248421fc15450627feff6615b9760,Hardy Oil and Gas plc,United Kingdom of Great Britain and Northern Ireland,https://s3.us-east-2.amazonaws.com/rp-20-sources/mandatory-disclosure-report858248421fc15450627feff6615b9760,.html,04-01-2015,03-31-2016,09-29-2016
35c272bb39d921a7937038eaec0606ea,Harvest Operations Corporation,Canada,https://s3.us-east-2.amazonaws.com/rp-20-sources/mandatory-disclosure-report-35c272bb39d921a7937038eaec0606ea,.pdf,01-01-2018,12-31-2018,05-30-2019
72e0308749e7c634fda2da7c0f2059ec,JTSD - Braunkohlebergbau GmbH,Germany,https://s3.us-east-2.amazonaws.com/rp-20-sources/mandatory-disclosure-report-72e0308749e7c634fda2da7c0f2059ec,.html,01-01-2018,12-31-2018,09-02-2019
170ef6672923bf2eec87b0ad5b892989,Hudson Resources Incorporated,Canada,https://s3.us-east-2.amazonaws.com/rp-20-sources/mandatory-disclosure-report170ef6672923bf2eec87b0ad5b892989,.pdf,04-01-2016,03-31-2017,08-16-2017
981aef5092fd202fab44c355def19481,Karve Energy Incorporated,Canada,https://s3.us-east-2.amazonaws.com/rp-20-sources/mandatory-disclosure-report981aef5092fd202fab44c355def19481,.pdf,01-01-2017,12-31-2017,05-29-2018
c64fc6d1f294f3ed84d85a4e9eed161f,Journey Energy Incorporated,Canada,https://s3.us-east-2.amazonaws.com/rp-20-sources/mandatory-disclosure-reportc64fc6d1f294f3ed84d85a4e9eed161f,.pdf,01-01-2017,12-31-2017,05-25-2018
18a42107b2a2fad6d97038561a753fab-6f9d0e17e3af2c4b2293e40668e05bfb-f454aa13dcad51f668850ebbffc82ff7-e8a1c806dd93e038027b206b786ea81a,KAZ Minerals PLC,United Kingdom of Great Britain and Northern Ireland,https://s3.us-east-2.amazonaws.com/rp-20-sources/mandatory-disclosure-report18a42107b2a2fad6d97038561a753fab-6f9d0e17e3af2c4b2293e40668e05bfb-f454aa13dcad51f668850ebbffc82ff7-e8a1c806dd93e038027b206b786ea81a,.zip,01-01-2015,12-31-2015,11-28-2016
0da1f5134c197d9d21c9d696fef08025,JSC National Atomic Company Kazatomprom,United Kingdom of Great Britain and Northern Ireland,https://s3.us-east-2.amazonaws.com/rp-20-sources/mandatory-disclosure-report-0da1f5134c197d9d21c9d696fef08025,.html,01-01-2018,12-31-2018,06-28-2019
72be11442ed4ccaf2b2fb8cc1267a986,KazMunaiGas Exploration Production JSC,United Kingdom of Great Britain and Northern Ireland,https://s3.us-east-2.amazonaws.com/rp-20-sources/mandatory-disclosure-report72be11442ed4ccaf2b2fb8cc1267a986,.html,01-01-2016,12-31-2016,06-29-2017
43b463a1c4b446d081ded195ca088c93,KGHM Polska Miedz S.A.,Poland,https://s3.us-east-2.amazonaws.com/rp-20-sources/mandatory-disclosure-report43b463a1c4b446d081ded195ca088c93,.pdf,01-01-2016,12-31-2016,03-16-2017
77918e227eb96d8873fa3b748f7b8ac8,Electricite de France S.A.,France,https://s3.us-east-2.amazonaws.com/rp-20-sources/mandatory-disclosure-report-77918e227eb96d8873fa3b748f7b8ac8,.pdf,01-01-2018,12-31-2018
4112fcdf073a5d71937a4b9201d4beae,Endeavour Silver Corporation,Canada,https://s3.us-east-2.amazonaws.com/rp-20-sources/mandatory-disclosure-report4112fcdf073a5d71937a4b9201d4beae,.pdf,01-01-2016,12-31-2016,05-30-2017
977b4a3caf99e116dc3041882946bfa8,ExxonMobil Norway,Norway,https://s3.us-east-2.amazonaws.com/rp-20-sources/mandatory-disclosure-report-977b4a3caf99e116dc3041882946bfa8,.pdf,01-01-2017,12-31-2017
44f564d7f7b7757be050489526327b26,Firenze Energy Limited,Canada,https://s3.us-east-2.amazonaws.com/rp-20-sources/mandatory-disclosure-report44f564d7f7b7757be050489526327b26,.pdf,01-01-2016,12-31-2016,05-30-2017
14aea5501fda0e1be4b0dabd84366091,Franken-Schotter GmbH & Co. KG,Germany,https://s3.us-east-2.amazonaws.com/rp-20-sources/mandatory-disclosure-report-14aea5501fda0e1be4b0dabd84366091,.html,02-01-2016,01-31-2017,02-09-2018
a61bacec53f23cbfe6b1d2d6969951e2,Freehold Royalties Limited,Canada,https://s3.us-east-2.amazonaws.com/rp-20-sources/mandatory-disclosure-reporta61bacec53f23cbfe6b1d2d6969951e2,.pdf,01-01-2017,12-31-2017,05-29-2018
efdb575eeb5df6fd4057e3eab41d5b8f,Frontera Energy Corporation,Canada,https://s3.us-east-2.amazonaws.com/rp-20-sources/mandatory-disclosure-report-efdb575eeb5df6fd4057e3eab41d5b8f,.pdf,01-01-2017,12-31-2017,09-03-2019
e8dca35fd5eeddbedb5e266fac806b50,Glencore PLC,United Kingdom of Great Britain and Northern Ireland,https://s3.us-east-2.amazonaws.com/rp-20-sources/mandatory-disclosure-report-e8dca35fd5eeddbedb5e266fac806b50,.pdf,01-01-2018,12-31-2018
455209293d916911c5a63d22d4dd466a,Centrica plc,United Kingdom of Great Britain and Northern Ireland,https://s3.us-east-2.amazonaws.com/rp-20-sources/mandatory-disclosure-report-455209293d916911c5a63d22d4dd466a,.pdf,01-01-2015,12-31-2015
772489c424f826d9863bdde1981e6f5f,Cona Resources Limited,Canada,https://s3.us-east-2.amazonaws.com/rp-20-sources/mandatory-disclosure-report-772489c424f826d9863bdde1981e6f5f,.pdf,01-01-2018,12-31-2018,05-29-2019
803e327197b452fd2fa7be36a6b872bc,Copper Mountain Mining Corporation,Canada,https://s3.us-east-2.amazonaws.com/rp-20-sources/mandatory-disclosure-report-803e327197b452fd2fa7be36a6b872bc,.pdf,01-01-2018,12-31-2018,05-30-2019
9c71fe69d50d4e38a99e9c3af505074b,Cor4 Oil Corporation,Canada,https://s3.us-east-2.amazonaws.com/rp-20-sources/mandatory-disclosure-report9c71fe69d50d4e38a99e9c3af505074b,.pdf,01-01-2017,12-31-2017,05-29-2018
ff2b24e39a56506f3514acb0c51fd296,Corex Resources Limited,Canada,https://s3.us-east-2.amazonaws.com/rp-20-sources/mandatory-disclosure-report-ff2b24e39a56506f3514acb0c51fd296,.xlsx,01-01-2017,12-31-2017,05-16-2018
e0f7a5bf1fa7a0a7004f09c45f8002f1,Corvus Gold Incorporated,Canada,https://s3.us-east-2.amazonaws.com/rp-20-sources/mandatory-disclosure-report-e0f7a5bf1fa7a0a7004f09c45f8002f1,.pdf,06-01-2018,05-31-2019,09-18-2019
3cba3566b64f4a4362c1ee2883eeb788,Crescent Point Energy Corporation,Canada,https://s3.us-east-2.amazonaws.com/rp-20-sources/mandatory-disclosure-report-3cba3566b64f4a4362c1ee2883eeb788,.pdf,01-01-2018,12-31-2018,05-30-2019
1d2197f0aa09464a55780606ec46aea4,Duran Ventures Incorporated,Canada,https://s3.us-east-2.amazonaws.com/rp-20-sources/mandatory-disclosure-report1d2197f0aa09464a55780606ec46aea4,.pdf,01-01-2016,12-31-2016,05-15-2017
44957de9cc61850028ec1aece301a213,Eastern Platinum Limited,Canada,https://s3.us-east-2.amazonaws.com/rp-20-sources/mandatory-disclosure-report-44957de9cc61850028ec1aece301a213,.pdf,01-01-2018,12-31-2018,05-17-2019
b80b514a3781fa779f78a258fcd91824,Eco Oro Minerals Corporation,Canada,https://s3.us-east-2.amazonaws.com/rp-20-sources/mandatory-disclosure-report-b80b514a3781fa779f78a258fcd91824,.pdf,01-01-2018,12-31-2018,05-29-2019
e23c189795ae14c295ead288b0f667d6,eCobalt Solutions Incorporated,Canada,https://s3.us-east-2.amazonaws.com/rp-20-sources/mandatory-disclosure-report-e23c189795ae14c295ead288b0f667d6,.pdf,03-01-2017,12-31-2017,11-27-2018
e2d009ddeb80989d94b91f95568e7694-59a42ddea4b7f3de7ea8757dc648c559-a30109171a8884d763146274395f978b-c84406116304faded3a0623f5770b078,EnQuest plc,United Kingdom of Great Britain and Northern Ireland,https://s3.us-east-2.amazonaws.com/rp-20-sources/mandatory-disclosure-report-e2d009ddeb80989d94b91f95568e7694-59a42ddea4b7f3de7ea8757dc648c559-a30109171a8884d763146274395f978b-c84406116304faded3a0623f5770b078,.zip,01-01-2018,12-31-2018,06-27-2019
29adf1e9911127ce51b59acc31716a21,Eramet S.A.,France,https://s3.us-east-2.amazonaws.com/rp-20-sources/mandatory-disclosure-report-29adf1e9911127ce51b59acc31716a21,.pdf,01-01-2017,12-31-2017,05-24-2018
ab1354a0a521c48082b1d7c33412f92a,Eramet S.A.,France,https://s3.us-east-2.amazonaws.com/rp-20-sources/mandatory-disclosure-report-ab1354a0a521c48082b1d7c33412f92a,.pdf,01-01-2018,12-31-2018,05-23-2019
6c9a3920a991321ba73a3885d48ef0bf,Ero Copper Corporation,Canada,https://s3.us-east-2.amazonaws.com/rp-20-sources/mandatory-disclosure-report-6c9a3920a991321ba73a3885d48ef0bf,.pdf,01-01-2018,12-31-2018,05-15-2019
343da8e1cf01c25af02ff2f74383cc65,First Majestic Silver Corporation,Canada,https://s3.us-east-2.amazonaws.com/rp-20-sources/mandatory-disclosure-report343da8e1cf01c25af02ff2f74383cc65,.pdf,01-01-2016,12-31-2016,05-25-2017
e56f0ec5374c0e349a38775f28a90440,Fortuna Silver Mines Incorporated,Canada,https://s3.us-east-2.amazonaws.com/rp-20-sources/mandatory-disclosure-report-e56f0ec5374c0e349a38775f28a90440,.pdf,01-01-2018,12-31-2018,05-30-2019
94f84cf691a68886988521864f9dd712,Freegold Ventures Limited,Canada,https://s3.us-east-2.amazonaws.com/rp-20-sources/mandatory-disclosure-report94f84cf691a68886988521864f9dd712,.pdf,01-01-2017,12-31-2017,04-24-2018
8828dde895c79ae5bdd9215e64886bd9,Centerra Gold Incorporated,Canada,https://s3.us-east-2.amazonaws.com/rp-20-sources/mandatory-disclosure-report8828dde895c79ae5bdd9215e64886bd9,.pdf,01-01-2017,12-31-2017,05-30-2018
c57b247e52233b4c2bafd3c535073d37,Chinook Energy Incorporated,Canada,https://s3.us-east-2.amazonaws.com/rp-20-sources/mandatory-disclosure-reportc57b247e52233b4c2bafd3c535073d37,.pdf,01-01-2017,12-31-2017,05-30-2018
b557fdd839c4475f6c488601b1016842-7bc5ef83f02e9e15d067c0695a1e8105-87a6f0e9f2b8af97e31f3a6b6894f74e-7cd690068c87c86eb0fdcecf83bfaa45,CNOOC Limited,United Kingdom of Great Britain and Northern Ireland,https://s3.us-east-2.amazonaws.com/rp-20-sources/mandatory-disclosure-report-b557fdd839c4475f6c488601b1016842-7bc5ef83f02e9e15d067c0695a1e8105-87a6f0e9f2b8af97e31f3a6b6894f74e-7cd690068c87c86eb0fdcecf83bfaa45,.zip,01-01-2017,12-31-2017,05-30-2018
06573fb3c8d10d4d2ae0ef09154941e2-5975624d54ba0f533993f9f9ed1fb2af-7562851f1b6b0c718b606eb088f53159-d2019b6319b1b8b61f64592bc882a473,ConocoPhillips Petroleum Company U.K. Limited,United Kingdom of Great Britain and Northern Ireland,https://s3.us-east-2.amazonaws.com/rp-20-sources/mandatory-disclosure-report06573fb3c8d10d4d2ae0ef09154941e2-5975624d54ba0f533993f9f9ed1fb2af-7562851f1b6b0c718b606eb088f53159-d2019b6319b1b8b61f64592bc882a473,.zip,01-01-2016,12-31-2016,11-20-2017
44346ac4442528be5ced957618099447,Coro Mining Corporation,Canada,https://s3.us-east-2.amazonaws.com/rp-20-sources/mandatory-disclosure-report-44346ac4442528be5ced957618099447,.pdf,01-01-2017,12-31-2017,07-09-2018
5aee49cd99f6709fc0cfdcf0e2716f85-52f0bda4055ef9e41d379481cc296289-9559f7ef76f1cdc12f806edf7ff8ca52-8317bbd7e8673b0b632d3e89e9adb209,Dana Petroleum Limited,United Kingdom of Great Britain and Northern Ireland,https://s3.us-east-2.amazonaws.com/rp-20-sources/mandatory-disclosure-report5aee49cd99f6709fc0cfdcf0e2716f85-52f0bda4055ef9e41d379481cc296289-9559f7ef76f1cdc12f806edf7ff8ca52-8317bbd7e8673b0b632d3e89e9adb209,.zip,01-01-2016,12-31-2016,11-30-2017
d74debb2dde5277187b44e96ea2a3b03,Denison Mines Corporation,Canada,https://s3.us-east-2.amazonaws.com/rp-20-sources/mandatory-disclosure-report-d74debb2dde5277187b44e96ea2a3b03,.pdf,01-01-2018,12-31-2018,05-29-2019
19a14a4b24f5aeb583435cdfb0efbda9,Dundee Precious Metals Incorporated,Canada,https://s3.us-east-2.amazonaws.com/rp-20-sources/mandatory-disclosure-report19a14a4b24f5aeb583435cdfb0efbda9,.pdf,01-01-2017,12-31-2017,05-30-2018
40321d80d656ccb7f340c6d3964d6fa9,Endeavour Mining Corporation,Canada,https://s3.us-east-2.amazonaws.com/rp-20-sources/mandatory-disclosure-report-40321d80d656ccb7f340c6d3964d6fa9,.pdf,01-01-2018,12-31-2018,05-30-2019
22ec0d9da616e210f20fa8bbbb310394,Endeavour Silver Corporation,Canada,https://s3.us-east-2.amazonaws.com/rp-20-sources/mandatory-disclosure-report22ec0d9da616e210f20fa8bbbb310394,.pdf,01-01-2017,12-31-2017,05-30-2018
05140ed20edf38a9492b3f5100b852d4,Entrada Resources Incorporated,Canada,https://s3.us-east-2.amazonaws.com/rp-20-sources/mandatory-disclosure-report-05140ed20edf38a9492b3f5100b852d4,.pdf,01-01-2018,12-31-2018,05-27-2019
902fe121e3c7b6dffede33727aea2bca,ExxonMobil Norway,Norway,https://s3.us-east-2.amazonaws.com/rp-20-sources/mandatory-disclosure-report902fe121e3c7b6dffede33727aea2bca,.pdf,01-01-2014,12-31-2014
e91d6ebc14783bcac7c4a177d805cea8-bd78ce76c0bdb000243a7a790d591fd0-e84b37c3a046588c455197d125ad0eb3-7ce9cf156a77f1cf2fb517deb7c4d980,Fresnillo plc,United Kingdom of Great Britain and Northern Ireland,https://s3.us-east-2.amazonaws.com/rp-20-sources/mandatory-disclosure-reporte91d6ebc14783bcac7c4a177d805cea8-bd78ce76c0bdb000243a7a790d591fd0-e84b37c3a046588c455197d125ad0eb3-7ce9cf156a77f1cf2fb517deb7c4d980,.zip,01-01-2015,12-31-2015,06-16-2016
0e9b9b12b67bbd698123ce8028a74857,Genel Energy PLC,United Kingdom of Great Britain and Northern Ireland,https://s3.us-east-2.amazonaws.com/rp-20-sources/mandatory-disclosure-report0e9b9b12b67bbd698123ce8028a74857,.html,01-01-2015,12-31-2015,06-30-2016
159a9bf0e5788b132752c6f82511f7ee,Galane Gold Limited,Canada,https://s3.us-east-2.amazonaws.com/rp-20-sources/mandatory-disclosure-report-159a9bf0e5788b132752c6f82511f7ee,.pdf,01-01-2018,12-31-2018,05-24-2019
c33625bb7afe22f8b9e38789026c3369,Gebruder Dorfner GmbH & Co. Kaolin- und Kristallquarzsand-Werke KG,Germany,https://s3.us-east-2.amazonaws.com/rp-20-sources/mandatory-disclosure-report-c33625bb7afe22f8b9e38789026c3369,.html,01-01-2018,12-31-2018,09-18-2019
64385e98c04e8907d3297f08a9de9947,Geiger GmbH & Co. KG,Germany,https://s3.us-east-2.amazonaws.com/rp-20-sources/mandatory-disclosure-report-64385e98c04e8907d3297f08a9de9947,.html,01-01-2017,12-31-2017,09-20-2019
f613fbb4d52813190208c18f60f9c3e7,Gran Colombia Gold Corporation,Canada,https://s3.us-east-2.amazonaws.com/rp-20-sources/mandatory-disclosure-reportf613fbb4d52813190208c18f60f9c3e7,.pdf,01-01-2017,12-31-2017,05-30-2018
286c16d3753286a6f448c34c83dd6946,Great Eastern Energy Corporation Limited,United Kingdom of Great Britain and Northern Ireland,https://s3.us-east-2.amazonaws.com/rp-20-sources/mandatory-disclosure-report-286c16d3753286a6f448c34c83dd6946,.pdf,04-01-2015,03-31-2016,09-08-2016
3373ef53dcb83e5b57c9a40df66fb480,GoviEx Uranium Incorporated,Canada,https://s3.us-east-2.amazonaws.com/rp-20-sources/mandatory-disclosure-report-3373ef53dcb83e5b57c9a40df66fb480,.pdf,01-01-2018,12-31-2018,05-28-2019
02f935da1ebabaea9394b9842f528866,GP Gunter Papenburg AG,Germany,https://s3.us-east-2.amazonaws.com/rp-20-sources/mandatory-disclosure-report-02f935da1ebabaea9394b9842f528866,.html,01-01-2018,12-31-2018,08-30-2019
040c9d2207871e65b91c4517dab5a1f0,Great Quest Fertilizer Limited,Canada,https://s3.us-east-2.amazonaws.com/rp-20-sources/mandatory-disclosure-report040c9d2207871e65b91c4517dab5a1f0,.pdf,01-01-2016,12-31-2016,03-03-2017
c9f0222f39664a5bff60f12b59b0571d,Gulf Keystone Petroleum Limited,United Kingdom of Great Britain and Northern Ireland,https://s3.us-east-2.amazonaws.com/rp-20-sources/mandatory-disclosure-reportc9f0222f39664a5bff60f12b59b0571d,.html,01-01-2015,12-31-2015,09-12-2016
9493f4239807d63f79cd5cd90f7da199,Japan Canada Oil Sands Limited,Canada,https://s3.us-east-2.amazonaws.com/rp-20-sources/mandatory-disclosure-report9493f4239807d63f79cd5cd90f7da199,.pdf,01-01-2016,12-31-2016,05-29-2017
76ba874bd55b9ff010550021f626f6bc,KEMNA BAU Andreae GmbH & Co. KG,Germany,https://s3.us-east-2.amazonaws.com/rp-20-sources/mandatory-disclosure-report-76ba874bd55b9ff010550021f626f6bc,.html,01-01-2017,12-31-2017,12-05-2019
64024d904d4ed75f69833158be6ae771,KGHM International Limited,Canada,https://s3.us-east-2.amazonaws.com/rp-20-sources/mandatory-disclosure-report64024d904d4ed75f69833158be6ae771,.pdf,01-01-2016,12-31-2016,05-24-2017
3283f36a258dd6a37dc40a10d7b39e4c,KGHM International Limited,Canada,https://s3.us-east-2.amazonaws.com/rp-20-sources/mandatory-disclosure-report3283f36a258dd6a37dc40a10d7b39e4c,.pdf,01-01-2017,12-31-2017,05-29-2018
2ba36af261c8c9ab210602797dedc22a,Irving Resources Incorporated,Canada,https://s3.us-east-2.amazonaws.com/rp-20-sources/mandatory-disclosure-report-2ba36af261c8c9ab210602797dedc22a,.pdf,03-01-2018,02-28-2019,07-29-2019
cfa482da86871a253f8c1bdeb898bb9a,ISH Energy Limited,Canada,https://s3.us-east-2.amazonaws.com/rp-20-sources/mandatory-disclosure-reportcfa482da86871a253f8c1bdeb898bb9a,.pdf,01-01-2017,12-31-2017,05-10-2018
3802d689e5088fffce2f81adff2d1854,LafargeHolcim Limited,France,https://s3.us-east-2.amazonaws.com/rp-20-sources/mandatory-disclosure-report3802d689e5088fffce2f81adff2d1854,.pdf,01-01-2016,12-31-2016
60afb017254bce73b751e49c6be9ca74,DNO ASA,Norway,https://s3.us-east-2.amazonaws.com/rp-20-sources/mandatory-disclosure-report-60afb017254bce73b751e49c6be9ca74,.pdf,01-01-2018,12-31-2018
1d639eaa9bf4385b80a518755183504d,First Quantum Minerals Limited,Canada,https://s3.us-east-2.amazonaws.com/rp-20-sources/mandatory-disclosure-report-1d639eaa9bf4385b80a518755183504d,.pdf,01-01-2018,12-31-2018,05-30-2019
b2a1da98e7dcc3896b3ebef16a711f7d-1f4d7cfc146c2b3240a005b1d24e534e-dde2d998eb968190eaeb3b666114d01a-3b3a2709ab14531729477d4b7d7bff2e,Fresnillo plc,United Kingdom of Great Britain and Northern Ireland,https://s3.us-east-2.amazonaws.com/rp-20-sources/mandatory-disclosure-reportb2a1da98e7dcc3896b3ebef16a711f7d-1f4d7cfc146c2b3240a005b1d24e534e-dde2d998eb968190eaeb3b666114d01a-3b3a2709ab14531729477d4b7d7bff2e,.zip,01-01-2016,12-31-2016,06-14-2017
0078526b96ba887f08f60e783b6835dd,Gear Energy Limited,Canada,https://s3.us-east-2.amazonaws.com/rp-20-sources/mandatory-disclosure-report-0078526b96ba887f08f60e783b6835dd,.pdf,01-01-2017,12-31-2017,05-29-2018
9fcc0f284216f57f8866cc1407e91e0b,Cequence Energy Limited,Canada,https://s3.us-east-2.amazonaws.com/rp-20-sources/mandatory-disclosure-report9fcc0f284216f57f8866cc1407e91e0b,.pdf,01-01-2017,12-31-2017,05-30-2018
8bb316edb08df7027c2d14d8161bcb9d,CGX Energy Incorporated,Canada,https://s3.us-east-2.amazonaws.com/rp-20-sources/mandatory-disclosure-report8bb316edb08df7027c2d14d8161bcb9d,.pdf,01-01-2016,12-31-2016,05-15-2017
e25b6383954a5435186d23d999516db1,Colas,France,https://s3.us-east-2.amazonaws.com/rp-20-sources/mandatory-disclosure-report-e25b6383954a5435186d23d999516db1,.pdf,01-01-2016,12-31-2016,02-22-2017
d6b7fbbde2eb621d881db9ce6da6d233,ConocoPhillips Norge,Norway,https://s3.us-east-2.amazonaws.com/rp-20-sources/mandatory-disclosure-reportd6b7fbbde2eb621d881db9ce6da6d233,.pdf,01-01-2016,12-31-2016
18ebaf70b5cbed5244d9650bb3073fd0,Contact Gold Corporation,Canada,https://s3.us-east-2.amazonaws.com/rp-20-sources/mandatory-disclosure-report18ebaf70b5cbed5244d9650bb3073fd0,.pdf,01-01-2017,12-31-2017,05-28-2018
d4c290f5ff97ab31dba89e95871395cb,Crew Energy Incorporated,Canada,https://s3.us-east-2.amazonaws.com/rp-20-sources/mandatory-disclosure-reportd4c290f5ff97ab31dba89e95871395cb,.pdf,01-01-2016,12-31-2016,05-26-2017
29cc220f5e4cccd8a150b00e111c6b97,Exillon Energy plc,United Kingdom of Great Britain and Northern Ireland,https://s3.us-east-2.amazonaws.com/rp-20-sources/mandatory-disclosure-report29cc220f5e4cccd8a150b00e111c6b97,.html,01-01-2015,12-31-2015,06-30-2016
8628ad97e1b684836582e26f6ce7a0a3,ExxonMobil Canada Investments Company,Canada,https://s3.us-east-2.amazonaws.com/rp-20-sources/mandatory-disclosure-report-8628ad97e1b684836582e26f6ce7a0a3,.pdf,12-01-2016,11-30-2017,04-23-2018
0bf6e4995fa9861f7a5e06641c2ea067,Freehold Royalties Limited,Canada,https://s3.us-east-2.amazonaws.com/rp-20-sources/mandatory-disclosure-report-0bf6e4995fa9861f7a5e06641c2ea067,.pdf,01-01-2018,12-31-2018,05-29-2019
d30fd1543de3be00e33f054d798351b6-b502a91c5966696f158365cef38b5123-98022de9c594164cdc901cdb8cd3b6de-b4ef150a374f8033d1934ca09847f1db,Chrysaor Petroleum Company U.K. Limited,United Kingdom of Great Britain and Northern Ireland,https://s3.us-east-2.amazonaws.com/rp-20-sources/mandatory-disclosure-report-d30fd1543de3be00e33f054d798351b6-b502a91c5966696f158365cef38b5123-98022de9c594164cdc901cdb8cd3b6de-b4ef150a374f8033d1934ca09847f1db,.zip,01-01-2018,12-31-2018,11-28-2019
a7f5674798ea25ecbf81ee3aab2815fc,Continental Gold Incorporated,Canada,https://s3.us-east-2.amazonaws.com/rp-20-sources/mandatory-disclosure-reporta7f5674798ea25ecbf81ee3aab2815fc,.pdf,01-01-2016,12-31-2016,05-30-2017
022627c1539c4e0eacdc8278a80cac3a,Encana Corporation,Canada,https://s3.us-east-2.amazonaws.com/rp-20-sources/mandatory-disclosure-report-022627c1539c4e0eacdc8278a80cac3a,.pdf,01-01-2016,12-31-2016,05-15-2019
ef41333badaaf91d39170a17099a8fd5,Endeavour Silver Corporation,Canada,https://s3.us-east-2.amazonaws.com/rp-20-sources/mandatory-disclosure-report-ef41333badaaf91d39170a17099a8fd5,.pdf,01-01-2018,12-31-2018,05-28-2019
9823da55caced93859fdaa377b71e61c-35a74a752fd0bb1b7d6139fa4da2ddb7-1acf47d0b5914e832e2664d772d4f79e-3a24b0b725dc8efd7846feaf6d53fbaa,ESSO Exploration and Production UK Limited,United Kingdom of Great Britain and Northern Ireland,https://s3.us-east-2.amazonaws.com/rp-20-sources/mandatory-disclosure-report9823da55caced93859fdaa377b71e61c-35a74a752fd0bb1b7d6139fa4da2ddb7-1acf47d0b5914e832e2664d772d4f79e-3a24b0b725dc8efd7846feaf6d53fbaa,.zip,01-01-2015,12-31-2015,11-30-2016
80b1be008cc3e96ac8e2457494f1cca4,Financiere De Gestions Internationales SCA,Luxembourg,https://s3.us-east-2.amazonaws.com/rp-20-sources/mandatory-disclosure-report80b1be008cc3e96ac8e2457494f1cca4,.pdf,01-01-2016,12-31-2016
d77949ece7ba1419c0f3ccff87a19219,Franco-Nevada Corporation,Canada,https://s3.us-east-2.amazonaws.com/rp-20-sources/mandatory-disclosure-reportd77949ece7ba1419c0f3ccff87a19219,.pdf,01-01-2016,12-31-2016,05-30-2017
bc504e56520447c59be7fa9f22da1cec,Franco-Nevada Corporation,Canada,https://s3.us-east-2.amazonaws.com/rp-20-sources/mandatory-disclosure-report-bc504e56520447c59be7fa9f22da1cec,.pdf,01-01-2018,12-31-2018,05-30-2019
166c1ebc53c62d49dda7ed7dd1e00786,GFG Resources Inc.,Canada,https://s3.us-east-2.amazonaws.com/rp-20-sources/mandatory-disclosure-report-166c1ebc53c62d49dda7ed7dd1e00786,.pdf,07-01-2017,06-30-2018,03-06-2019
d24ed04f0d94a96b58a21855b8c29ad0,Glencore PLC,United Kingdom of Great Britain and Northern Ireland,https://s3.us-east-2.amazonaws.com/rp-20-sources/mandatory-disclosure-report-d24ed04f0d94a96b58a21855b8c29ad0,.pdf,01-01-2015,12-31-2015
bfb8829e84c27e91842092b914d695bd,Front Range Resources Limited,Canada,https://s3.us-east-2.amazonaws.com/rp-20-sources/mandatory-disclosure-reportbfb8829e84c27e91842092b914d695bd,.pdf,01-01-2017,12-31-2017,05-29-2018
2c6265325dcf463b49b71eb6a3914cbd,G3 Exploration Limited,United Kingdom of Great Britain and Northern Ireland,https://s3.us-east-2.amazonaws.com/rp-20-sources/mandatory-disclosure-report2c6265325dcf463b49b71eb6a3914cbd,.html,01-01-2017,12-31-2017,05-03-2018
839c497335ef5913e35db64883274119,Galp Energia,Portugal,https://s3.us-east-2.amazonaws.com/rp-20-sources/mandatory-disclosure-report-839c497335ef5913e35db64883274119,.pdf,01-01-2017,12-31-2017,04-16-2018
99df7d585f33e7bf45a2d6136a0f0570,Global Atomic Corporation,Canada,https://s3.us-east-2.amazonaws.com/rp-20-sources/mandatory-disclosure-report-99df7d585f33e7bf45a2d6136a0f0570,.pdf,01-01-2017,12-31-2017,05-30-2018
60a896bd205e15b19bf29eb4053ef351,Goldcorp Incorporated,Canada,https://s3.us-east-2.amazonaws.com/rp-20-sources/mandatory-disclosure-report60a896bd205e15b19bf29eb4053ef351,.pdf,01-01-2016,12-31-2016,05-11-2017
be10f03e0ffb92d27592df87e6bced60,Gold Standard Ventures Corporation,Canada,https://s3.us-east-2.amazonaws.com/rp-20-sources/mandatory-disclosure-reportbe10f03e0ffb92d27592df87e6bced60,.pdf,01-01-2016,12-31-2016,05-30-2017
308b2ff63b1ae3ef3e1b9621c7ccea92,Golden Arrow Resources Corporation,Canada,https://s3.us-east-2.amazonaws.com/rp-20-sources/mandatory-disclosure-report308b2ff63b1ae3ef3e1b9621c7ccea92,.pdf,01-01-2016,12-31-2016,05-30-2017
e7b02a21a28312943da52823ebecb851,Graymont Limited,Canada,https://s3.us-east-2.amazonaws.com/rp-20-sources/mandatory-disclosure-reporte7b02a21a28312943da52823ebecb851,.pdf,01-01-2017,12-31-2017,05-18-2018
2abd181ca6ef3510f7bbdb17d3844e98,Harvest Operations Corporation,Canada,https://s3.us-east-2.amazonaws.com/rp-20-sources/mandatory-disclosure-report2abd181ca6ef3510f7bbdb17d3844e98,.pdf,01-01-2016,12-31-2016,05-29-2017
d671327193c34c032c2846d01a04dd5b,HeidelbergCement Group,Germany,https://s3.us-east-2.amazonaws.com/rp-20-sources/mandatory-disclosure-report-d671327193c34c032c2846d01a04dd5b,.html,01-01-2016,12-31-2016,09-04-2017
092e9cc74e0f68849fc7a66fe0f31a2d,Heritage Royalty Resource Corporation,Canada,https://s3.us-east-2.amazonaws.com/rp-20-sources/mandatory-disclosure-report092e9cc74e0f68849fc7a66fe0f31a2d,.pdf,01-01-2016,12-31-2016,05-27-2017
3d21a44b9d3761290c199bb02b0fae8e,Horizonte Minerals plc,Canada,https://s3.us-east-2.amazonaws.com/rp-20-sources/mandatory-disclosure-report-3d21a44b9d3761290c199bb02b0fae8e,.pdf,01-01-2019,12-31-2019,01-29-2020
6969593ae19fbcddfcb4f109defc2683,Horizonte Minerals plc,Canada,https://s3.us-east-2.amazonaws.com/rp-20-sources/mandatory-disclosure-report-6969593ae19fbcddfcb4f109defc2683,.pdf,01-01-2016,12-31-2016,12-03-2019
f8e3879fd9ea5ee38e93c4646ab81d4d,Holcim (Suddeutschland) GmbH,Germany,https://s3.us-east-2.amazonaws.com/rp-20-sources/mandatory-disclosure-report-f8e3879fd9ea5ee38e93c4646ab81d4d,.html,01-01-2018,12-31-2018,06-28-2019
8c095209160e47a1cab154b892965767,Guyana Goldfields Incorporated,Canada,https://s3.us-east-2.amazonaws.com/rp-20-sources/mandatory-disclosure-report8c095209160e47a1cab154b892965767,.pdf,01-01-2017,12-31-2017,05-23-2018
f9c559269b3c22da642e7610581c0f94,Integra Gold Corporation,Canada,https://s3.us-east-2.amazonaws.com/rp-20-sources/mandatory-disclosure-report-f9c559269b3c22da642e7610581c0f94,.pdf,01-01-2016,12-31-2016,05-29-2017
fe85bb0c59723fedbc18ce4407e36725-19f5d1e2592c75d72c790fe1bd44dc2c-acaafd319ca55bbbdc1fadb90e6b41b3-99c838d928a39740102021fdd17d22d9,Hochschild Mining plc,United Kingdom of Great Britain and Northern Ireland,https://s3.us-east-2.amazonaws.com/rp-20-sources/mandatory-disclosure-reportfe85bb0c59723fedbc18ce4407e36725-19f5d1e2592c75d72c790fe1bd44dc2c-acaafd319ca55bbbdc1fadb90e6b41b3-99c838d928a39740102021fdd17d22d9,.zip,01-01-2015,12-31-2015,06-29-2016
99e499310f7dc6d6796b11abccadbb94-a42b85b94902ccf8620ce369b47ee3f2-4eb22be37dd05878f88f91208a53bd68-c30d7b531486b5652890738697951b28,JKX Oil & Gas plc,United Kingdom of Great Britain and Northern Ireland,https://s3.us-east-2.amazonaws.com/rp-20-sources/mandatory-disclosure-report99e499310f7dc6d6796b11abccadbb94-a42b85b94902ccf8620ce369b47ee3f2-4eb22be37dd05878f88f91208a53bd68-c30d7b531486b5652890738697951b28,.zip,01-01-2015,12-31-2015,11-10-2016
31043a6606796a76eb1b7f622f91264c,Holcim Deutschland Gmbh,Germany,https://s3.us-east-2.amazonaws.com/rp-20-sources/mandatory-disclosure-report-31043a6606796a76eb1b7f622f91264c,.html,01-01-2018,12-31-2018,07-12-2019
bc505483043725172ee6a39b955a3bd0,Kerr Mines Inc.,Canada,https://s3.us-east-2.amazonaws.com/rp-20-sources/mandatory-disclosure-report-bc505483043725172ee6a39b955a3bd0,.pdf,07-01-2017,06-30-2018,01-25-2019
c8ca41809b1f4327fb10d19ee7f761cd,Imerys S.A.,France,https://s3.us-east-2.amazonaws.com/rp-20-sources/mandatory-disclosure-reportc8ca41809b1f4327fb10d19ee7f761cd,.pdf,01-01-2016,12-31-2016
a758f5a11a5eaba0afa3741edc66b279,International Petroleum Corporation,Canada,https://s3.us-east-2.amazonaws.com/rp-20-sources/mandatory-disclosure-reporta758f5a11a5eaba0afa3741edc66b279,.pdf,01-01-2017,12-31-2017,05-10-2018
1850e04a9556a93180b83ab6287d9653,Klasmann Deilman GmbH,Germany,https://s3.us-east-2.amazonaws.com/rp-20-sources/mandatory-disclosure-report-1850e04a9556a93180b83ab6287d9653,.html,01-01-2017,12-31-2017,02-22-2019
07082858d0691425d1a3b96ee69f2e29,Ivanhoe Mines Limited,Canada,https://s3.us-east-2.amazonaws.com/rp-20-sources/mandatory-disclosure-report07082858d0691425d1a3b96ee69f2e29,.pdf,01-01-2017,12-31-2017,05-30-2018
f30b2778d55647d64785e1c2817c5fe8,Labrador Iron Ore Royalty Corporation,Canada,https://s3.us-east-2.amazonaws.com/rp-20-sources/mandatory-disclosure-report-f30b2778d55647d64785e1c2817c5fe8,.pdf,01-01-2016,12-31-2016,05-10-2017
3d2a00e1518781f7223efa06f01e605b-a550cdac44b0fb802395c54922cf7c40-ca644bf2f87e2ac435a128762f51abc8-17ba9acfbdc35c2a182d8b12a50e66fb,JX Nippon Exploration and Production (U.K.) Limited,United Kingdom of Great Britain and Northern Ireland,https://s3.us-east-2.amazonaws.com/rp-20-sources/mandatory-disclosure-report-3d2a00e1518781f7223efa06f01e605b-a550cdac44b0fb802395c54922cf7c40-ca644bf2f87e2ac435a128762f51abc8-17ba9acfbdc35c2a182d8b12a50e66fb,.zip,04-01-2017,03-31-2018,02-20-2019
bbbc79daae436c8022f19c9e9bac4126,Laramide Resources Limited,Canada,https://s3.us-east-2.amazonaws.com/rp-20-sources/mandatory-disclosure-reportbbbc79daae436c8022f19c9e9bac4126,.pdf,01-01-2016,12-31-2016,05-24-2017
0fd9322028bcab82c36226eb5737bbd2,Lausitz Energie Bergbau AG,Germany,https://s3.us-east-2.amazonaws.com/rp-20-sources/mandatory-disclosure-report-0fd9322028bcab82c36226eb5737bbd2,.html,01-01-2016,05-31-2016,08-11-2017
6c71525618e7f6bf4e2420a9c398180c,Levon Resources Limited,Canada,https://s3.us-east-2.amazonaws.com/rp-20-sources/mandatory-disclosure-report6c71525618e7f6bf4e2420a9c398180c,.pdf,04-01-2016,03-31-2017,08-10-2017
aeff749a01130cd5b4ceb55df266c9e6,Loncor Resources Incorporated,Canada,https://s3.us-east-2.amazonaws.com/rp-20-sources/mandatory-disclosure-report-aeff749a01130cd5b4ceb55df266c9e6,.pdf,01-01-2018,12-31-2018,06-14-2019
8bb2e210eaea3f49fc3bd866c907a6b9,LeadFX Incorporated,Canada,https://s3.us-east-2.amazonaws.com/rp-20-sources/mandatory-disclosure-report8bb2e210eaea3f49fc3bd866c907a6b9,.pdf,01-01-2017,12-31-2017,05-29-2018
ff94e94fcaa92c9f279ed31b897a72e7,Largo Resources Limited,Canada,https://s3.us-east-2.amazonaws.com/rp-20-sources/mandatory-disclosure-report-ff94e94fcaa92c9f279ed31b897a72e7,.pdf,01-01-2018,12-31-2018,05-15-2019
d9d47871ab37883beba93f553454b447,Liberty Gold Corporation,Canada,https://s3.us-east-2.amazonaws.com/rp-20-sources/mandatory-disclosure-report-d9d47871ab37883beba93f553454b447,.pdf,01-01-2018,12-31-2018,05-16-2019
4358ac16bf8fda0f22955acaede2556a,MAG Silver Corporation,Canada,https://s3.us-east-2.amazonaws.com/rp-20-sources/mandatory-disclosure-report4358ac16bf8fda0f22955acaede2556a,.pdf,01-01-2017,12-31-2017,05-30-2018
660a24027b620febc8baefc331906376,Mandalay Resources Corporation,Canada,https://s3.us-east-2.amazonaws.com/rp-20-sources/mandatory-disclosure-report660a24027b620febc8baefc331906376,.pdf,01-01-2016,12-31-2016,06-02-2017
d629f9ec7713e2dc02f9e9c48747e0f5-9e8439e4cfc82494fdd6a651ec448468-bf2898b74b9d3319f92c265485554624-4483d868b4cfd5b0540bf1bb4717345c,Marathon Oil West of Shetlands Limited,United Kingdom of Great Britain and Northern Ireland,https://s3.us-east-2.amazonaws.com/rp-20-sources/mandatory-disclosure-reportd629f9ec7713e2dc02f9e9c48747e0f5-9e8439e4cfc82494fdd6a651ec448468-bf2898b74b9d3319f92c265485554624-4483d868b4cfd5b0540bf1bb4717345c,.zip,01-01-2016,12-31-2016,11-22-2017
5f5d6f8575965e96dc81059177872d6a,Great Panther Mining Limited,Canada,https://s3.us-east-2.amazonaws.com/rp-20-sources/mandatory-disclosure-report5f5d6f8575965e96dc81059177872d6a,.pdf,01-01-2016,12-31-2016,03-28-2017
2180aa5e8de7dd5a03b15f3a565412f5,Great Quest Fertilizer Limited,Canada,https://s3.us-east-2.amazonaws.com/rp-20-sources/mandatory-disclosure-report-2180aa5e8de7dd5a03b15f3a565412f5,.pdf,01-01-2017,12-31-2017,05-06-2018
324a593a27fbeff9218bfa6eb98e75b5,Quarzwerke GmbH,Germany,https://s3.us-east-2.amazonaws.com/rp-20-sources/mandatory-disclosure-report-324a593a27fbeff9218bfa6eb98e75b5,.html,01-01-2018,12-31-2018,12-12-2019
dd80aefdcbbc3839cb56b86ef8001b7d,Imperial Metals Corporation,Canada,https://s3.us-east-2.amazonaws.com/rp-20-sources/mandatory-disclosure-report-dd80aefdcbbc3839cb56b86ef8001b7d,.pdf,01-01-2018,12-31-2018,05-30-2019
b81df5b4b135a9ad0a22808d66357566,Iron Bridge Resources Incorporated,Canada,https://s3.us-east-2.amazonaws.com/rp-20-sources/mandatory-disclosure-reportb81df5b4b135a9ad0a22808d66357566,.pdf,01-01-2017,12-31-2017,05-30-2018
5b378ba87a3f4c90b9c0aae9bf08a30a,Jien International Investment Limited,Canada,https://s3.us-east-2.amazonaws.com/rp-20-sources/mandatory-disclosure-report-5b378ba87a3f4c90b9c0aae9bf08a30a,.pdf,01-01-2018,12-31-2018,05-30-2019
feeadbbcfa533f29bc0b9faeb7bca0d5,Kincora Copper Limited,Canada,https://s3.us-east-2.amazonaws.com/rp-20-sources/mandatory-disclosure-report-feeadbbcfa533f29bc0b9faeb7bca0d5,.xlsx,01-01-2016,12-31-2016
76d17eedbbd4c54b0e4d5e3de4c09c70,Knelsen Sand and Gravel Ltd.,Canada,https://s3.us-east-2.amazonaws.com/rp-20-sources/mandatory-disclosure-report-76d17eedbbd4c54b0e4d5e3de4c09c70,.xlsx,01-01-2017,12-31-2017,12-21-2018
af4caa1b4a54abe16b1abc84174441bb,Lafarge Canada Incorporated,Canada,https://s3.us-east-2.amazonaws.com/rp-20-sources/mandatory-disclosure-reportaf4caa1b4a54abe16b1abc84174441bb,.pdf,01-01-2016,12-31-2016,05-15-2017
0c72464d481e056b07a78f9cf362a990,Lonmin Plc,United Kingdom of Great Britain and Northern Ireland,https://s3.us-east-2.amazonaws.com/rp-20-sources/mandatory-disclosure-report0c72464d481e056b07a78f9cf362a990,.html,10-01-2016,09-30-2017,03-29-2018
8441803f2c2c383be334bb758894651e,Lubelski Wegiel Bogdanka,Poland,https://s3.us-east-2.amazonaws.com/rp-20-sources/mandatory-disclosure-report8441803f2c2c383be334bb758894651e,.pdf,01-01-2016,12-31-2016,03-01-2017
0a19ab6774bac24247f346ddaae195b0,Lundin Mining Corporation,Canada,https://s3.us-east-2.amazonaws.com/rp-20-sources/mandatory-disclosure-report0a19ab6774bac24247f346ddaae195b0,.pdf,01-01-2016,12-31-2016,05-29-2017
5fa10adf22ded18491a5c4c769d2b3b0,Globex Mining Enterprises Incorporated,Canada,https://s3.us-east-2.amazonaws.com/rp-20-sources/mandatory-disclosure-report-5fa10adf22ded18491a5c4c769d2b3b0,.pdf,01-01-2018,12-31-2018,05-28-2019
56bd633bb853b00d610fa56f25e01453,Hemisphere Energy Corporation,Canada,https://s3.us-east-2.amazonaws.com/rp-20-sources/mandatory-disclosure-report56bd633bb853b00d610fa56f25e01453,.pdf,01-01-2016,12-31-2016,05-29-2017
f473df862c4c8d51b04fed48d22e588e-e7d71f8ee47b184de6e695d4b158c5bd-dcbd56d848b69849df18aed79d4d6ec5-a8f5b66525fd19cd0c81eabe6b7e51de,Hochschild Mining plc,United Kingdom of Great Britain and Northern Ireland,https://s3.us-east-2.amazonaws.com/rp-20-sources/mandatory-disclosure-report-f473df862c4c8d51b04fed48d22e588e-e7d71f8ee47b184de6e695d4b158c5bd-dcbd56d848b69849df18aed79d4d6ec5-a8f5b66525fd19cd0c81eabe6b7e51de,.zip,01-01-2017,12-31-2017,06-28-2018
fd2277e85b88d01586267d358e855531,Insignia Energy Ltd.,Canada,https://s3.us-east-2.amazonaws.com/rp-20-sources/mandatory-disclosure-report-fd2277e85b88d01586267d358e855531,.pdf,01-01-2018,12-31-2018,05-29-2019
d5afc88103d0a6d149241940558f5040-657bfeb616d125928306db2b38d7ca37-1d9afe0342b881c51d820679437da278-3b7749e740694e20e89b05808a97e541,JX Nippon Exploration and Production (U.K.) Limited,United Kingdom of Great Britain and Northern Ireland,https://s3.us-east-2.amazonaws.com/rp-20-sources/mandatory-disclosure-report-d5afc88103d0a6d149241940558f5040-657bfeb616d125928306db2b38d7ca37-1d9afe0342b881c51d820679437da278-3b7749e740694e20e89b05808a97e541,.zip,04-01-2015,03-31-2016,05-04-2018
18914c25275d7668a6efe7b105435c90,Kaizen Discovery Incorporated,Canada,https://s3.us-east-2.amazonaws.com/rp-20-sources/mandatory-disclosure-report-18914c25275d7668a6efe7b105435c90,.pdf,01-01-2018,12-31-2018,05-27-2019
37707c53bb17d46fdfa3d82749d4c663,LafargeHolcim Limited,France,https://s3.us-east-2.amazonaws.com/rp-20-sources/mandatory-disclosure-report37707c53bb17d46fdfa3d82749d4c663,.pdf,01-01-2017,12-31-2017
2a7ad114c535cc8f752b38ad411a3b68,Lausitz Energie Bergbau AG,Germany,https://s3.us-east-2.amazonaws.com/rp-20-sources/mandatory-disclosure-report-2a7ad114c535cc8f752b38ad411a3b68,.html,01-01-2017,12-31-2017,12-20-2018
8fe2e9d61bfdf040103f8d680ea32202,Manulife Resources Limited,Canada,https://s3.us-east-2.amazonaws.com/rp-20-sources/mandatory-disclosure-report8fe2e9d61bfdf040103f8d680ea32202,.pdf,01-01-2016,12-31-2016,05-25-2017
d81cef888b67ebeff5f29da3d3527480,HeidelbergCement Group,Germany,https://s3.us-east-2.amazonaws.com/rp-20-sources/mandatory-disclosure-report-d81cef888b67ebeff5f29da3d3527480,.pdf,01-01-2018,12-31-2018,06-12-2019
99d5da5f0931b03ad033e9b3ce74dc1f,Holcim WestZement GmbH,Germany,https://s3.us-east-2.amazonaws.com/rp-20-sources/mandatory-disclosure-report-99d5da5f0931b03ad033e9b3ce74dc1f,.html,01-01-2017,12-31-2017,06-05-2018
87183e84ec5b9213b33cb96da054c1a0,Imperial Oil Limited,Canada,https://s3.us-east-2.amazonaws.com/rp-20-sources/mandatory-disclosure-report87183e84ec5b9213b33cb96da054c1a0,.pdf,01-01-2016,12-31-2016,05-11-2017
a42c3279f791391baa335971282cb325,K+S Aktiengesellschaft,Germany,https://s3.us-east-2.amazonaws.com/rp-20-sources/mandatory-disclosure-report-a42c3279f791391baa335971282cb325,.html,01-01-2016,12-31-2016,08-23-2017
66de3166a4400bd955385b05225d03b2,Keyera Corporation,Canada,https://s3.us-east-2.amazonaws.com/rp-20-sources/mandatory-disclosure-report66de3166a4400bd955385b05225d03b2,.pdf,01-01-2016,12-31-2016,05-26-2017
1f5ef681bc1eef549768ed39a613b49b,Kootenay Silver Incorporated,Canada,https://s3.us-east-2.amazonaws.com/rp-20-sources/mandatory-disclosure-report-1f5ef681bc1eef549768ed39a613b49b,.pdf,01-01-2017,12-31-2017,06-28-2018
be6abee9e475fd8867e0e3ecfcc4b644,Kosmos Energy,United Kingdom of Great Britain and Northern Ireland,https://s3.us-east-2.amazonaws.com/rp-20-sources/mandatory-disclosure-report-be6abee9e475fd8867e0e3ecfcc4b644,.pdf,01-01-2018,12-31-2018
c88dc1b571bb4c646cea26d07b062049,Long Run Exploration Limited,Canada,https://s3.us-east-2.amazonaws.com/rp-20-sources/mandatory-disclosure-report-c88dc1b571bb4c646cea26d07b062049,.pdf,01-01-2018,12-31-2018,05-29-2019
701262c03dd76678ca20fc7386da2422,Lydian International Limited,Canada,https://s3.us-east-2.amazonaws.com/rp-20-sources/mandatory-disclosure-report-701262c03dd76678ca20fc7386da2422,.pdf,01-01-2019,12-31-2019,03-10-2020
f2154e550f703a5f1407f6214e7dba60,Golden Queen Mining Company Limited,Canada,https://s3.us-east-2.amazonaws.com/rp-20-sources/mandatory-disclosure-reportf2154e550f703a5f1407f6214e7dba60,.pdf,01-01-2016,12-31-2016,05-29-2017
04fcf69772ac92c23283c27c478642a4-c02bfeaa1a66dd77d3354d021811ffef-6f8bea3a8a5c9242b21f708e696bf943-067cdf3c352b9468842b3a275b801173,Hochschild Mining plc,United Kingdom of Great Britain and Northern Ireland,https://s3.us-east-2.amazonaws.com/rp-20-sources/mandatory-disclosure-report04fcf69772ac92c23283c27c478642a4-c02bfeaa1a66dd77d3354d021811ffef-6f8bea3a8a5c9242b21f708e696bf943-067cdf3c352b9468842b3a275b801173,.zip,01-01-2016,12-31-2016,06-29-2017
04e8ee569b6a74583a3607a60444013d,Huelskens Holding GmbH & Co. KG,Germany,https://s3.us-east-2.amazonaws.com/rp-20-sources/mandatory-disclosure-report-04e8ee569b6a74583a3607a60444013d,.html,01-01-2016,12-01-2016,01-11-2018
1703cba3d7188547ce1caf19a032a341,JTSD - Braunkohlebergbau GmbH,Germany,https://s3.us-east-2.amazonaws.com/rp-20-sources/mandatory-disclosure-report-1703cba3d7188547ce1caf19a032a341,.html,01-01-2016,12-31-2016,12-15-2017
610493adfccde23301d3bfe51081180d,Kelt Exploration Limited,Canada,https://s3.us-east-2.amazonaws.com/rp-20-sources/mandatory-disclosure-report610493adfccde23301d3bfe51081180d,.pdf,01-01-2017,12-31-2017,05-30-2018
497f1f49241d9f26dfe90e18321d7c9d,Keyera Corporation,Canada,https://s3.us-east-2.amazonaws.com/rp-20-sources/mandatory-disclosure-report497f1f49241d9f26dfe90e18321d7c9d,.pdf,01-01-2017,12-31-2017,05-28-2018
0071c46395d788fb9541e2da3fc82b41,LeadFX Incorporated,Canada,https://s3.us-east-2.amazonaws.com/rp-20-sources/mandatory-disclosure-report0071c46395d788fb9541e2da3fc82b41,.pdf,01-31-2016,12-31-2016,05-24-2017
7f0b036bda3bb94fa027e03260d848bc,Lydian International Limited,Canada,https://s3.us-east-2.amazonaws.com/rp-20-sources/mandatory-disclosure-report7f0b036bda3bb94fa027e03260d848bc,.pdf,01-01-2017,12-31-2017,03-28-2018
7d250d879e64bae8694ccbc089869cb3,Graymont Limited,Canada,https://s3.us-east-2.amazonaws.com/rp-20-sources/mandatory-disclosure-report-7d250d879e64bae8694ccbc089869cb3,.pdf,01-01-2018,12-31-2018,05-23-2019
37dd7ac94151ecdd79ca0e252672d590,H. Geiger GmbH Stein- und Schotterwerke,Germany,https://s3.us-east-2.amazonaws.com/rp-20-sources/mandatory-disclosure-report-37dd7ac94151ecdd79ca0e252672d590,.html,01-01-2016,12-31-2016,12-29-2017
82111e2cb7c55e983462583c6c63de42,Holcim Deutschland Gmbh,Germany,https://s3.us-east-2.amazonaws.com/rp-20-sources/mandatory-disclosure-report-82111e2cb7c55e983462583c6c63de42,.html,01-01-2016,12-31-2016,09-21-2017
cb2f8f18aecd2c953f6db99adc0fc7b8,Hulskens Holding GmbH & Co.KG,Germany,https://s3.us-east-2.amazonaws.com/rp-20-sources/mandatory-disclosure-report-cb2f8f18aecd2c953f6db99adc0fc7b8,.html,01-01-2018,12-31-2018,11-20-2019
5bdcadfa70bcfbb0e8df0a972c348455,Iamgold Corporation,Canada,https://s3.us-east-2.amazonaws.com/rp-20-sources/mandatory-disclosure-report-5bdcadfa70bcfbb0e8df0a972c348455,.pdf,01-01-2018,12-31-2018,05-30-2019
a1986e9a48364edbe83a944dc596115f,Imerys Metalcasting Germany GmbH,Germany,https://s3.us-east-2.amazonaws.com/rp-20-sources/mandatory-disclosure-report-a1986e9a48364edbe83a944dc596115f,.html,01-01-2017,12-31-2017,12-06-2019
55e49d303e6681253880e4c962a94d30,Imperial Metals Corporation,Canada,https://s3.us-east-2.amazonaws.com/rp-20-sources/mandatory-disclosure-report55e49d303e6681253880e4c962a94d30,.pdf,01-01-2016,12-31-2016,05-30-2017
b8cd6e678a597b535966d1bcfac91da5,Labrador Iron Ore Royalty Corporation,Canada,https://s3.us-east-2.amazonaws.com/rp-20-sources/mandatory-disclosure-reportb8cd6e678a597b535966d1bcfac91da5,.pdf,01-01-2017,12-31-2017,05-29-2018
fd13fa2e38ee125a81a2f2d0f51719aa,Lundin Petroleum AB,Sweden,https://s3.us-east-2.amazonaws.com/rp-20-sources/mandatory-disclosure-report-fd13fa2e38ee125a81a2f2d0f51719aa,.pdf,01-01-2018,12-31-2018
a2822503e879002528a78ae3383a6179,Lundin Petroleum AB,Sweden,https://s3.us-east-2.amazonaws.com/rp-20-sources/mandatory-disclosure-reporta2822503e879002528a78ae3383a6179,.pdf,01-01-2016,12-31-2016,04-06-2017
29746a0ed8a8913578c3a9e56afcb94a,Lydian International Limited,Canada,https://s3.us-east-2.amazonaws.com/rp-20-sources/mandatory-disclosure-report29746a0ed8a8913578c3a9e56afcb94a,.pdf,01-01-2016,12-31-2016,05-19-2017
549c23e349fc14be8c1e26c69864cba3,MAG Silver Corporation,Canada,https://s3.us-east-2.amazonaws.com/rp-20-sources/mandatory-disclosure-report549c23e349fc14be8c1e26c69864cba3,.pdf,01-01-2016,12-31-2016,05-30-2017
1f61a5a2ca3a41b05ad2f35da4b63cc8,Magris Resources Incorporated,Canada,https://s3.us-east-2.amazonaws.com/rp-20-sources/mandatory-disclosure-report-1f61a5a2ca3a41b05ad2f35da4b63cc8,.pdf,01-01-2019,12-31-2019,02-13-2020
2bfe9f08812b894f8077da3934ef0c07,Lupaka Gold Corporation,Canada,https://s3.us-east-2.amazonaws.com/rp-20-sources/mandatory-disclosure-report-2bfe9f08812b894f8077da3934ef0c07,.pdf,01-01-2016,12-31-2016,05-30-2017
9322ea72f01a819884d635a539fd3854,Gran Colombia Gold Corporation,Canada,https://s3.us-east-2.amazonaws.com/rp-20-sources/mandatory-disclosure-report-9322ea72f01a819884d635a539fd3854,.pdf,01-01-2018,12-31-2018,05-30-2019
3504024135d235910eba1e181bbbb7a7,Great Panther Mining Limited,Canada,https://s3.us-east-2.amazonaws.com/rp-20-sources/mandatory-disclosure-report-3504024135d235910eba1e181bbbb7a7,.pdf,01-01-2018,12-31-2018,05-02-2019
0ca0d138e121cb951a9f15ed4b50c7f5,Greenfields Petroleum Corporation,Canada,https://s3.us-east-2.amazonaws.com/rp-20-sources/mandatory-disclosure-report-0ca0d138e121cb951a9f15ed4b50c7f5,.pdf,01-01-2018,12-31-2018,03-20-2019
845bb96d08b2f43c8794d760e996dcff,Group Eleven Resources Corporation,Canada,https://s3.us-east-2.amazonaws.com/rp-20-sources/mandatory-disclosure-report845bb96d08b2f43c8794d760e996dcff,.pdf,01-01-2017,12-31-2017,05-17-2018
406a4f4e00ac504ea8fb79c88c1407c3,Hammerstone Corporation,Canada,https://s3.us-east-2.amazonaws.com/rp-20-sources/mandatory-disclosure-report-406a4f4e00ac504ea8fb79c88c1407c3,.pdf,01-01-2018,12-31-2018,05-29-2019
f9b854b63d47a6cf60f105d4f8f19154,HeidelbergCement Group,Germany,https://s3.us-east-2.amazonaws.com/rp-20-sources/mandatory-disclosure-reportf9b854b63d47a6cf60f105d4f8f19154,.pdf,01-01-2017,12-31-2017,06-11-2018
2f6e6edf849bbfb49c25c93063b61904,Horizonte Minerals plc,Canada,https://s3.us-east-2.amazonaws.com/rp-20-sources/mandatory-disclosure-report-2f6e6edf849bbfb49c25c93063b61904,.pdf,01-01-2018,12-31-2018,12-03-2019
2998ca3f1c52bcb9a7dc1a31b1021da2,Hunter Oil Corporation,Canada,https://s3.us-east-2.amazonaws.com/rp-20-sources/mandatory-disclosure-report-2998ca3f1c52bcb9a7dc1a31b1021da2,.pdf,01-01-2017,12-31-2017,01-22-2019
71290c6d4865600c327e881b56ce2e3d,Imperial Metals Corporation,Canada,https://s3.us-east-2.amazonaws.com/rp-20-sources/mandatory-disclosure-report71290c6d4865600c327e881b56ce2e3d,.pdf,01-01-2017,12-31-2017,05-30-2018
64a207088985424ef7934bc7f55e554b,JDL Gold Corporation,Canada,https://s3.us-east-2.amazonaws.com/rp-20-sources/mandatory-disclosure-report64a207088985424ef7934bc7f55e554b,.pdf,01-01-2016,12-31-2016,05-30-2017
bdd93b919d748a16df3051e0dbb2fc86,Junex Incorporated,Canada,https://s3.us-east-2.amazonaws.com/rp-20-sources/mandatory-disclosure-report-bdd93b919d748a16df3051e0dbb2fc86,.pdf,01-01-2016,12-31-2016,08-31-2017
4ef6f97dec1c5c17eebc06ed21f7d980,Kelt Exploration Limited,Canada,https://s3.us-east-2.amazonaws.com/rp-20-sources/mandatory-disclosure-report-4ef6f97dec1c5c17eebc06ed21f7d980,.pdf,01-01-2018,12-31-2018,05-30-2019
42c96b281aeae8b315cc7371932ce167,Lara Exploration Limited,Canada,https://s3.us-east-2.amazonaws.com/rp-20-sources/mandatory-disclosure-report-42c96b281aeae8b315cc7371932ce167,.pdf,01-01-2018,12-31-2018,06-10-2019
2bd1abc0cb078d23de68b8eb213c7002,Largo Resources Limited,Canada,https://s3.us-east-2.amazonaws.com/rp-20-sources/mandatory-disclosure-report2bd1abc0cb078d23de68b8eb213c7002,.pdf,01-01-2017,12-31-2017,05-09-2018
43b09b3bfd401650015815daf6e7d463,Lupaka Gold Corporation,Canada,https://s3.us-east-2.amazonaws.com/rp-20-sources/mandatory-disclosure-report-43b09b3bfd401650015815daf6e7d463,.pdf,01-01-2018,12-31-2018,06-24-2019
e21404af06eeb52591e0bfe059b5e0ae,Magris Resources Incorporated,Canada,https://s3.us-east-2.amazonaws.com/rp-20-sources/mandatory-disclosure-reporte21404af06eeb52591e0bfe059b5e0ae,.pdf,01-01-2017,12-31-2017,05-15-2018
ae58f29bf75f579adc2cada6c9bc98b8,Mandalay Resources Corporation,Canada,https://s3.us-east-2.amazonaws.com/rp-20-sources/mandatory-disclosure-reportae58f29bf75f579adc2cada6c9bc98b8,.pdf,01-01-2017,12-31-2017,05-16-2018
4963cc12de71d88ab462009de4472f00,Goldcorp Incorporated,Canada,https://s3.us-east-2.amazonaws.com/rp-20-sources/mandatory-disclosure-report-4963cc12de71d88ab462009de4472f00,.pdf,01-01-2017,12-31-2017,05-28-2018
5034f913778fce6e2c0ad983ea942cad,H. Geiger GmbH Stein- und Schotterwerke,Germany,https://s3.us-east-2.amazonaws.com/rp-20-sources/mandatory-disclosure-report-5034f913778fce6e2c0ad983ea942cad,.html,01-01-2018,12-31-2018,01-21-2020
23eab4ce5dadb725c111e2789624ff76,High Ground Energy,Canada,https://s3.us-east-2.amazonaws.com/rp-20-sources/mandatory-disclosure-report-23eab4ce5dadb725c111e2789624ff76,.pdf,01-01-2018,12-31-2018,05-31-2019
51db5a7a33a95c0ae7cf71e3bcbaea17,Kaisen Energy Corporation,Canada,https://s3.us-east-2.amazonaws.com/rp-20-sources/mandatory-disclosure-report51db5a7a33a95c0ae7cf71e3bcbaea17,.pdf,01-01-2017,12-31-2017,05-30-2018
90b18d8b5af5b90ee31bd2af8dfc36a8-49a6eba76ad2327615fa5bb8920692d4-8263db29659b8dede8ce19bd01d9f749-edb42a4c89788866aa8cac822ce58e7d,KAZ Minerals PLC,United Kingdom of Great Britain and Northern Ireland,https://s3.us-east-2.amazonaws.com/rp-20-sources/mandatory-disclosure-report-90b18d8b5af5b90ee31bd2af8dfc36a8-49a6eba76ad2327615fa5bb8920692d4-8263db29659b8dede8ce19bd01d9f749-edb42a4c89788866aa8cac822ce58e7d,.zip,01-01-2017,12-31-2017,11-13-2018
32431f6a96c4b42519705b5d2e9cf0c2,Kelt Exploration Limited,Canada,https://s3.us-east-2.amazonaws.com/rp-20-sources/mandatory-disclosure-report32431f6a96c4b42519705b5d2e9cf0c2,.pdf,01-01-2016,12-31-2016,05-25-2017
84da2608d59b85b2e40097ab8bc001b9,Kincora Copper Limited,Canada,https://s3.us-east-2.amazonaws.com/rp-20-sources/mandatory-disclosure-report-84da2608d59b85b2e40097ab8bc001b9,.xlsx,01-01-2018,12-31-2018,05-16-2019
ab1d1d9780ac34735dab925376473ea9,Klasmann Deilman GmbH,Germany,https://s3.us-east-2.amazonaws.com/rp-20-sources/mandatory-disclosure-report-ab1d1d9780ac34735dab925376473ea9,.html,01-01-2016,12-31-2016,01-30-2019
e4bdd5680dee816b0997df44d5501b05,Labrador Iron Ore Royalty Corporation,Canada,https://s3.us-east-2.amazonaws.com/rp-20-sources/mandatory-disclosure-report-e4bdd5680dee816b0997df44d5501b05,.pdf,01-01-2018,12-31-2018,05-24-2019
092d508e54863b795a4466700a0606d1,Lara Exploration Limited,Canada,https://s3.us-east-2.amazonaws.com/rp-20-sources/mandatory-disclosure-report092d508e54863b795a4466700a0606d1,.pdf,01-01-2016,12-31-2016,04-18-2017
4b17b63cd621e27df415572e4098d4ee,Leucrotta Exploration Incorporated,Canada,https://s3.us-east-2.amazonaws.com/rp-20-sources/mandatory-disclosure-report4b17b63cd621e27df415572e4098d4ee,.pdf,01-01-2017,12-31-2017,05-28-2018
6285780d0f5bcd83636541f6a63b066b,Loncor Resources Incorporated,Canada,https://s3.us-east-2.amazonaws.com/rp-20-sources/mandatory-disclosure-report6285780d0f5bcd83636541f6a63b066b,.pdf,01-01-2016,12-31-2016,05-30-2017
1123975378810ef56901d7d56f35c5f6,Lumina Gold Corporation,Canada,https://s3.us-east-2.amazonaws.com/rp-20-sources/mandatory-disclosure-report1123975378810ef56901d7d56f35c5f6,.pdf,01-01-2017,12-31-2017,05-25-2018
7e93b8dde459638b7169b357c9c671c2,Lumina Gold Corporation,Canada,https://s3.us-east-2.amazonaws.com/rp-20-sources/mandatory-disclosure-report-7e93b8dde459638b7169b357c9c671c2,.pdf,01-01-2018,12-31-2018,05-28-2019
a1ace28a9d22db22f067ed78037bb674,Golden Star Resources Limited,Canada,https://s3.us-east-2.amazonaws.com/rp-20-sources/mandatory-disclosure-reporta1ace28a9d22db22f067ed78037bb674,.pdf,01-01-2017,12-31-2017,05-29-2018
5a198a25fe53f1caeafa5594fdde82b9,GoldMining Incorporated,Canada,https://s3.us-east-2.amazonaws.com/rp-20-sources/mandatory-disclosure-report5a198a25fe53f1caeafa5594fdde82b9,.pdf,12-01-2015,11-30-2016,04-26-2017
5c9c1a46370993106ea41158100ccba8,Group Eleven Resources Corporation,Canada,https://s3.us-east-2.amazonaws.com/rp-20-sources/mandatory-disclosure-report-5c9c1a46370993106ea41158100ccba8,.pdf,01-01-2018,12-31-2018,05-30-2019
0e80bd0b69ce16cf0d8b975882fdcdc9,Hecla Quebec Incorporated,Canada,https://s3.us-east-2.amazonaws.com/rp-20-sources/mandatory-disclosure-report0e80bd0b69ce16cf0d8b975882fdcdc9,.pdf,01-01-2016,12-31-2016,05-30-2017
c790ce74b8ed28ab963b87921c786c6f,Hemisphere Energy Corporation,Canada,https://s3.us-east-2.amazonaws.com/rp-20-sources/mandatory-disclosure-reportc790ce74b8ed28ab963b87921c786c6f,.pdf,01-01-2017,12-31-2017,05-24-2018
4d39d659aadd81ade437c7c32b245a0c,Hoi Resources Limited,Canada,https://s3.us-east-2.amazonaws.com/rp-20-sources/mandatory-disclosure-report-4d39d659aadd81ade437c7c32b245a0c,.pdf,01-01-2018,12-31-2018,05-23-2019
ca8f92cc6f6bb0b08b6d4604883e8dfd,HudBay Minerals Incorporated,Canada,https://s3.us-east-2.amazonaws.com/rp-20-sources/mandatory-disclosure-reportca8f92cc6f6bb0b08b6d4604883e8dfd,.pdf,01-01-2017,12-31-2017,05-16-2018
0a50dcea6671eed15ce87650ca96539f,Hudson Resources Incorporated,Canada,https://s3.us-east-2.amazonaws.com/rp-20-sources/mandatory-disclosure-report-0a50dcea6671eed15ce87650ca96539f,.pdf,04-01-2018,03-31-2019,01-23-2020
96926f4fb5fa53db437577ea7ceec412,Hulskens Holding GmbH & Co.KG,Germany,https://s3.us-east-2.amazonaws.com/rp-20-sources/mandatory-disclosure-report-96926f4fb5fa53db437577ea7ceec412,.html,01-01-2017,12-31-2017,11-20-2018
d40abddf8db359284f89442595a94875,InPlay Oil Corporation,Canada,https://s3.us-east-2.amazonaws.com/rp-20-sources/mandatory-disclosure-reportd40abddf8db359284f89442595a94875,.pdf,01-01-2016,12-31-2016,05-23-2018
306c6ab216f7e0a512b96f795c02c58d,Iamgold Corporation,Canada,https://s3.us-east-2.amazonaws.com/rp-20-sources/mandatory-disclosure-report306c6ab216f7e0a512b96f795c02c58d,.pdf,01-01-2017,12-31-2017,05-30-2018
2b4d243a3d0c314d0c15579bd0c19d59,Jura Energy Corporation,Canada,https://s3.us-east-2.amazonaws.com/rp-20-sources/mandatory-disclosure-report-2b4d243a3d0c314d0c15579bd0c19d59,.pdf,01-01-2018,12-31-2018,05-30-2019
f3df7bc7d51d56992955a9ce5df44266,Knelsen Sand and Gravel Ltd.,Canada,https://s3.us-east-2.amazonaws.com/rp-20-sources/mandatory-disclosure-report-f3df7bc7d51d56992955a9ce5df44266,.xlsx,01-01-2018,12-31-2018,10-16-2019
6524ea04bdcbfab0c6bc12a3970d58e2,Leucrotta Exploration Incorporated,Canada,https://s3.us-east-2.amazonaws.com/rp-20-sources/mandatory-disclosure-report-6524ea04bdcbfab0c6bc12a3970d58e2,.pdf,01-01-2018,12-31-2018,05-30-2019
0a85f0fc8c4927157fcacca9141a9d41,Lithium Americas Corporation,Canada,https://s3.us-east-2.amazonaws.com/rp-20-sources/mandatory-disclosure-report0a85f0fc8c4927157fcacca9141a9d41,.pdf,10-01-2015,12-31-2016,05-30-2017
b2c0574960f4e0d239c501dd4e9edd7d,Longshore Resources Limited,Canada,https://s3.us-east-2.amazonaws.com/rp-20-sources/mandatory-disclosure-reportb2c0574960f4e0d239c501dd4e9edd7d,.pdf,01-01-2017,12-31-2017,05-15-2018
133e29a989c243d0379fcc535edb5726,Lundin Gold Incorporated,Canada,https://s3.us-east-2.amazonaws.com/rp-20-sources/mandatory-disclosure-report133e29a989c243d0379fcc535edb5726,.pdf,01-01-2017,12-31-2017,05-22-2018
316cadfe343a6fa9cee070385703dc61,Lupaka Gold Corporation,Canada,https://s3.us-east-2.amazonaws.com/rp-20-sources/mandatory-disclosure-report-316cadfe343a6fa9cee070385703dc61,.pdf,01-01-2017,12-31-2017,06-27-2019
3da587b5c59d63ae164d5b385c4b60c1-51e28628c49f48c455b161a0bc335cb3-9a1cafab52ee324aa79a14beda658cf1-d69aa67ac2023142e004941ba24d3d5a,Marathon Oil West of Shetlands Limited,United Kingdom of Great Britain and Northern Ireland,https://s3.us-east-2.amazonaws.com/rp-20-sources/mandatory-disclosure-report-3da587b5c59d63ae164d5b385c4b60c1-51e28628c49f48c455b161a0bc335cb3-9a1cafab52ee324aa79a14beda658cf1-d69aa67ac2023142e004941ba24d3d5a,.zip,01-01-2018,12-31-2018,10-15-2019
ca8f678ed0ce1133b5aa67d84b6a7427,International Petroleum Corporation,Canada,https://s3.us-east-2.amazonaws.com/rp-20-sources/mandatory-disclosure-report-ca8f678ed0ce1133b5aa67d84b6a7427,.pdf,01-01-2018,12-31-2018,05-17-2019
5e18446b7086e049f1b1a947f4feeb5e,ISH Energy Limited,Canada,https://s3.us-east-2.amazonaws.com/rp-20-sources/mandatory-disclosure-report5e18446b7086e049f1b1a947f4feeb5e,.pdf,01-01-2016,12-31-2016,05-17-2017
734f19b1e9d4d8ab05e7d869914b58df,Jaguar Mining Incorporated,Canada,https://s3.us-east-2.amazonaws.com/rp-20-sources/mandatory-disclosure-report-734f19b1e9d4d8ab05e7d869914b58df,.pdf,01-01-2018,12-31-2018,04-30-2019
5dfdd67b33bc1e73df2ad9615fa90f98,Jardine Matheson Holdings Limited,United Kingdom of Great Britain and Northern Ireland,https://s3.us-east-2.amazonaws.com/rp-20-sources/mandatory-disclosure-report-5dfdd67b33bc1e73df2ad9615fa90f98,.html,01-01-2018,12-31-2018,06-28-2019
8da05d54df3004bfe1fe227e9d24433b,Jardine Matheson Holdings Limited,United Kingdom of Great Britain and Northern Ireland,https://s3.us-east-2.amazonaws.com/rp-20-sources/mandatory-disclosure-report8da05d54df3004bfe1fe227e9d24433b,.html,01-01-2016,12-31-2016,06-29-2017
dcc84b7e730d1b824240df2951a48c55,Kenmare Resources plc,Ireland,https://s3.us-east-2.amazonaws.com/rp-20-sources/mandatory-disclosure-report-dcc84b7e730d1b824240df2951a48c55,.pdf,01-01-2018,12-31-2018,06-24-2019
d5cb97e90fa5e90b202f325992081b6e,Kosmos Energy,United Kingdom of Great Britain and Northern Ireland,https://s3.us-east-2.amazonaws.com/rp-20-sources/mandatory-disclosure-report-d5cb97e90fa5e90b202f325992081b6e,.pdf,01-01-2017,12-31-2017
c0498668cfc52b30a73cbf1ff2bcba9f,L1E Finance GmbH & Co. KG,Germany,https://s3.us-east-2.amazonaws.com/rp-20-sources/mandatory-disclosure-report-c0498668cfc52b30a73cbf1ff2bcba9f,.html,01-01-2017,12-31-2017,07-13-2018
72d10a641afafa289517832dde725f41,Laramide Resources Limited,Canada,https://s3.us-east-2.amazonaws.com/rp-20-sources/mandatory-disclosure-report-72d10a641afafa289517832dde725f41,.pdf,01-01-2017,12-31-2017,04-05-2018
3cf19ca38f98d26c40b8c4957f49d87a,Lightstream Resources Limited,Canada,https://s3.us-east-2.amazonaws.com/rp-20-sources/mandatory-disclosure-report3cf19ca38f98d26c40b8c4957f49d87a,.pdf,01-01-2016,12-31-2016,06-01-2017
82f32bad14a60d3812538ab23b8e0ac9,Lucara Diamond Corporation,Canada,https://s3.us-east-2.amazonaws.com/rp-20-sources/mandatory-disclosure-report82f32bad14a60d3812538ab23b8e0ac9,.pdf,01-01-2016,12-31-2016,05-29-2017
141b056d76a96e6cfbd5b73c11897b09,Lumina Gold Corporation,Canada,https://s3.us-east-2.amazonaws.com/rp-20-sources/mandatory-disclosure-report141b056d76a96e6cfbd5b73c11897b09,.pdf,01-01-2016,12-31-2016,05-30-2017
68d93852229d78fee42d4d22fd835748,Marker Beteiligungs GmbH Harburg,Germany,https://s3.us-east-2.amazonaws.com/rp-20-sources/mandatory-disclosure-report-68d93852229d78fee42d4d22fd835748,.html,01-01-2018,12-31-2018,12-03-2019
d3caf059d4fa2dec24ab5cbef7dbeb10,Guinea-Bissau Minerals Limited,Canada,https://s3.us-east-2.amazonaws.com/rp-20-sources/mandatory-disclosure-reportd3caf059d4fa2dec24ab5cbef7dbeb10,.pdf,07-01-2015,06-30-2016,12-12-2016
2ea106c8d016a46417e7b27cea3cc486,Jaguar Mining Incorporated,Canada,https://s3.us-east-2.amazonaws.com/rp-20-sources/mandatory-disclosure-report2ea106c8d016a46417e7b27cea3cc486,.pdf,01-01-2016,12-31-2016,05-27-2017
b5a9f644d7155497015199d5f759f7a0,Jardine Matheson Holdings Limited,United Kingdom of Great Britain and Northern Ireland,https://s3.us-east-2.amazonaws.com/rp-20-sources/mandatory-disclosure-reportb5a9f644d7155497015199d5f759f7a0,.html,01-01-2017,12-31-2017,06-29-2018
fca87eb14e971f7bc874c1e2accf977d,KGHM Polska Miedz S.A.,Poland,https://s3.us-east-2.amazonaws.com/rp-20-sources/mandatory-disclosure-reportfca87eb14e971f7bc874c1e2accf977d,.pdf,01-01-2017,12-31-2017,03-14-2018
9811a5948a558333abd196b0bcffcf45,Long Run Exploration Limited,Canada,https://s3.us-east-2.amazonaws.com/rp-20-sources/mandatory-disclosure-report9811a5948a558333abd196b0bcffcf45,.pdf,01-01-2017,12-31-2017,05-17-2018
651d022cd7dea18eaba83b8d930141e4,Centaurus Energy Inc.,Canada,https://s3.us-east-2.amazonaws.com/rp-20-sources/mandatory-disclosure-report-651d022cd7dea18eaba83b8d930141e4,.pdf,01-01-2018,12-31-2018,04-09-2019
3747daedea8e783d1508c5d1deca3310,Majestic Gold Corp.,Canada,https://s3.us-east-2.amazonaws.com/rp-20-sources/mandatory-disclosure-report-3747daedea8e783d1508c5d1deca3310,.pdf,10-01-2015,09-30-2016,05-12-2018
76740954992e73a0e312b4c31c5dbdd5,Maya Or & Argent Inc.,Canada,https://s3.us-east-2.amazonaws.com/rp-20-sources/mandatory-disclosure-report-76740954992e73a0e312b4c31c5dbdd5,.pdf,01-01-2017,12-31-2017,08-15-2018
eb04d14533ac282aefa520816f2407ed,Novus Energy Incorporated,Canada,https://s3.us-east-2.amazonaws.com/rp-20-sources/mandatory-disclosure-reporteb04d14533ac282aefa520816f2407ed,.pdf,01-01-2017,12-31-2017,05-29-2018
3106cb770dff46fb51a1c1d293c86ce7,OceanaGold Corporation,Canada,https://s3.us-east-2.amazonaws.com/rp-20-sources/mandatory-disclosure-report3106cb770dff46fb51a1c1d293c86ce7,.pdf,01-01-2017,12-31-2017,05-30-2018
c6a44cfbeab42bd51f6b0c508d04e24f,Orla Mining Limited,Canada,https://s3.us-east-2.amazonaws.com/rp-20-sources/mandatory-disclosure-report-c6a44cfbeab42bd51f6b0c508d04e24f,.pdf,01-01-2018,12-31-2018,04-30-2019
d25c04010282c49c3e45512da79db780,Orocobre Limited,Canada,https://s3.us-east-2.amazonaws.com/rp-20-sources/mandatory-disclosure-report-d25c04010282c49c3e45512da79db780,.pdf,07-01-2018,06-30-2019,11-07-2019
7e9e503a9acfc3af15899bdd597f76b3,Palamina Corporation,Canada,https://s3.us-east-2.amazonaws.com/rp-20-sources/mandatory-disclosure-report7e9e503a9acfc3af15899bdd597f76b3,.pdf,01-01-2016,12-31-2016,05-30-2017
56a1c7ce30a7b1ffe3a7539ef67d7e2d-45fd69776ac3e48693b1d2594ce91aca-9ebb2e07cd82eb425fd0678439372517-89f149868aa5092b45afbbf30c0766bc,Pan African Resources PLC,United Kingdom of Great Britain and Northern Ireland,https://s3.us-east-2.amazonaws.com/rp-20-sources/mandatory-disclosure-report-56a1c7ce30a7b1ffe3a7539ef67d7e2d-45fd69776ac3e48693b1d2594ce91aca-9ebb2e07cd82eb425fd0678439372517-89f149868aa5092b45afbbf30c0766bc,.zip,07-01-2016,06-30-2017,06-06-2018
50e710c5581ae499153e50a3749024e7,Pan American Silver Corporation,Canada,https://s3.us-east-2.amazonaws.com/rp-20-sources/mandatory-disclosure-report-50e710c5581ae499153e50a3749024e7,.pdf,01-01-2017,12-31-2017,05-30-2019
fb082d59c229a8539fbce81b36c999cc-eceb0d2691dbb2632e618826bee0df1b-221dfd602a430dd13abe63ef9895dc45-85257a92ef78de2e45511dbd1473f567,Perenco Oil and Gas Colombia Limited,United Kingdom of Great Britain and Northern Ireland,https://s3.us-east-2.amazonaws.com/rp-20-sources/mandatory-disclosure-reportfb082d59c229a8539fbce81b36c999cc-eceb0d2691dbb2632e618826bee0df1b-221dfd602a430dd13abe63ef9895dc45-85257a92ef78de2e45511dbd1473f567,.zip,01-01-2016,12-31-2016,09-12-2017
884546dcc3c58fcec8975045ce248fcd,Perseus Mining Limited,Canada,https://s3.us-east-2.amazonaws.com/rp-20-sources/mandatory-disclosure-report-884546dcc3c58fcec8975045ce248fcd,.pdf,07-01-2017,06-30-2018,11-30-2018
6815c7954c66acc0d2303bf68e643d2d,Petra Diamonds Limited,United Kingdom of Great Britain and Northern Ireland,https://s3.us-east-2.amazonaws.com/rp-20-sources/mandatory-disclosure-report6815c7954c66acc0d2303bf68e643d2d,.html,07-01-2016,06-30-2017,12-19-2017
aced5ecd51f98445c21a96db5402f3df,PetroFrontier Corporation,Canada,https://s3.us-east-2.amazonaws.com/rp-20-sources/mandatory-disclosure-reportaced5ecd51f98445c21a96db5402f3df,.pdf,01-01-2017,12-31-2017,05-23-2018
896b6506ecd441273360e9b7ecb7c6f2,Platinum Group Metals Limited,Canada,https://s3.us-east-2.amazonaws.com/rp-20-sources/mandatory-disclosure-report896b6506ecd441273360e9b7ecb7c6f2,.pdf,09-01-2015,08-31-2016,01-20-2017
575ecc24f44b296f11f561fc6f709128,Prairie Provident Resources Incorporated,Canada,https://s3.us-east-2.amazonaws.com/rp-20-sources/mandatory-disclosure-report575ecc24f44b296f11f561fc6f709128,.pdf,01-01-2016,12-31-2016,05-26-2017
67e7980c6316627746ef081d8b2e502b,PETRONAS Energy Canada Limited,Canada,https://s3.us-east-2.amazonaws.com/rp-20-sources/mandatory-disclosure-report67e7980c6316627746ef081d8b2e502b,.pdf,01-01-2016,12-31-2016,05-29-2017
882b0702f90dad6df02fe95dd7dbe5ae,PETRONAS Energy Canada Limited,Canada,https://s3.us-east-2.amazonaws.com/rp-20-sources/mandatory-disclosure-report882b0702f90dad6df02fe95dd7dbe5ae,.pdf,01-01-2017,12-31-2017,04-26-2018
8e8731ba614aaaeb1fb5d6cca96c8752,Melior Resources Incorporated,Canada,https://s3.us-east-2.amazonaws.com/rp-20-sources/mandatory-disclosure-report-8e8731ba614aaaeb1fb5d6cca96c8752,.pdf,07-01-2016,06-30-2017,11-15-2019
12c37ac7cdbe2d41c6f2e08a4b5dde33,Minera IRL Limited,Canada,https://s3.us-east-2.amazonaws.com/rp-20-sources/mandatory-disclosure-report12c37ac7cdbe2d41c6f2e08a4b5dde33,.pdf,01-01-2016,12-31-2016,05-18-2017
23aa506681f18b77cf1fceac9328a162-33d439708d0eff5c90ed4441e7da8d72-38ed409aa227da3c45aa1e37ac0ea285-96a4501e0c0f5c027f5ef14494b6f1c9,Mondi plc,United Kingdom of Great Britain and Northern Ireland,https://s3.us-east-2.amazonaws.com/rp-20-sources/mandatory-disclosure-report-23aa506681f18b77cf1fceac9328a162-33d439708d0eff5c90ed4441e7da8d72-38ed409aa227da3c45aa1e37ac0ea285-96a4501e0c0f5c027f5ef14494b6f1c9,.zip,01-01-2017,12-31-2017,06-27-2018
22b55d940248ccfdc881990eb492623b,Mosaic Esterhazy Holdings ULC,Canada,https://s3.us-east-2.amazonaws.com/rp-20-sources/mandatory-disclosure-report-22b55d940248ccfdc881990eb492623b,.xlsx,01-01-2017,12-31-2017
4ec64f2d54c6aec276946d186432a589,Nep Canada Unlimited Liability Corporation,Canada,https://s3.us-east-2.amazonaws.com/rp-20-sources/mandatory-disclosure-report-4ec64f2d54c6aec276946d186432a589,.pdf,01-01-2018,12-31-2018,05-31-2019
7eb78e04b1833832818e551de4e591b0,New Zealand Energy Corporation,Canada,https://s3.us-east-2.amazonaws.com/rp-20-sources/mandatory-disclosure-report7eb78e04b1833832818e551de4e591b0,.pdf,01-01-2016,12-31-2016,05-16-2017
4ff2876a608d7796c658d16db3681825,New Zealand Energy Corporation,Canada,https://s3.us-east-2.amazonaws.com/rp-20-sources/mandatory-disclosure-report-4ff2876a608d7796c658d16db3681825,.pdf,01-01-2018,12-31-2018,05-22-2019
42d20087278bcc63eb3d61a797efac35,Northern Dynasty Minerals Limited,Canada,https://s3.us-east-2.amazonaws.com/rp-20-sources/mandatory-disclosure-report42d20087278bcc63eb3d61a797efac35,.pdf,01-01-2017,12-31-2017,05-22-2018
0c8b0d9668b22fdd6a34d804191d0362,Northern Vertex Mining Corporation,Canada,https://s3.us-east-2.amazonaws.com/rp-20-sources/mandatory-disclosure-report-0c8b0d9668b22fdd6a34d804191d0362,.pdf,07-01-2017,06-30-2018
337c32619cb3a0d42d4609786485b82e,Osisko Gold Royalties Limited,Canada,https://s3.us-east-2.amazonaws.com/rp-20-sources/mandatory-disclosure-report337c32619cb3a0d42d4609786485b82e,.pdf,01-01-2016,12-31-2016,05-30-2017
35cef8ac2f54730657c59e3376f17ccc,Osisko Mining Incorporated,Canada,https://s3.us-east-2.amazonaws.com/rp-20-sources/mandatory-disclosure-report-35cef8ac2f54730657c59e3376f17ccc,.pdf,01-01-2018,12-31-2018,03-07-2019
a93604711d84f57bef392b1d9db266b2,Petrocapita Income Trust,Canada,https://s3.us-east-2.amazonaws.com/rp-20-sources/mandatory-disclosure-reporta93604711d84f57bef392b1d9db266b2,.pdf,01-01-2017,12-31-2017,05-31-2018
dffba7e26d1853bbb9b6c961bbf073b8-575d3ff04653433f738fe0e37cca869c-9bccbf1f69cdbb16b072a9622a4e11ce-bccb3a25ccd105ce605dc140af94914e,Petropavlovsk plc,United Kingdom of Great Britain and Northern Ireland,https://s3.us-east-2.amazonaws.com/rp-20-sources/mandatory-disclosure-report-dffba7e26d1853bbb9b6c961bbf073b8-575d3ff04653433f738fe0e37cca869c-9bccbf1f69cdbb16b072a9622a4e11ce-bccb3a25ccd105ce605dc140af94914e,.zip,01-01-2017,12-31-2017,05-10-2019
64260cd984cfa0114a8460c7d0002b33-7f88a851f74945a2cb1e6cb10715c9ec-9016dcf1e66aa4706092f1df366b8a21-08981a98cdaea92e70e82667bf1dba0c,Ping Petroleum UK Limited,United Kingdom of Great Britain and Northern Ireland,https://s3.us-east-2.amazonaws.com/rp-20-sources/mandatory-disclosure-report-64260cd984cfa0114a8460c7d0002b33-7f88a851f74945a2cb1e6cb10715c9ec-9016dcf1e66aa4706092f1df366b8a21-08981a98cdaea92e70e82667bf1dba0c,.zip,07-01-2017,06-30-2018,05-29-2019
f7757ae60b0a7bee6099c442c29ed097,PolyMet Mining Corporation,Canada,https://s3.us-east-2.amazonaws.com/rp-20-sources/mandatory-disclosure-reportf7757ae60b0a7bee6099c442c29ed097,.pdf,02-01-2016,01-31-2017,06-22-2017
99b078be153eacc7fee64d361ae40dda,Primeline Energy Holdings Incorporated,Canada,https://s3.us-east-2.amazonaws.com/rp-20-sources/mandatory-disclosure-report99b078be153eacc7fee64d361ae40dda,.pdf,04-01-2016,03-31-2017,08-28-2017
9d4833437c6c975605e85bfc2232668c,Gazprom,United Kingdom of Great Britain and Northern Ireland,https://s3.us-east-2.amazonaws.com/rp-20-sources/mandatory-disclosure-report9d4833437c6c975605e85bfc2232668c,.html,01-01-2015,12-31-2015,06-30-2016
1a87c569f403838582b15654941bb87e,Maya Gold & Silver Incorporated,Canada,https://s3.us-east-2.amazonaws.com/rp-20-sources/mandatory-disclosure-report-1a87c569f403838582b15654941bb87e,.pdf,01-01-2018,12-31-2018,10-16-2019
eb97d0538aa1a04a8e303ae65dae4733,Mediterra Energy Corporation,Canada,https://s3.us-east-2.amazonaws.com/rp-20-sources/mandatory-disclosure-report-eb97d0538aa1a04a8e303ae65dae4733,.pdf,01-01-2018,12-31-2018,05-28-2019
b2efb8e1b0f98ad46d2f3436ff5de73d,GoGold Resources Incorporated,Canada,https://s3.us-east-2.amazonaws.com/rp-20-sources/mandatory-disclosure-report-b2efb8e1b0f98ad46d2f3436ff5de73d,.pdf,10-01-2016,09-30-2017,11-30-2018
02572e1ce3990d44f6a4945b3312e758,Great Eastern Energy Corporation Limited,United Kingdom of Great Britain and Northern Ireland,https://s3.us-east-2.amazonaws.com/rp-20-sources/mandatory-disclosure-report-02572e1ce3990d44f6a4945b3312e758,.html,04-01-2017,03-31-2018,09-25-2018
e85fede54c758fdb9058283008127e14,Great Eastern Energy Corporation Limited,United Kingdom of Great Britain and Northern Ireland,https://s3.us-east-2.amazonaws.com/rp-20-sources/mandatory-disclosure-report-e85fede54c758fdb9058283008127e14,.html,03-01-2018,03-31-2019,08-23-2019
cd1d02a3fbeb73fda44668f6b0df7e3a,Greenfields Petroleum Corporation,Canada,https://s3.us-east-2.amazonaws.com/rp-20-sources/mandatory-disclosure-reportcd1d02a3fbeb73fda44668f6b0df7e3a,.pdf,01-01-2016,12-31-2016,05-30-2017
36a2e6fc88125d464384e0fad47490ad,Gulf Keystone Petroleum Limited,United Kingdom of Great Britain and Northern Ireland,https://s3.us-east-2.amazonaws.com/rp-20-sources/mandatory-disclosure-report36a2e6fc88125d464384e0fad47490ad,.pdf,01-01-2016,12-31-2016,06-29-2017
04aa20d97d86c06bd9f3bc79f1f72b3f-7d95e675463b2372fe8a7abe06b4586d-79a1eecf4cbf1004da01a242fa307f1e-2e897c64a2d153627c1c15974d73b491,The Hills Group Limited,United Kingdom of Great Britain and Northern Ireland,https://s3.us-east-2.amazonaws.com/rp-20-sources/mandatory-disclosure-report-04aa20d97d86c06bd9f3bc79f1f72b3f-7d95e675463b2372fe8a7abe06b4586d-79a1eecf4cbf1004da01a242fa307f1e-2e897c64a2d153627c1c15974d73b491,.zip,05-01-2017,04-30-2018,03-01-2019
2af8d5af41f7a339e1ba47d592da8cb1-19f916a8fb916e1193f34c1d1b5c8a78-5117bfda46304923a259f1615ac354f1-622a9443a41f41944855dbe9639bc1b2,Hunting PLC,United Kingdom of Great Britain and Northern Ireland,https://s3.us-east-2.amazonaws.com/rp-20-sources/mandatory-disclosure-report2af8d5af41f7a339e1ba47d592da8cb1-19f916a8fb916e1193f34c1d1b5c8a78-5117bfda46304923a259f1615ac354f1-622a9443a41f41944855dbe9639bc1b2,.zip,01-01-2015,12-31-2015,02-23-2017
356a87ddae1dfc418b8492deea32a087,Jupiter Resources Incorporated,Canada,https://s3.us-east-2.amazonaws.com/rp-20-sources/mandatory-disclosure-report-356a87ddae1dfc418b8492deea32a087,.pdf,01-01-2018,12-31-2018,05-29-2019
3b7bba63654ed9d262d02f4dd37c327b-3cc68ebf2b3917d89c33d40776dcb912-2647d9f266f309152169bd7c05110b1f-3479a4115a9cac0c85df29b69c7a53ad,JX Nippon Exploration and Production (U.K.) Limited,United Kingdom of Great Britain and Northern Ireland,https://s3.us-east-2.amazonaws.com/rp-20-sources/mandatory-disclosure-report-3b7bba63654ed9d262d02f4dd37c327b-3cc68ebf2b3917d89c33d40776dcb912-2647d9f266f309152169bd7c05110b1f-3479a4115a9cac0c85df29b69c7a53ad,.zip,04-01-2016,03-31-2017,05-04-2018
23dd73b2b6acae367eae74187a2f953c,K+S Aktiengesellschaft,Germany,https://s3.us-east-2.amazonaws.com/rp-20-sources/mandatory-disclosure-report-23dd73b2b6acae367eae74187a2f953c,.pdf,01-01-2017,12-01-2017,06-29-2018
ecc4b0dcc32d2043c91c698c84a2b5b7,Kaizen Discovery Incorporated,Canada,https://s3.us-east-2.amazonaws.com/rp-20-sources/mandatory-disclosure-reportecc4b0dcc32d2043c91c698c84a2b5b7,.pdf,01-01-2016,12-31-2016,05-26-2017
5e6097a1f802b9bc03de03fc3a6f9170,Katanga Mining Limited,Canada,https://s3.us-east-2.amazonaws.com/rp-20-sources/mandatory-disclosure-report-5e6097a1f802b9bc03de03fc3a6f9170,.pdf,01-01-2017,12-31-2017,06-29-2018
1bef6f235048750fee5f871d91573965,Kirkland Lake Gold Limited,Canada,https://s3.us-east-2.amazonaws.com/rp-20-sources/mandatory-disclosure-report-1bef6f235048750fee5f871d91573965,.pdf,01-01-2017,12-31-2017,10-08-2019
a97c799992a2658c0362555621e49832,Lehigh Hanson Materials Limited,Canada,https://s3.us-east-2.amazonaws.com/rp-20-sources/mandatory-disclosure-report-a97c799992a2658c0362555621e49832,.pdf,01-01-2017,12-31-2017,05-31-2018
fd7086e103d4a03b87170f93bd3c660d,Leucrotta Exploration Incorporated,Canada,https://s3.us-east-2.amazonaws.com/rp-20-sources/mandatory-disclosure-reportfd7086e103d4a03b87170f93bd3c660d,.pdf,01-01-2016,12-31-2016,05-30-2017
f1b8c6e9a56331a22f13b97541ded161,Long Run Exploration Limited,Canada,https://s3.us-east-2.amazonaws.com/rp-20-sources/mandatory-disclosure-reportf1b8c6e9a56331a22f13b97541ded161,.pdf,01-01-2016,12-31-2016,05-30-2017
478bd1de963ad8ea3e2ded527d70e637,Lucara Diamond Corporation,Canada,https://s3.us-east-2.amazonaws.com/rp-20-sources/mandatory-disclosure-report478bd1de963ad8ea3e2ded527d70e637,.pdf,01-01-2017,12-31-2017,05-29-2018
b5df3710e5159ff6343588cb8178318a-d178e19cfe427fe2922a1774673a66ee-7020a1bfd7350c7bb37104d5d130dda1-d4411f895732c9a92b03129a6e06b351,Marathon Oil West of Shetlands Limited,United Kingdom of Great Britain and Northern Ireland,https://s3.us-east-2.amazonaws.com/rp-20-sources/mandatory-disclosure-report-b5df3710e5159ff6343588cb8178318a-d178e19cfe427fe2922a1774673a66ee-7020a1bfd7350c7bb37104d5d130dda1-d4411f895732c9a92b03129a6e06b351,.zip,01-01-2017,12-31-2017,10-01-2018
711739d075c0198473b4c8bee7a57396,Gowest Gold Limited,Canada,https://s3.us-east-2.amazonaws.com/rp-20-sources/mandatory-disclosure-report-711739d075c0198473b4c8bee7a57396,.pdf,01-01-2016,12-31-2016,05-31-2017
2271c694ccfc4001df9a8d796f98fa27,Great Panther Mining Limited,Canada,https://s3.us-east-2.amazonaws.com/rp-20-sources/mandatory-disclosure-report2271c694ccfc4001df9a8d796f98fa27,.pdf,01-01-2017,12-31-2017,05-23-2018
745862b9887a2efbb735b21fa5cfe601,Hochschild Mining plc,United Kingdom of Great Britain and Northern Ireland,https://s3.us-east-2.amazonaws.com/rp-20-sources/mandatory-disclosure-report-745862b9887a2efbb735b21fa5cfe601,.html,01-01-2018,12-31-2018,06-26-2019
47ee6b10bd6b23e2a416982757a7eea3,Jadestone Energy Incorporated,Canada,https://s3.us-east-2.amazonaws.com/rp-20-sources/mandatory-disclosure-report47ee6b10bd6b23e2a416982757a7eea3,.pdf,04-01-2016,03-31-2017,08-09-2017
54b6c1c6922bf8edaf6b13daf7fc75db,Katanga Mining Limited,Canada,https://s3.us-east-2.amazonaws.com/rp-20-sources/mandatory-disclosure-report-54b6c1c6922bf8edaf6b13daf7fc75db,.pdf,01-01-2018,12-31-2018,06-11-2019
ff2e39a1a14f08584195778caed96492,L1E Finance GmbH & Co. KG,Germany,https://s3.us-east-2.amazonaws.com/rp-20-sources/mandatory-disclosure-report-ff2e39a1a14f08584195778caed96492,.html,01-01-2016,12-31-2016,11-15-2017
3f4d569940cc50716493c6aae1e641a2,Leagold Mining Corporation,Canada,https://s3.us-east-2.amazonaws.com/rp-20-sources/mandatory-disclosure-report-3f4d569940cc50716493c6aae1e641a2,.pdf,01-01-2018,12-31-2018,05-17-2019
825d158dd173ad9999e8087825d73fbf,Marker Beteiligungs GmbH Harburg,Germany,https://s3.us-east-2.amazonaws.com/rp-20-sources/mandatory-disclosure-report-825d158dd173ad9999e8087825d73fbf,.html,01-01-2017,12-31-2017,12-04-2018
be24b1593c99828794b13d784d4afa1e,Goldgroup Mining Incorporated,Canada,https://s3.us-east-2.amazonaws.com/rp-20-sources/mandatory-disclosure-report-be24b1593c99828794b13d784d4afa1e,.pdf,01-01-2019,12-31-2019,02-26-2020
e3d2328983148ae0dd85d3f9c5810d0b,Gulf Keystone Petroleum Limited,United Kingdom of Great Britain and Northern Ireland,https://s3.us-east-2.amazonaws.com/rp-20-sources/mandatory-disclosure-reporte3d2328983148ae0dd85d3f9c5810d0b,.html,01-01-2017,12-31-2017,06-29-2018
40b23d48b666885ad99c559d02f13ca7,K+S Aktiengesellschaft,Germany,https://s3.us-east-2.amazonaws.com/rp-20-sources/mandatory-disclosure-report-40b23d48b666885ad99c559d02f13ca7,.html,01-01-2018,12-31-2018,07-12-2019
35417f7b382d8089d9fb85ba088788c0,Leagold Mining Corporation,Canada,https://s3.us-east-2.amazonaws.com/rp-20-sources/mandatory-disclosure-report35417f7b382d8089d9fb85ba088788c0,.pdf,01-01-2017,12-31-2017,05-30-2018
7ed1f29f261bc3a33583ee21416addfc,Manulife Western Holdings Limited Partnership,Canada,https://s3.us-east-2.amazonaws.com/rp-20-sources/mandatory-disclosure-report-7ed1f29f261bc3a33583ee21416addfc,.pdf,01-01-2018,12-31-2018,05-28-2019
62d755f62069472186973c96162e99bd,Marlin Gold Mining Limited,Canada,https://s3.us-east-2.amazonaws.com/rp-20-sources/mandatory-disclosure-report62d755f62069472186973c96162e99bd,.pdf,01-01-2017,12-31-2017,05-30-2018
99353de30a79cc6dea7230a5da84bf5c,Marlin Gold Mining Limited,Canada,https://s3.us-east-2.amazonaws.com/rp-20-sources/mandatory-disclosure-report99353de30a79cc6dea7230a5da84bf5c,.pdf,01-01-2016,12-31-2016,05-30-2017
e5855afcd69d08d134f38c2c5c4b70b5,Metanor Resources Incorporated,Canada,https://s3.us-east-2.amazonaws.com/rp-20-sources/mandatory-disclosure-reporte5855afcd69d08d134f38c2c5c4b70b5,.pdf,01-01-2017,12-31-2017,05-31-2018
4e920d8e4695fc2600d33e0651197154,Abcourt Mines Inc.,Canada,https://s3.us-east-2.amazonaws.com/rp-20-sources/mandatory-disclosure-report-4e920d8e4695fc2600d33e0651197154,.pdf,07-01-2016,06-30-2017,07-09-2019
33655ebb1409323f2809a94ed1dc9e58,Miranda Gold Corporation,Canada,https://s3.us-east-2.amazonaws.com/rp-20-sources/mandatory-disclosure-report33655ebb1409323f2809a94ed1dc9e58,.pdf,09-01-2016,08-31-2017,05-22-2018
6cceac85d44fa252022831d86a483ca2,Nevsun Resources Limited,Canada,https://s3.us-east-2.amazonaws.com/rp-20-sources/mandatory-disclosure-report-6cceac85d44fa252022831d86a483ca2,.pdf,01-01-2018,12-31-2018,05-16-2019
9f3733a51a34c716d38a9cf66623dbeb,Northern Vertex Mining Corporation,Canada,https://s3.us-east-2.amazonaws.com/rp-20-sources/mandatory-disclosure-report-9f3733a51a34c716d38a9cf66623dbeb,.pdf,07-01-2018,06-30-2019,11-27-2019
744f005dea4b42db9e86b696437993c2,Orano Canada Incorporated,Canada,https://s3.us-east-2.amazonaws.com/rp-20-sources/mandatory-disclosure-report744f005dea4b42db9e86b696437993c2,.pdf,01-01-2016,12-31-2016,05-29-2017
ab932c0cf5d028d6c5539e4a42391183,Orca Exploration Group Incorporated,Canada,https://s3.us-east-2.amazonaws.com/rp-20-sources/mandatory-disclosure-report-ab932c0cf5d028d6c5539e4a42391183,.pdf,01-01-2018,12-31-2018,05-16-2019
edff888403e8a014af5e21b95f0c918a,Perseus Mining Limited,Canada,https://s3.us-east-2.amazonaws.com/rp-20-sources/mandatory-disclosure-reportedff888403e8a014af5e21b95f0c918a,.pdf,07-01-2016,06-30-2017,12-01-2017
1799c5c554e36988c011d98efa91bb9d,Peyto Exploration and Development Corporation,Canada,https://s3.us-east-2.amazonaws.com/rp-20-sources/mandatory-disclosure-report1799c5c554e36988c011d98efa91bb9d,.pdf,01-01-2016,12-31-2016,04-26-2017
9f6b0411a4e303862ab73aca1e497ee2,Pieridae Energy Limited,Canada,https://s3.us-east-2.amazonaws.com/rp-20-sources/mandatory-disclosure-report9f6b0411a4e303862ab73aca1e497ee2,.pdf,01-01-2017,12-31-2017,05-28-2018
f27fe52723c4676ff07b09aa9cb99dea,Noront Resources Ltd.,Canada,https://s3.us-east-2.amazonaws.com/rp-20-sources/mandatory-disclosure-report-f27fe52723c4676ff07b09aa9cb99dea,.pdf,01-01-2018,12-31-2018,06-03-2019
32f260402d8c2116f935049c6d4c476a,Pacific Empire Minerals Corp,Canada,https://s3.us-east-2.amazonaws.com/rp-20-sources/mandatory-disclosure-report-32f260402d8c2116f935049c6d4c476a,.pdf,04-01-2017,03-31-2018,08-28-2018
7f8ae3afba92d8642698c2acadf19b6e,Painted Pony Energy Limited,Canada,https://s3.us-east-2.amazonaws.com/rp-20-sources/mandatory-disclosure-report7f8ae3afba92d8642698c2acadf19b6e,.pdf,01-01-2016,12-31-2016,05-29-2017
324cb8b2847061cffb4979a2bb0f0029-50c46552d8741d0a522c65bc64e74a2f-4bd0a0cc21404b63c412b42b5197783d-4473de977907e6e74f759ef40bd2b99e,Perenco Oil and Gas Colombia Limited,United Kingdom of Great Britain and Northern Ireland,https://s3.us-east-2.amazonaws.com/rp-20-sources/mandatory-disclosure-report-324cb8b2847061cffb4979a2bb0f0029-50c46552d8741d0a522c65bc64e74a2f-4bd0a0cc21404b63c412b42b5197783d-4473de977907e6e74f759ef40bd2b99e,.zip,01-01-2018,12-31-2018,09-03-2019
70d61489e7dda43485778fdd9cfe6ef8,Petra Diamonds Limited,United Kingdom of Great Britain and Northern Ireland,https://s3.us-east-2.amazonaws.com/rp-20-sources/mandatory-disclosure-report-70d61489e7dda43485778fdd9cfe6ef8,.pdf,07-01-2015,06-30-2016,12-21-2016
7ad51e0d11723237e93d3f8aa6d3ffc5,Petrofac Limited,United Kingdom of Great Britain and Northern Ireland,https://s3.us-east-2.amazonaws.com/rp-20-sources/mandatory-disclosure-report-7ad51e0d11723237e93d3f8aa6d3ffc5,.xml,01-01-2018,12-31-2018
a16327a05262eec4c77f486353e3dc42,PetroFrontier Corporation,Canada,https://s3.us-east-2.amazonaws.com/rp-20-sources/mandatory-disclosure-report-a16327a05262eec4c77f486353e3dc42,.pdf,01-01-2018,12-31-2018,05-14-2019
4557de0d88440a493de169b09617d94a,PetroKazakhstan Incorporated,Canada,https://s3.us-east-2.amazonaws.com/rp-20-sources/mandatory-disclosure-report-4557de0d88440a493de169b09617d94a,.xlsx,01-01-2017,12-31-2017,05-28-2019
5a6ab8919f2b3599147dc91425e03b3e,PJSC Polyus,United Kingdom of Great Britain and Northern Ireland,https://s3.us-east-2.amazonaws.com/rp-20-sources/mandatory-disclosure-report5a6ab8919f2b3599147dc91425e03b3e,.pdf,01-01-2017,12-31-2017
4c66e062f7684f6f9b49e2a45bcb1b9d,Meridian Mining SE,Canada,https://s3.us-east-2.amazonaws.com/rp-20-sources/mandatory-disclosure-report4c66e062f7684f6f9b49e2a45bcb1b9d,.pdf,01-01-2016,12-31-2016,05-30-2017
800864597142e3035612a8e8973a9958,Municipal Enterprises Limited,Canada,https://s3.us-east-2.amazonaws.com/rp-20-sources/mandatory-disclosure-report-800864597142e3035612a8e8973a9958,.pdf,01-01-2017,01-31-2018,06-29-2018
b61fddd696a5ff89431bb01a19d71bdc,New Gold Incorporated,Canada,https://s3.us-east-2.amazonaws.com/rp-20-sources/mandatory-disclosure-report-b61fddd696a5ff89431bb01a19d71bdc,.xlsx,01-01-2018,12-31-2018,05-27-2019
b7827579555d58a053c4e4b1f0fb1af4,Northern Vertex Mining Corporation,Canada,https://s3.us-east-2.amazonaws.com/rp-20-sources/mandatory-disclosure-reportb7827579555d58a053c4e4b1f0fb1af4,.pdf,07-01-2016,06-30-2017,11-27-2017
8981507ff65e6fe0ed99c0c47b293b3f,Obsidian Energy Limited,Canada,https://s3.us-east-2.amazonaws.com/rp-20-sources/mandatory-disclosure-report-8981507ff65e6fe0ed99c0c47b293b3f,.pdf,01-01-2017,12-31-2017,05-29-2018
129a4ce6ad5d40b849f1402a99b0636f,Orvana Minerals Corporation,Canada,https://s3.us-east-2.amazonaws.com/rp-20-sources/mandatory-disclosure-report-129a4ce6ad5d40b849f1402a99b0636f,.pdf,10-01-2017,09-30-2018,02-27-2019
4cbadf4c11805ec6e11adc5f321bfac0,Orvana Minerals Corporation,Canada,https://s3.us-east-2.amazonaws.com/rp-20-sources/mandatory-disclosure-report4cbadf4c11805ec6e11adc5f321bfac0,.pdf,10-01-2016,09-30-2017,02-27-2018
3bf26a0a38a014875dfc28e83e346dbe,Pan American Silver Corporation,Canada,https://s3.us-east-2.amazonaws.com/rp-20-sources/mandatory-disclosure-report3bf26a0a38a014875dfc28e83e346dbe,.pdf,01-01-2016,12-31-2016,05-30-2017
7a764873cb07819871e553d4dffe9db5,Pan Orient Energy Corporation,Canada,https://s3.us-east-2.amazonaws.com/rp-20-sources/mandatory-disclosure-report7a764873cb07819871e553d4dffe9db5,.pdf,01-01-2017,12-31-2017,05-23-2018
a7b05bffdea4c267f06ba45e1f079fcf,Panoro Minerals Limited,Canada,https://s3.us-east-2.amazonaws.com/rp-20-sources/mandatory-disclosure-reporta7b05bffdea4c267f06ba45e1f079fcf,.pdf,01-01-2016,12-31-2016,05-19-2017
0dda771df6ca8d5d85f074632918907b,Paramount Resources Limited,Canada,https://s3.us-east-2.amazonaws.com/rp-20-sources/mandatory-disclosure-report0dda771df6ca8d5d85f074632918907b,.pdf,01-01-2017,12-31-2017,05-28-2018
e97a26006a532273f407c12f38e8e59a,Parex Resources Incorporated,Canada,https://s3.us-east-2.amazonaws.com/rp-20-sources/mandatory-disclosure-reporte97a26006a532273f407c12f38e8e59a,.pdf,01-01-2016,12-31-2016,05-25-2017
1b5b1d801fe4e46464c93461d5981cc5-16de6c84566e93b3b2e92ed3a6486b9d-9c1618c6dffc7f21ca8387ea3d379610-d8b34ad93fca9cdd37c752e41010bbde,Perenco Overseas Holdings Limited,United Kingdom of Great Britain and Northern Ireland,https://s3.us-east-2.amazonaws.com/rp-20-sources/mandatory-disclosure-report-1b5b1d801fe4e46464c93461d5981cc5-16de6c84566e93b3b2e92ed3a6486b9d-9c1618c6dffc7f21ca8387ea3d379610-d8b34ad93fca9cdd37c752e41010bbde,.zip,01-01-2018,12-31-2018,09-03-2019
f06f39377c4e1b02265af31feb4f4dfb,Perseus Mining Limited,Canada,https://s3.us-east-2.amazonaws.com/rp-20-sources/mandatory-disclosure-report-f06f39377c4e1b02265af31feb4f4dfb,.pdf,07-01-2015,06-30-2016,11-25-2016
ff631eba3d11a676c0a5725980bf8dd1,Polskie Gornictwo Naftowe i Gazownictwo S.A.,Poland,https://s3.us-east-2.amazonaws.com/rp-20-sources/mandatory-disclosure-report-ff631eba3d11a676c0a5725980bf8dd1,.pdf,01-01-2017,12-31-2017
777e6e7d0133185cb9cb198ed01d4e1c,PJSC Lukoil Oil Company,United Kingdom of Great Britain and Northern Ireland,https://s3.us-east-2.amazonaws.com/rp-20-sources/mandatory-disclosure-report777e6e7d0133185cb9cb198ed01d4e1c,.html,01-01-2017,12-31-2017,06-27-2018
85338e7bdad58724eccbf62dcf919a8f,Platinum Group Metals Limited,Canada,https://s3.us-east-2.amazonaws.com/rp-20-sources/mandatory-disclosure-report85338e7bdad58724eccbf62dcf919a8f,.pdf,09-01-2016,08-31-2017,01-26-2018
5009914aa0f46328b9f090910da994b3,PolyMet Mining Corporation,Canada,https://s3.us-east-2.amazonaws.com/rp-20-sources/mandatory-disclosure-report-5009914aa0f46328b9f090910da994b3,.pdf,01-01-2018,12-31-2018,05-23-2019
f9058e298f3e503dcef5527f51e62fa1,PORR Deutschland GmbH,Germany,https://s3.us-east-2.amazonaws.com/rp-20-sources/mandatory-disclosure-report-f9058e298f3e503dcef5527f51e62fa1,.html,01-01-2017,12-31-2017,03-29-2019
86df9db65b516e560230ad52950f3dcb,Mercuria Energy Group Limited,Cyprus,https://s3.us-east-2.amazonaws.com/rp-20-sources/mandatory-disclosure-report-86df9db65b516e560230ad52950f3dcb,.pdf,01-01-2018,12-31-2018
c9f8e0a5be3f0e981856504d7e434331-7418b1d503cd5da6be53b3c11fa4086a-8ad1a06827563ee47af3931a422597a5-116896f6d42af1fcb84d23197cb58b98,Neptune Energy Group Limited,United Kingdom of Great Britain and Northern Ireland,https://s3.us-east-2.amazonaws.com/rp-20-sources/mandatory-disclosure-report-c9f8e0a5be3f0e981856504d7e434331-7418b1d503cd5da6be53b3c11fa4086a-8ad1a06827563ee47af3931a422597a5-116896f6d42af1fcb84d23197cb58b98,.zip,01-01-2018,12-31-2018,11-28-2019
3d57888c86012bd7de3ffdf05cdb2346,Northern Dynasty Minerals Limited,Canada,https://s3.us-east-2.amazonaws.com/rp-20-sources/mandatory-disclosure-report3d57888c86012bd7de3ffdf05cdb2346,.pdf,01-01-2016,12-31-2016,04-20-2017
885958d7545cf852e84b8ccc8097188f,Northern Vertex Mining Corporation,Canada,https://s3.us-east-2.amazonaws.com/rp-20-sources/mandatory-disclosure-report885958d7545cf852e84b8ccc8097188f,.pdf,07-01-2015,06-30-2016,11-25-2016
a8d01e7fdf5856e92ccbebabb6d5f048,Painted Pony Energy Limited,Canada,https://s3.us-east-2.amazonaws.com/rp-20-sources/mandatory-disclosure-reporta8d01e7fdf5856e92ccbebabb6d5f048,.pdf,01-01-2017,12-31-2017,05-28-2018
decfc717feeda2babce8ae9e9c9b6b3c,PetroFrontier Corporation,Canada,https://s3.us-east-2.amazonaws.com/rp-20-sources/mandatory-disclosure-reportdecfc717feeda2babce8ae9e9c9b6b3c,.pdf,01-01-2016,12-31-2016,05-29-2017
9648b3701f2cca3ea3283ccf0877291a,Polymetal International plc,United Kingdom of Great Britain and Northern Ireland,https://s3.us-east-2.amazonaws.com/rp-20-sources/mandatory-disclosure-report9648b3701f2cca3ea3283ccf0877291a,.html,01-01-2015,12-31-2015,06-28-2016
419845c1419d2a1d9b11b1b77a47b7fa,Pulse Oil Corporation,Canada,https://s3.us-east-2.amazonaws.com/rp-20-sources/mandatory-disclosure-report-419845c1419d2a1d9b11b1b77a47b7fa,.pdf,01-01-2018,12-31-2018,05-30-2019
fb10494ba3d25c1b9088581420e4ab75,Nevada Copper Corporation,Canada,https://s3.us-east-2.amazonaws.com/rp-20-sources/mandatory-disclosure-report-fb10494ba3d25c1b9088581420e4ab75,.pdf,01-01-2018,12-31-2018,05-30-2019
c08604da11d52b9d55dd040039426c1a,NextSource Materials Incorporated,Canada,https://s3.us-east-2.amazonaws.com/rp-20-sources/mandatory-disclosure-report-c08604da11d52b9d55dd040039426c1a,.pdf,07-01-2015,06-30-2016,11-13-2019
503f9597255730967a107b0c6be919a3,Petroshale Incorporated,Canada,https://s3.us-east-2.amazonaws.com/rp-20-sources/mandatory-disclosure-report503f9597255730967a107b0c6be919a3,.pdf,01-01-2016,12-31-2016,05-24-2017
92ae193c7e93ee573e3d2d2d59efbe83,Pieridae Energy Limited,Canada,https://s3.us-east-2.amazonaws.com/rp-20-sources/mandatory-disclosure-report-92ae193c7e93ee573e3d2d2d59efbe83,.pdf,01-01-2018,12-31-2018
32f187f93850125cb2d0877da61118eb,Potash Ridge Corporation,Canada,https://s3.us-east-2.amazonaws.com/rp-20-sources/mandatory-disclosure-report-32f187f93850125cb2d0877da61118eb,.pdf,01-01-2017,12-31-2017,05-16-2018
fcb607adfd7d15c97f807f80d5457265,Quarzwerke GmbH,Germany,https://s3.us-east-2.amazonaws.com/rp-20-sources/mandatory-disclosure-report-fcb607adfd7d15c97f807f80d5457265,.html,01-01-2017,12-31-2017,05-08-2018
f4637ae5b353600d8fb2e747d68d9f67,Mawson Resources Limited,Canada,https://s3.us-east-2.amazonaws.com/rp-20-sources/mandatory-disclosure-report-f4637ae5b353600d8fb2e747d68d9f67,.pdf,06-01-2018,05-31-2019,09-18-2019
66f123795ac2b3b9f9e432cdbac2cad6-6f151d6e4ad4b7601b8560f945651132-05cf0e8b67c9e2d15c69773c4f4bced9-91590eb87ca75f3582ddc40d5a8678e5,Mondi plc,United Kingdom of Great Britain and Northern Ireland,https://s3.us-east-2.amazonaws.com/rp-20-sources/mandatory-disclosure-report-66f123795ac2b3b9f9e432cdbac2cad6-6f151d6e4ad4b7601b8560f945651132-05cf0e8b67c9e2d15c69773c4f4bced9-91590eb87ca75f3582ddc40d5a8678e5,.zip,01-01-2018,12-31-2018,06-18-2019
3b158b113c9153c776b7f985c813d9a0,Nord Gold SE,Canada,https://s3.us-east-2.amazonaws.com/rp-20-sources/mandatory-disclosure-report-3b158b113c9153c776b7f985c813d9a0,.pdf,01-01-2018,12-31-2018,06-29-2019
3adca9034f1c5dca168cfa1bc4ccb752,Norsk Hydro ASA,Norway,https://s3.us-east-2.amazonaws.com/rp-20-sources/mandatory-disclosure-report-3adca9034f1c5dca168cfa1bc4ccb752,.pdf,01-01-2018,12-31-2018
c21d45d221cde0d38f6c73c7534a840b,Novolipetsk Steel,United Kingdom of Great Britain and Northern Ireland,https://s3.us-east-2.amazonaws.com/rp-20-sources/mandatory-disclosure-report-c21d45d221cde0d38f6c73c7534a840b,.xml,01-01-2018,12-31-2018
9e6969a0a7f6096e9172c87e9983f97e,Plateau Energy Metals Inc.,Canada,https://s3.us-east-2.amazonaws.com/rp-20-sources/mandatory-disclosure-report-9e6969a0a7f6096e9172c87e9983f97e,.pdf,10-01-2015,09-30-2016,10-11-2019
75b884fab3070ade409c1a0eb95a2476,Potash Corporation of Saskatchewan Incorporated,Canada,https://s3.us-east-2.amazonaws.com/rp-20-sources/mandatory-disclosure-report75b884fab3070ade409c1a0eb95a2476,.pdf,01-01-2017,12-31-2017,05-30-2018
0c4b2a73873dd94eec3532fe19765e50,Melior Resources Incorporated,Canada,https://s3.us-east-2.amazonaws.com/rp-20-sources/mandatory-disclosure-report-0c4b2a73873dd94eec3532fe19765e50,.pdf,07-01-2015,06-30-2016,11-15-2019
7652787150484744e0573dfdcb08ecbd,MOL Group,Hungary,https://s3.us-east-2.amazonaws.com/rp-20-sources/mandatory-disclosure-report-7652787150484744e0573dfdcb08ecbd,.pdf,01-01-2017,12-31-2017
13766b6a62a83b8fb0bed0ea11cf048b,Monument Mining Limited,Canada,https://s3.us-east-2.amazonaws.com/rp-20-sources/mandatory-disclosure-report13766b6a62a83b8fb0bed0ea11cf048b,.pdf,07-01-2016,06-30-2017,11-29-2017
b5d1946bcb040690e62040ef6ed2f1b1,Nederlandse Aardolie Maatschappij B.V.,Netherlands,https://s3.us-east-2.amazonaws.com/rp-20-sources/mandatory-disclosure-report-b5d1946bcb040690e62040ef6ed2f1b1,.pdf,01-01-2018,12-31-2018
e2f2b165f3de28d480735a8341f7c14f,Nevada Copper Corporation,Canada,https://s3.us-east-2.amazonaws.com/rp-20-sources/mandatory-disclosure-report-e2f2b165f3de28d480735a8341f7c14f,.pdf,01-01-2016,12-31-2016,08-30-2018
b3677990dae2ba4e08e17fa8b1bdae40,Novolipetsk Steel,United Kingdom of Great Britain and Northern Ireland,https://s3.us-east-2.amazonaws.com/rp-20-sources/mandatory-disclosure-reportb3677990dae2ba4e08e17fa8b1bdae40,.pdf,01-01-2016,12-31-2016
f621b055e2d76c86aa0c378029a07dc2,Orford Mining Corporation,Canada,https://s3.us-east-2.amazonaws.com/rp-20-sources/mandatory-disclosure-report-f621b055e2d76c86aa0c378029a07dc2,.pdf,01-01-2018,12-31-2018,05-29-2019
9854db80084032692f72fb3227f31f3c,ORLEN Upstream Canada Limited,Canada,https://s3.us-east-2.amazonaws.com/rp-20-sources/mandatory-disclosure-report9854db80084032692f72fb3227f31f3c,.pdf,01-01-2016,12-31-2016,05-16-2017
fa915c2ede6ce69f3314b42e8a37e003,Osum Oil Sands Corporation,Canada,https://s3.us-east-2.amazonaws.com/rp-20-sources/mandatory-disclosure-reportfa915c2ede6ce69f3314b42e8a37e003,.pdf,01-01-2017,12-31-2017,05-28-2018
cb4cc70d8504c5f423efbdac94c691d7-8b4205a9e3591314c3b18a1d1fb68370-853be99d90dd5000b72a0a56e392e01b-b93a67176215c9971c973775ead20527,Perenco Overseas Holdings Limited,United Kingdom of Great Britain and Northern Ireland,https://s3.us-east-2.amazonaws.com/rp-20-sources/mandatory-disclosure-reportcb4cc70d8504c5f423efbdac94c691d7-8b4205a9e3591314c3b18a1d1fb68370-853be99d90dd5000b72a0a56e392e01b-b93a67176215c9971c973775ead20527,.zip,01-01-2016,12-31-2016,09-12-2017
4de7e0021d90951f0ddaf7ef200cb7d3-535f05d65d961e98c9515215bc7460f4-98cee715bac8549d92018b90ad4667a5-82bf371e8a4ba3f243cc7f3e1bcbb603,Petropavlovsk plc,United Kingdom of Great Britain and Northern Ireland,https://s3.us-east-2.amazonaws.com/rp-20-sources/mandatory-disclosure-report-4de7e0021d90951f0ddaf7ef200cb7d3-535f05d65d961e98c9515215bc7460f4-98cee715bac8549d92018b90ad4667a5-82bf371e8a4ba3f243cc7f3e1bcbb603,.zip,01-01-2016,12-31-2016,09-19-2017
3061d0bfbe5c92aa6c772e054d52e6cc,PKN ORLEN S.A.,Poland,https://s3.us-east-2.amazonaws.com/rp-20-sources/mandatory-disclosure-report3061d0bfbe5c92aa6c772e054d52e6cc,.pdf,01-01-2017,12-31-2017,03-15-2018
7090687e8115fb85260d4da01e63f539,PhosAgro,United Kingdom of Great Britain and Northern Ireland,https://s3.us-east-2.amazonaws.com/rp-20-sources/mandatory-disclosure-report-7090687e8115fb85260d4da01e63f539,.pdf,01-01-2015,12-31-2015
ab1c362f60fb8f2d1916b5994cc7e811,Pure Gold Mining Incorporated,Canada,https://s3.us-east-2.amazonaws.com/rp-20-sources/mandatory-disclosure-reportab1c362f60fb8f2d1916b5994cc7e811,.pdf,04-01-2016,03-31-2017,06-19-2017
61e61888b8484dcfba1469f39a5e1389,Monument Mining Limited,Canada,https://s3.us-east-2.amazonaws.com/rp-20-sources/mandatory-disclosure-report-61e61888b8484dcfba1469f39a5e1389,.pdf,07-01-2018,06-30-2019,11-29-2019
e200de603be38ac9977016b0a7e5f644,Nevsun Resources Limited,Canada,https://s3.us-east-2.amazonaws.com/rp-20-sources/mandatory-disclosure-reporte200de603be38ac9977016b0a7e5f644,.pdf,01-01-2016,12-31-2016,05-18-2017
766513de017039301be503e8e99e9025,Osisko Mining Incorporated,Canada,https://s3.us-east-2.amazonaws.com/rp-20-sources/mandatory-disclosure-report766513de017039301be503e8e99e9025,.pdf,01-01-2017,12-31-2017,05-15-2018
dada2bd53acd89699917e9c76f8a31c4,Pasinex Resources Limited,Canada,https://s3.us-east-2.amazonaws.com/rp-20-sources/mandatory-disclosure-reportdada2bd53acd89699917e9c76f8a31c4,.pdf,01-01-2017,12-31-2017,05-30-2018
cc5122ae9535b9b199f2d729a8b00944,PKN ORLEN S.A.,Poland,https://s3.us-east-2.amazonaws.com/rp-20-sources/mandatory-disclosure-reportcc5122ae9535b9b199f2d729a8b00944,.pdf,01-01-2016,12-31-2016,03-14-2018
995d192051b812fea273a78fa68a1e82,MEG Energy Corporation,Canada,https://s3.us-east-2.amazonaws.com/rp-20-sources/mandatory-disclosure-report995d192051b812fea273a78fa68a1e82,.pdf,01-01-2016,12-31-2016,05-30-2017
9b86f768f76f468f449eaa4e8d252f64,Modern Resources Incorporated,Canada,https://s3.us-east-2.amazonaws.com/rp-20-sources/mandatory-disclosure-report9b86f768f76f468f449eaa4e8d252f64,.pdf,01-01-2017,12-31-2017,05-30-2018
13a3958b5e73b17de69e79e9890dc6e3,Mosaic I (Canada) Holdings ULC,Canada,https://s3.us-east-2.amazonaws.com/rp-20-sources/mandatory-disclosure-report13a3958b5e73b17de69e79e9890dc6e3,.xlsx,01-01-2016,12-31-2016,05-25-2017
77493040d5b5ef36a8083fc85d02b289,NovaGold Resources Incorporated,Canada,https://s3.us-east-2.amazonaws.com/rp-20-sources/mandatory-disclosure-report77493040d5b5ef36a8083fc85d02b289,.pdf,12-01-2016,11-30-2017,04-24-2018
a24fa6473dcc7cd6337570cd83031527,Novolipetsk Steel,United Kingdom of Great Britain and Northern Ireland,https://s3.us-east-2.amazonaws.com/rp-20-sources/mandatory-disclosure-reporta24fa6473dcc7cd6337570cd83031527,.pdf,01-01-2017,12-31-2017
f1ae8eb76b0e572f5ff964fdbd0a7b02,OceanaGold Corporation,Canada,https://s3.us-east-2.amazonaws.com/rp-20-sources/mandatory-disclosure-report-f1ae8eb76b0e572f5ff964fdbd0a7b02,.pdf,01-01-2018,12-31-2018,05-30-2019
6fc35874409850143319e0f6dc5edede,OMV,Austria,https://s3.us-east-2.amazonaws.com/rp-20-sources/mandatory-disclosure-report-6fc35874409850143319e0f6dc5edede,.pdf,01-01-2018,12-31-2018,03-13-2019
c9d0c114ebdf0abb0597c6df9e4250e5,Orocobre Limited,Canada,https://s3.us-east-2.amazonaws.com/rp-20-sources/mandatory-disclosure-report-c9d0c114ebdf0abb0597c6df9e4250e5,.pdf,07-01-2015,06-30-2016,11-18-2019
58dff7886493a1ae64bd3b6cd132920e,Oyster Oil and Gas Limited,Canada,https://s3.us-east-2.amazonaws.com/rp-20-sources/mandatory-disclosure-report-58dff7886493a1ae64bd3b6cd132920e,.html,01-01-2017,12-31-2017,12-18-2018
9251c4273d0db66a406671582a55a77f-b8f6479576ca933068c2c6e3b6e6576a-fe8cc5f4230407cc7b5982059254a152-ba645421b32e2453cd4701c9a4bff2c8,Perenco (Oil & Gas) International Limited,United Kingdom of Great Britain and Northern Ireland,https://s3.us-east-2.amazonaws.com/rp-20-sources/mandatory-disclosure-report9251c4273d0db66a406671582a55a77f-b8f6479576ca933068c2c6e3b6e6576a-fe8cc5f4230407cc7b5982059254a152-ba645421b32e2453cd4701c9a4bff2c8,.zip,01-01-2015,12-31-2015,10-17-2016
e5da1d3a14d67f77390df43ba3b6cb98,Pieridae Energy Limited,Canada,https://s3.us-east-2.amazonaws.com/rp-20-sources/mandatory-disclosure-reporte5da1d3a14d67f77390df43ba3b6cb98,.pdf,01-01-2016,12-31-2016,05-30-2017
ed4fa754eb6ef69921e1f054e08418c0,PJSC Chelyabinsk Zinc Plant,United Kingdom of Great Britain and Northern Ireland,https://s3.us-east-2.amazonaws.com/rp-20-sources/mandatory-disclosure-reported4fa754eb6ef69921e1f054e08418c0,.html,01-01-2015,12-31-2015,09-14-2016
ee6d92a4b4460db834dc4d287e8c1436,Abcourt Mines Inc.,Canada,https://s3.us-east-2.amazonaws.com/rp-20-sources/mandatory-disclosure-report-ee6d92a4b4460db834dc4d287e8c1436,.pdf,07-01-2015,06-30-2016,07-09-2019
bed650c519c1496241c2ed0a04b82bc2,Mosaic Esterhazy Holdings ULC,Canada,https://s3.us-east-2.amazonaws.com/rp-20-sources/mandatory-disclosure-reportbed650c519c1496241c2ed0a04b82bc2,.xlsx,01-01-2016,12-31-2016,05-25-2017
3ed45c95dddb98f3af730ad6b94bb4d5,Nederlandse Aardolie Maatschappij B.V.,Netherlands,https://s3.us-east-2.amazonaws.com/rp-20-sources/mandatory-disclosure-report-3ed45c95dddb98f3af730ad6b94bb4d5,.pdf,01-01-2017,12-31-2017
a5ef454c6a2160ae7d881043ac3c926a,Northern Dynasty Minerals Limited,Canada,https://s3.us-east-2.amazonaws.com/rp-20-sources/mandatory-disclosure-report-a5ef454c6a2160ae7d881043ac3c926a,.pdf,01-01-2018,12-31-2018,05-24-2019
acaabc632dd025ada99065a3c24024f6,NV Gold Corporation,Canada,https://s3.us-east-2.amazonaws.com/rp-20-sources/mandatory-disclosure-report-acaabc632dd025ada99065a3c24024f6,.xlsx,09-01-2016,08-31-2017
a6533f850fdc2640fb3d5e549209c2ce,Orano,France,https://s3.us-east-2.amazonaws.com/rp-20-sources/mandatory-disclosure-report-a6533f850fdc2640fb3d5e549209c2ce,.pdf,01-01-2017,12-31-2017
f8590175a8ce0243076fc526dd6071ac-da36283e6b1a5c384384ec589c8fcc73-edb504537250e3f5841f6cbac44142ee-e7f07c27e8dc5849f03e2b055119e715,Perenco UK Limited,United Kingdom of Great Britain and Northern Ireland,https://s3.us-east-2.amazonaws.com/rp-20-sources/mandatory-disclosure-reportf8590175a8ce0243076fc526dd6071ac-da36283e6b1a5c384384ec589c8fcc73-edb504537250e3f5841f6cbac44142ee-e7f07c27e8dc5849f03e2b055119e715,.zip,01-01-2016,12-31-2016,09-12-2017
b80e861dfc2c95160f7b79c4a4105325,Petra Diamonds Limited,United Kingdom of Great Britain and Northern Ireland,https://s3.us-east-2.amazonaws.com/rp-20-sources/mandatory-disclosure-report-b80e861dfc2c95160f7b79c4a4105325,.html,07-01-2017,06-30-2018,10-26-2018
83162a1f6ddd7c25de3497781c9a12f1,Petrus Resources Limited,Canada,https://s3.us-east-2.amazonaws.com/rp-20-sources/mandatory-disclosure-report-83162a1f6ddd7c25de3497781c9a12f1,.pdf,01-01-2018,12-31-2018,05-29-2019
b7b366fed8c049efc063dba2da61ef00,Mason Resources Corporation,Canada,https://s3.us-east-2.amazonaws.com/rp-20-sources/mandatory-disclosure-report-b7b366fed8c049efc063dba2da61ef00,.pdf,01-01-2017,12-31-2017,05-23-2018
c263477437a0ff5d23d4475556729a61,MEG Energy Corporation,Canada,https://s3.us-east-2.amazonaws.com/rp-20-sources/mandatory-disclosure-report-c263477437a0ff5d23d4475556729a61,.pdf,01-01-2018,12-31-2018,05-30-2019
f26c3fdec4cf95dbaa2bf4062be6e953,Mosaic Feed Ingredients Limited,Canada,https://s3.us-east-2.amazonaws.com/rp-20-sources/mandatory-disclosure-report-f26c3fdec4cf95dbaa2bf4062be6e953,.xlsx,01-01-2017,12-31-2017
ca94c317427c646838148484013510fe,Nautilus Minerals Incorporated,Canada,https://s3.us-east-2.amazonaws.com/rp-20-sources/mandatory-disclosure-reportca94c317427c646838148484013510fe,.pdf,01-01-2016,12-31-2016,05-31-2017
39546a80dc65f253c4efd37949aba610-44e77d973c48c5e8e5ad9afde2abf973-34b22003a10a86f41e95433cbab35314-2506be144d3bcd27944fd1efafec1ca5,Nostrum Oil & Gas Plc,United Kingdom of Great Britain and Northern Ireland,https://s3.us-east-2.amazonaws.com/rp-20-sources/mandatory-disclosure-report-39546a80dc65f253c4efd37949aba610-44e77d973c48c5e8e5ad9afde2abf973-34b22003a10a86f41e95433cbab35314-2506be144d3bcd27944fd1efafec1ca5,.zip,01-01-2018,12-31-2018,07-11-2019
dd31be6a5579cd3142f2333402e0a196,Novus Energy Incorporated,Canada,https://s3.us-east-2.amazonaws.com/rp-20-sources/mandatory-disclosure-report-dd31be6a5579cd3142f2333402e0a196,.pdf,01-01-2018,12-31-2018,05-23-2019
60b9e9809165d9c793f4c74ee306d3a2,Obsidian Energy Limited,Canada,https://s3.us-east-2.amazonaws.com/rp-20-sources/mandatory-disclosure-report-60b9e9809165d9c793f4c74ee306d3a2,.pdf,01-01-2018,12-31-2018,05-29-2019
605f55ed632b7250149aceaad8fcd7e0,OMV,Austria,https://s3.us-east-2.amazonaws.com/rp-20-sources/mandatory-disclosure-report605f55ed632b7250149aceaad8fcd7e0,.pdf,01-01-2017,12-31-2017,03-14-2018
922e2abba9e30609b5e1ad989ab0f251,Orano Canada Incorporated,Canada,https://s3.us-east-2.amazonaws.com/rp-20-sources/mandatory-disclosure-report922e2abba9e30609b5e1ad989ab0f251,.pdf,01-01-2017,12-31-2017,05-30-2018
5eaf39492f0640c5f5f55fb04872d695,ORLEN Upstream Canada Limited,Canada,https://s3.us-east-2.amazonaws.com/rp-20-sources/mandatory-disclosure-report-5eaf39492f0640c5f5f55fb04872d695,.pdf,01-01-2018,12-31-2018,05-28-2019
88eba49c3eef272c35ff736918049e5a,Paramount Resources Limited,Canada,https://s3.us-east-2.amazonaws.com/rp-20-sources/mandatory-disclosure-report88eba49c3eef272c35ff736918049e5a,.pdf,01-01-2016,12-31-2016,05-26-2017
175941503d5e4dfdace95182bef7b074,PETRONAS Energy Canada Limited,Canada,https://s3.us-east-2.amazonaws.com/rp-20-sources/mandatory-disclosure-report-175941503d5e4dfdace95182bef7b074,.pdf,01-01-2018,12-31-2018,05-30-2019
860bc672b090f11a1975f202e00bf9a7,PJSC Lukoil Oil Company,United Kingdom of Great Britain and Northern Ireland,https://s3.us-east-2.amazonaws.com/rp-20-sources/mandatory-disclosure-report860bc672b090f11a1975f202e00bf9a7,.html,01-01-2015,12-31-2015,06-29-2016
0e2c5d131008d2f73ae25f255a4408be,Millennial Lithium Corporation,Canada,https://s3.us-east-2.amazonaws.com/rp-20-sources/mandatory-disclosure-report-0e2c5d131008d2f73ae25f255a4408be,.pdf,03-01-2017,02-28-2018,07-24-2018
8962ec57288b71614de203899efb05e3,Mosaic Feed Ingredients Limited,Canada,https://s3.us-east-2.amazonaws.com/rp-20-sources/mandatory-disclosure-report-8962ec57288b71614de203899efb05e3,.xlsx,01-01-2016,12-31-2016
6c34e8384e65c87f1d0c674889cd37ac,Nord Gold SE,Canada,https://s3.us-east-2.amazonaws.com/rp-20-sources/mandatory-disclosure-report-6c34e8384e65c87f1d0c674889cd37ac,.pdf,01-01-2016,12-31-2016,06-30-2017
5bd5a267fbd1ea491fb702ddce15238c,NV Gold Corporation,Canada,https://s3.us-east-2.amazonaws.com/rp-20-sources/mandatory-disclosure-report-5bd5a267fbd1ea491fb702ddce15238c,.xlsx,09-01-2017,08-31-2018,12-12-2018
793835e473179e731c4c01207389fd9e,Osisko Gold Royalties Limited,Canada,https://s3.us-east-2.amazonaws.com/rp-20-sources/mandatory-disclosure-report-793835e473179e731c4c01207389fd9e,.pdf,01-01-2017,12-31-2017,05-30-2018
d75582f9a8379dbe521682e9b73dd50e-5b82f751881758bfba3181274fc82c46-f2ebb71f1e57e5d2f02acde9b35bc533-d4af256fb07b82fe6b15c0cf15d98441,Pan African Resources PLC,United Kingdom of Great Britain and Northern Ireland,https://s3.us-east-2.amazonaws.com/rp-20-sources/mandatory-disclosure-reportd75582f9a8379dbe521682e9b73dd50e-5b82f751881758bfba3181274fc82c46-f2ebb71f1e57e5d2f02acde9b35bc533-d4af256fb07b82fe6b15c0cf15d98441,.zip,07-01-2015,06-30-2016,07-06-2017
6ca5b59524ea80ebb21c518d257caf22,Plateau Energy Metals Inc.,Canada,https://s3.us-east-2.amazonaws.com/rp-20-sources/mandatory-disclosure-report-6ca5b59524ea80ebb21c518d257caf22,.pdf,10-01-2016,09-30-2017,10-10-2019
b5370f95456f1e88fcedb8bf3b8e4dfc,"Polar Star Canadian Oil and Gas Holding, Incorporated",Canada,https://s3.us-east-2.amazonaws.com/rp-20-sources/mandatory-disclosure-reportb5370f95456f1e88fcedb8bf3b8e4dfc,.pdf,01-01-2017,12-31-2017,05-23-2018
4fa1c616a145e75cb56d74a89000b110,Primero Mining Corporation,Canada,https://s3.us-east-2.amazonaws.com/rp-20-sources/mandatory-disclosure-report4fa1c616a145e75cb56d74a89000b110,.pdf,01-01-2016,12-31-2016,05-29-2017
8138705dc9fbbae23ab2ae922b585745,Minera IRL Limited,Canada,https://s3.us-east-2.amazonaws.com/rp-20-sources/mandatory-disclosure-report-8138705dc9fbbae23ab2ae922b585745,.pdf,01-01-2018,12-31-2018,05-31-2019
630d5e74b1a449d1a33508c1d688b84b-2d3734057e6ecad2a0263196e2f072f3-4578452d7bfcdac2c8898f6d6e9ca03e-ced9eae4eb306abcab37366e039b7cc9,Mondi plc,United Kingdom of Great Britain and Northern Ireland,https://s3.us-east-2.amazonaws.com/rp-20-sources/mandatory-disclosure-report630d5e74b1a449d1a33508c1d688b84b-2d3734057e6ecad2a0263196e2f072f3-4578452d7bfcdac2c8898f6d6e9ca03e-ced9eae4eb306abcab37366e039b7cc9,.zip,01-01-2015,12-31-2015,06-28-2016
73da92cfcffd00fe878475017fe26327,Nickel Creek Platinum Corporation,Canada,https://s3.us-east-2.amazonaws.com/rp-20-sources/mandatory-disclosure-report73da92cfcffd00fe878475017fe26327,.pdf,01-01-2017,12-31-2017,05-18-2018
6c0726603a528ed7c7dcab89ee534af6,Nostrum Oil & Gas Plc,United Kingdom of Great Britain and Northern Ireland,https://s3.us-east-2.amazonaws.com/rp-20-sources/mandatory-disclosure-report6c0726603a528ed7c7dcab89ee534af6,.pdf,01-01-2017,12-31-2017,06-11-2018
d2cc6d46fa418c298b568841c2947c12,Nyrstar N.V.,Belgium,https://s3.us-east-2.amazonaws.com/rp-20-sources/mandatory-disclosure-reportd2cc6d46fa418c298b568841c2947c12,.pdf,01-01-2016,12-31-2016
a89a7d8e69027f78320ebe4d276a2665,Omers Energy Incorporated,Canada,https://s3.us-east-2.amazonaws.com/rp-20-sources/mandatory-disclosure-reporta89a7d8e69027f78320ebe4d276a2665,.pdf,01-01-2016,12-31-2016,05-17-2017
94f4f38808825dbf7af5a135c0e46d36,Pengrowth Energy Corporation,Canada,https://s3.us-east-2.amazonaws.com/rp-20-sources/mandatory-disclosure-report94f4f38808825dbf7af5a135c0e46d36,.pdf,01-01-2017,12-31-2017,05-29-2018
d7e5e5816df8989035fe663c235f9eb0,Petrofac Limited,United Kingdom of Great Britain and Northern Ireland,https://s3.us-east-2.amazonaws.com/rp-20-sources/mandatory-disclosure-reportd7e5e5816df8989035fe663c235f9eb0,.html,01-01-2016,12-31-2016,06-30-2017
53a43562892e0092af5e5051784dc3b0,L1E Finance GmbH & Co. KG,Germany,https://s3.us-east-2.amazonaws.com/rp-20-sources/mandatory-disclosure-report-53a43562892e0092af5e5051784dc3b0,.html,01-01-2018,12-31-2018,02-25-2019
9b26e96c286e09d15cbde263e155bc0b,Lithium Chile Incorporated,Canada,https://s3.us-east-2.amazonaws.com/rp-20-sources/mandatory-disclosure-report9b26e96c286e09d15cbde263e155bc0b,.pdf,01-01-2017,12-31-2017,05-22-2018
206cb884c2da1645b00254550439a499,Magris Resources Incorporated,Canada,https://s3.us-east-2.amazonaws.com/rp-20-sources/mandatory-disclosure-report206cb884c2da1645b00254550439a499,.pdf,01-01-2016,12-31-2016,05-17-2017
e51be55e393a7790f8d5b637eb4963bf,Mandalay Resources Corporation,Canada,https://s3.us-east-2.amazonaws.com/rp-20-sources/mandatory-disclosure-report-e51be55e393a7790f8d5b637eb4963bf,.pdf,01-01-2018,12-31-2018,04-25-2019
7c7fb41fd893800119286f20b547d504,Manulife Resources Limited,Canada,https://s3.us-east-2.amazonaws.com/rp-20-sources/mandatory-disclosure-report7c7fb41fd893800119286f20b547d504,.pdf,01-01-2017,12-31-2017,05-30-2018
11b5ef1f6f2feb722d3849a9e5b8d0ee,Gold Standard Ventures Corporation,Canada,https://s3.us-east-2.amazonaws.com/rp-20-sources/mandatory-disclosure-report-11b5ef1f6f2feb722d3849a9e5b8d0ee,.pdf,01-01-2018,12-31-2018,06-07-2019
80c6e1a8125077824cf15c15c07b29d7,Golden Queen Mining Company Limited,Canada,https://s3.us-east-2.amazonaws.com/rp-20-sources/mandatory-disclosure-report80c6e1a8125077824cf15c15c07b29d7,.pdf,01-01-2017,12-31-2017,05-30-2018
c7705e80c3bdb564b8aa5421798ffda2,GP Gunter Papenburg AG,Germany,https://s3.us-east-2.amazonaws.com/rp-20-sources/mandatory-disclosure-report-c7705e80c3bdb564b8aa5421798ffda2,.html,01-01-2017,12-31-2017,08-27-2019
b1d49518ddabcb72c6d9b0fe7a7468d8-26112a67a07f91b63783b1617ce8f62b-56ed0eb79ca7af0a412ea5e481a6ea0e-67734fed5d33fca9fd191bf0e6c920e4,Hunting PLC,United Kingdom of Great Britain and Northern Ireland,https://s3.us-east-2.amazonaws.com/rp-20-sources/mandatory-disclosure-report-b1d49518ddabcb72c6d9b0fe7a7468d8-26112a67a07f91b63783b1617ce8f62b-56ed0eb79ca7af0a412ea5e481a6ea0e-67734fed5d33fca9fd191bf0e6c920e4,.zip,01-01-2018,12-31-2018,10-25-2019
54dbb1de9b568362de6adf329d47705e,INV Metals Incorporated,Canada,https://s3.us-east-2.amazonaws.com/rp-20-sources/mandatory-disclosure-report-54dbb1de9b568362de6adf329d47705e,.pdf,01-01-2018,12-31-2018,05-27-2019
5b30b2664b048f888c1e1af31676df83,Jaguar Mining Incorporated,Canada,https://s3.us-east-2.amazonaws.com/rp-20-sources/mandatory-disclosure-report5b30b2664b048f888c1e1af31676df83,.pdf,01-01-2017,12-31-2017,05-24-2018
be2332262f37d4baae6b8cda1545dcbd,Jupiter Resources Incorporated,Canada,https://s3.us-east-2.amazonaws.com/rp-20-sources/mandatory-disclosure-reportbe2332262f37d4baae6b8cda1545dcbd,.pdf,01-01-2017,12-31-2017,05-29-2018
2e008fc57e3faf0d85aa794437121c1c-2f6f483775756becc7b22df12e56d4ee-f869e5521a4403bdc23820d6b0f485b1-1747da58224ac7634618cd7de184ca1d,KAZ Minerals PLC,United Kingdom of Great Britain and Northern Ireland,https://s3.us-east-2.amazonaws.com/rp-20-sources/mandatory-disclosure-report2e008fc57e3faf0d85aa794437121c1c-2f6f483775756becc7b22df12e56d4ee-f869e5521a4403bdc23820d6b0f485b1-1747da58224ac7634618cd7de184ca1d,.zip,01-01-2016,12-31-2016,08-17-2017
eed43564289276f870f442f8e3e2226c,Loncor Resources Incorporated,Canada,https://s3.us-east-2.amazonaws.com/rp-20-sources/mandatory-disclosure-reporteed43564289276f870f442f8e3e2226c,.pdf,01-01-2017,12-31-2017,05-30-2018
7bd1a4c46693329ed93172ccdc420b47,Luna Gold Corporation,Canada,https://s3.us-east-2.amazonaws.com/rp-20-sources/mandatory-disclosure-report7bd1a4c46693329ed93172ccdc420b47,.pdf,01-01-2016,12-31-2016,05-30-2017
146ffdd2c1144c8456db659c01dc2182,Centaurus Energy Inc.,Canada,https://s3.us-east-2.amazonaws.com/rp-20-sources/mandatory-disclosure-report146ffdd2c1144c8456db659c01dc2182,.pdf,01-01-2017,12-31-2017,05-29-2018
533c99daeca444b536dcae746d916cef,Mancal Corporation Limited,Canada,https://s3.us-east-2.amazonaws.com/rp-20-sources/mandatory-disclosure-report-533c99daeca444b536dcae746d916cef,.pdf,01-01-2017,12-31-2017,05-25-2018
e89784713dbfb2fc0ed4a53e095a8f87,Mancal Corporation Limited,Canada,https://s3.us-east-2.amazonaws.com/rp-20-sources/mandatory-disclosure-report-e89784713dbfb2fc0ed4a53e095a8f87,.pdf,01-01-2018,12-31-2018,05-30-2019
cfe36404a2b8d4223157a0f06fe4e5b1,GoGold Resources Incorporated,Canada,https://s3.us-east-2.amazonaws.com/rp-20-sources/mandatory-disclosure-report-cfe36404a2b8d4223157a0f06fe4e5b1,.pdf,10-01-2015,09-30-2016,02-27-2017
8c367aa56299112cb898ad54c6558ae7-d8cac5e2b95ee4e154bd6e2cbaac6f26-5d954034f88020c2d44bc6f1628eb0af-7e21ce986a8a5239356d0b666e316d71,Gran Tierra Energy Incorporated,United Kingdom of Great Britain and Northern Ireland,https://s3.us-east-2.amazonaws.com/rp-20-sources/mandatory-disclosure-report-8c367aa56299112cb898ad54c6558ae7-d8cac5e2b95ee4e154bd6e2cbaac6f26-5d954034f88020c2d44bc6f1628eb0af-7e21ce986a8a5239356d0b666e316d71,.zip,01-01-2016,12-31-2016,06-15-2017
08f4dc524bf5c3f86401aabc29d5e8c0,Guyana Goldfields Incorporated,Canada,https://s3.us-east-2.amazonaws.com/rp-20-sources/mandatory-disclosure-report-08f4dc524bf5c3f86401aabc29d5e8c0,.pdf,01-01-2016,12-31-2016,05-29-2017
6e90f37534d704ce3969beee6b63e9e1,Hammerhead Resources Incorporated,Canada,https://s3.us-east-2.amazonaws.com/rp-20-sources/mandatory-disclosure-report-6e90f37534d704ce3969beee6b63e9e1,.pdf,01-01-2018,12-31-2018,05-15-2019
ef1b5bae4152fa468c1bf31194795d29,HudBay Minerals Incorporated,Canada,https://s3.us-east-2.amazonaws.com/rp-20-sources/mandatory-disclosure-reportef1b5bae4152fa468c1bf31194795d29,.pdf,01-01-2016,12-31-2016,05-24-2017
9a77ba226ab176399e91365c1bd13df3,Husky Energy Incorporated,Canada,https://s3.us-east-2.amazonaws.com/rp-20-sources/mandatory-disclosure-report9a77ba226ab176399e91365c1bd13df3,.pdf,01-01-2016,12-31-2016,05-24-2017
7abdb6c0eaa04259e5d3f67749aacd77,Jien International Investment Limited,Canada,https://s3.us-east-2.amazonaws.com/rp-20-sources/mandatory-disclosure-report7abdb6c0eaa04259e5d3f67749aacd77,.pdf,01-01-2017,12-31-2017,05-30-2018
9b25c96c64af15cf388146466d19f629-d21f9c157d60636b0f401af0a6e4112e-1b10602d21dd2f1e6e16f26501cc237e-ac0f06352e518c9d3a7e4146468142a0,JKX Oil & Gas plc,United Kingdom of Great Britain and Northern Ireland,https://s3.us-east-2.amazonaws.com/rp-20-sources/mandatory-disclosure-report-9b25c96c64af15cf388146466d19f629-d21f9c157d60636b0f401af0a6e4112e-1b10602d21dd2f1e6e16f26501cc237e-ac0f06352e518c9d3a7e4146468142a0,.zip,01-01-2017,12-31-2017,06-08-2018
a7ae99436016b2b3c6a639498c145554,Jura Energy Corporation,Canada,https://s3.us-east-2.amazonaws.com/rp-20-sources/mandatory-disclosure-reporta7ae99436016b2b3c6a639498c145554,.pdf,01-01-2016,12-31-2016,05-30-2017
b489eca46a7e6997f608b2b2bdd7cf10,KGHM International Limited,Canada,https://s3.us-east-2.amazonaws.com/rp-20-sources/mandatory-disclosure-report-b489eca46a7e6997f608b2b2bdd7cf10,.pdf,01-01-2018,12-31-2018,04-30-2019
b994bd345813314fe5a46886d1b34846,Kinross Gold Corporation,Canada,https://s3.us-east-2.amazonaws.com/rp-20-sources/mandatory-disclosure-reportb994bd345813314fe5a46886d1b34846,.pdf,01-01-2016,12-31-2016,05-30-2017
1b00080c5adb9782cfd7a519cb43a3fd,Knelsen Sand and Gravel Ltd.,Canada,https://s3.us-east-2.amazonaws.com/rp-20-sources/mandatory-disclosure-report-1b00080c5adb9782cfd7a519cb43a3fd,.xlsx,01-01-2016,12-31-2016,10-16-2019
2f3dcb23e3ff0ea7cf3a3d080f449e20,Lonmin Plc,United Kingdom of Great Britain and Northern Ireland,https://s3.us-east-2.amazonaws.com/rp-20-sources/mandatory-disclosure-report-2f3dcb23e3ff0ea7cf3a3d080f449e20,.pdf,10-01-2017,09-30-2018,03-29-2019
cc113f020dbf876ba2040b399d62137b,Lundin Mining Corporation,Canada,https://s3.us-east-2.amazonaws.com/rp-20-sources/mandatory-disclosure-reportcc113f020dbf876ba2040b399d62137b,.pdf,01-01-2017,12-31-2017,05-30-2018
8f367e4e63efb4a81897bc89730789aa,Manulife Western Holdings Limited Partnership,Canada,https://s3.us-east-2.amazonaws.com/rp-20-sources/mandatory-disclosure-report8f367e4e63efb4a81897bc89730789aa,.pdf,01-01-2016,12-31-2016,05-25-2017
c764bdab642fe5a0484e8996ca978242,Manulife Western Holdings Limited Partnership,Canada,https://s3.us-east-2.amazonaws.com/rp-20-sources/mandatory-disclosure-reportc764bdab642fe5a0484e8996ca978242,.pdf,01-01-2017,12-31-2017,05-30-2018
faf4186e4946db6a0cb9e8b5b9eb4981,GoldMining Incorporated,Canada,https://s3.us-east-2.amazonaws.com/rp-20-sources/mandatory-disclosure-report-faf4186e4946db6a0cb9e8b5b9eb4981,.pdf,12-01-2017,11-30-2018,04-16-2019
ebeabafb87550ecfe171e3d52cf6332d,GoviEx Uranium Incorporated,Canada,https://s3.us-east-2.amazonaws.com/rp-20-sources/mandatory-disclosure-report-ebeabafb87550ecfe171e3d52cf6332d,.pdf,01-01-2017,12-31-2017,05-25-2018
884505fbe54635da701de160fc9d5b45,Hunting PLC,United Kingdom of Great Britain and Northern Ireland,https://s3.us-east-2.amazonaws.com/rp-20-sources/mandatory-disclosure-report884505fbe54635da701de160fc9d5b45,.pdf,01-01-2016,12-31-2016,05-09-2017
f3561ee8af2b29ce513da6db16bb2ca0,INV Metals Incorporated,Canada,https://s3.us-east-2.amazonaws.com/rp-20-sources/mandatory-disclosure-reportf3561ee8af2b29ce513da6db16bb2ca0,.pdf,01-01-2016,12-31-2016,05-30-2017
fcabafbbe65f0134436cf200b2dbc3b5-890ce4412ec01603a10732ead22e4ee2-24e8dad12a83d40dd9124a59eb96b1af-56402d6114cad83fd5e3195ae6bd1eba,Ithaca Energy (UK) Limited,United Kingdom of Great Britain and Northern Ireland,https://s3.us-east-2.amazonaws.com/rp-20-sources/mandatory-disclosure-report-fcabafbbe65f0134436cf200b2dbc3b5-890ce4412ec01603a10732ead22e4ee2-24e8dad12a83d40dd9124a59eb96b1af-56402d6114cad83fd5e3195ae6bd1eba,.zip,01-01-2017,12-31-2017,11-20-2018
b5599c716c9463e2cb0a047c68412e2c,Ivanhoe Mines Limited,Canada,https://s3.us-east-2.amazonaws.com/rp-20-sources/mandatory-disclosure-reportb5599c716c9463e2cb0a047c68412e2c,.pdf,01-01-2016,12-31-2016,05-29-2017
71fc8006026ed82e882ad0bf514325b9,Ivanhoe Mines Limited,Canada,https://s3.us-east-2.amazonaws.com/rp-20-sources/mandatory-disclosure-report-71fc8006026ed82e882ad0bf514325b9,.pdf,01-01-2018,12-31-2018,05-30-2019
5f10b1f779b6253be80beb9eb6fef015-dce7878118048d56b2ec7593255ba06c-07ba082e4fb6cb7f3b5351acd19af9bf-3df2342096eeb7953ad092cefe377435,JKX Oil & Gas plc,United Kingdom of Great Britain and Northern Ireland,https://s3.us-east-2.amazonaws.com/rp-20-sources/mandatory-disclosure-report-5f10b1f779b6253be80beb9eb6fef015-dce7878118048d56b2ec7593255ba06c-07ba082e4fb6cb7f3b5351acd19af9bf-3df2342096eeb7953ad092cefe377435,.zip,01-01-2018,12-31-2018,07-01-2019
e8f6ac9bd7a4a831ff8c319b5fe79a2c-a8aa40f1134d9a03101a305a5f7749e3-4af6039bee02ee666b4c26b4114caa4f-aae2ef35a83d42023e6799c11d97fde9,JKX Oil & Gas plc,United Kingdom of Great Britain and Northern Ireland,https://s3.us-east-2.amazonaws.com/rp-20-sources/mandatory-disclosure-reporte8f6ac9bd7a4a831ff8c319b5fe79a2c-a8aa40f1134d9a03101a305a5f7749e3-4af6039bee02ee666b4c26b4114caa4f-aae2ef35a83d42023e6799c11d97fde9,.zip,01-01-2016,12-31-2016,06-05-2017
22b58412c1c97a14ecb55449e28cff22,Kaisen Energy Corporation,Canada,https://s3.us-east-2.amazonaws.com/rp-20-sources/mandatory-disclosure-report-22b58412c1c97a14ecb55449e28cff22,.pdf,01-01-2018,12-31-2018,05-28-2019
814bb13f8e8ea46a2d441b81be8c2ab9,Kootenay Silver Incorporated,Canada,https://s3.us-east-2.amazonaws.com/rp-20-sources/mandatory-disclosure-report-814bb13f8e8ea46a2d441b81be8c2ab9,.pdf,01-01-2018,12-31-2018,06-28-2019
8a6df67669858110f39c4c1c4a91694a,Levon Resources Limited,Canada,https://s3.us-east-2.amazonaws.com/rp-20-sources/mandatory-disclosure-report-8a6df67669858110f39c4c1c4a91694a,.pdf,04-01-2017,03-31-2018,08-13-2018
eb79444f735a628b00a8276dbee4d6ab,Longshore Resources Limited,Canada,https://s3.us-east-2.amazonaws.com/rp-20-sources/mandatory-disclosure-reporteb79444f735a628b00a8276dbee4d6ab,.pdf,01-01-2016,12-31-2016,05-18-2017
dbfb1450cf31dd30e17acb8e09e751d2,Majestic Gold Corp.,Canada,https://s3.us-east-2.amazonaws.com/rp-20-sources/mandatory-disclosure-report-dbfb1450cf31dd30e17acb8e09e751d2,.pdf,10-01-2016,09-30-2017,12-05-2018
5b19f307d21892df42923d20453ee9ee,Mancal Corporation Limited,Canada,https://s3.us-east-2.amazonaws.com/rp-20-sources/Mancal Corporation Limited-5b19f307d21892df42923d20453ee9ee-report,.pdf,01-01-2016,12-31-2016,06-06-2017
9dd625131897893f55d5e7eea0c98963,Graymont Limited,Canada,https://s3.us-east-2.amazonaws.com/rp-20-sources/mandatory-disclosure-report9dd625131897893f55d5e7eea0c98963,.pdf,01-01-2016,12-31-2016,05-26-2017
6198ae73627fb0e89638c880e4d604f6,Green Dragon Gas Limited,United Kingdom of Great Britain and Northern Ireland,https://s3.us-east-2.amazonaws.com/rp-20-sources/mandatory-disclosure-report6198ae73627fb0e89638c880e4d604f6,.html,01-01-2015,12-31-2015,09-09-2016
a7feebad0140f666cc47c0deb43e4ad4,Hrvatske sume d.o.o.,Croatia,https://s3.us-east-2.amazonaws.com/rp-20-sources/mandatory-disclosure-report-a7feebad0140f666cc47c0deb43e4ad4,.docx,01-01-2016,12-31-2016
adeb480ed9b648904249400986ba3093-200bc81768f6d5c0914012cbb58cd62d-c7d5734eea7bfcf4e553bfe5b83cebdb-234c4061266703633da7b813d9c4c055,Ithaca Energy (UK) Limited,United Kingdom of Great Britain and Northern Ireland,https://s3.us-east-2.amazonaws.com/rp-20-sources/mandatory-disclosure-reportadeb480ed9b648904249400986ba3093-200bc81768f6d5c0914012cbb58cd62d-c7d5734eea7bfcf4e553bfe5b83cebdb-234c4061266703633da7b813d9c4c055,.zip,01-01-2016,12-31-2016,11-21-2017
e0c192e5d4f41ff6b812b6eed05eb546,Jadestone Energy Incorporated,Canada,https://s3.us-east-2.amazonaws.com/rp-20-sources/mandatory-disclosure-reporte0c192e5d4f41ff6b812b6eed05eb546,.pdf,04-01-2017,12-31-2017,05-29-2018
de52dd5828e6fbb333c60413484ef806,Jadestone Energy Incorporated,Canada,https://s3.us-east-2.amazonaws.com/rp-20-sources/mandatory-disclosure-report-de52dd5828e6fbb333c60413484ef806,.pdf,01-01-2018,12-31-2018,05-28-2019
ef3ccab8652c83879dc9fa267ee8f2e5,Journey Energy Incorporated,Canada,https://s3.us-east-2.amazonaws.com/rp-20-sources/mandatory-disclosure-report-ef3ccab8652c83879dc9fa267ee8f2e5,.pdf,01-01-2018,12-31-2018,05-29-2019
854e1c0b134a35de3a13ad3e0fa34b3b,OMYA GmbH,Germany,https://s3.us-east-2.amazonaws.com/rp-20-sources/mandatory-disclosure-report-854e1c0b134a35de3a13ad3e0fa34b3b,.html,01-01-2017,12-31-2017,11-05-2019
d015d2e45a5f6b7b46fe5ed895114344,PAO Novatek,United Kingdom of Great Britain and Northern Ireland,https://s3.us-east-2.amazonaws.com/rp-20-sources/mandatory-disclosure-reportd015d2e45a5f6b7b46fe5ed895114344,.pdf,01-01-2016,12-31-2016
cdac3cb55a69bc9cc8732ca2bda94c8d,PJSC Chelyabinsk Zinc Plant,United Kingdom of Great Britain and Northern Ireland,https://s3.us-east-2.amazonaws.com/rp-20-sources/mandatory-disclosure-reportcdac3cb55a69bc9cc8732ca2bda94c8d,.html,01-01-2016,12-31-2016,06-09-2017
19689fbdde87d6b4c6bcddcba9e3b396,Polskie Gornictwo Naftowe i Gazownictwo S.A.,Poland,https://s3.us-east-2.amazonaws.com/rp-20-sources/mandatory-disclosure-report-19689fbdde87d6b4c6bcddcba9e3b396,.pdf,01-01-2016,12-31-2016
535f14a92c1fb82c13be8822c73dfe35,Primero Mining Corporation,Canada,https://s3.us-east-2.amazonaws.com/rp-20-sources/mandatory-disclosure-report535f14a92c1fb82c13be8822c73dfe35,.pdf,01-01-2017,12-31-2017,03-21-2018
513c8821af80a6fb7d82971074f713e2,Maxit Baustoffwerke GmbH,Germany,https://s3.us-east-2.amazonaws.com/rp-20-sources/mandatory-disclosure-report-513c8821af80a6fb7d82971074f713e2,.html,01-01-2017,12-31-2017,03-20-2018
bb0de1f0a8789cd37d4cbee0a9e4d3b4,Mega Uranium Limited,Canada,https://s3.us-east-2.amazonaws.com/rp-20-sources/mandatory-disclosure-reportbb0de1f0a8789cd37d4cbee0a9e4d3b4,.pdf,10-01-2016,09-30-2017,01-19-2018
e65bb827de529ab4f670d035a16df05a,Mega Uranium Limited,Canada,https://s3.us-east-2.amazonaws.com/rp-20-sources/mandatory-disclosure-report-e65bb827de529ab4f670d035a16df05a,.pdf,10-01-2018,09-30-2019,02-26-2020
6024b6dfa8a1cb48595b8756a19430e4,Mirasol Resources Limited,Canada,https://s3.us-east-2.amazonaws.com/rp-20-sources/mandatory-disclosure-report-6024b6dfa8a1cb48595b8756a19430e4,.pdf,07-01-2017,06-30-2018,11-29-2018
1726cbfe854a9c1945ff159f704ff417,Nexa Resources S.A.,Canada,https://s3.us-east-2.amazonaws.com/rp-20-sources/mandatory-disclosure-report1726cbfe854a9c1945ff159f704ff417,.pdf,01-01-2017,12-31-2017,05-25-2018
6373a8d334015081f7ea314ad1057806-c2965aefcebb52a5fe6ecd4d876ee17c-2741e9e3ec7b73456356a25b58797f2d-bc1bd91298e4a526a800afdd05ef5403,Nostrum Oil & Gas Plc,United Kingdom of Great Britain and Northern Ireland,https://s3.us-east-2.amazonaws.com/rp-20-sources/mandatory-disclosure-report6373a8d334015081f7ea314ad1057806-c2965aefcebb52a5fe6ecd4d876ee17c-2741e9e3ec7b73456356a25b58797f2d-bc1bd91298e4a526a800afdd05ef5403,.zip,01-01-2015,12-31-2015,08-08-2016
cc0d69cfeb3894f32065ae3d2cbe9811-941c9078aeff3cbcd6e12929e9458b7c-6f7605c80a281753b16e0c84e30d8df9-daf93c3005d40a7afe6abbc0d9587c2c,Nostrum Oil & Gas Plc,United Kingdom of Great Britain and Northern Ireland,https://s3.us-east-2.amazonaws.com/rp-20-sources/mandatory-disclosure-reportcc0d69cfeb3894f32065ae3d2cbe9811-941c9078aeff3cbcd6e12929e9458b7c-6f7605c80a281753b16e0c84e30d8df9-daf93c3005d40a7afe6abbc0d9587c2c,.zip,01-01-2016,12-31-2016,06-29-2017
fc02a72d9435384a12b090048b19283f,Nutrien Limited,Canada,https://s3.us-east-2.amazonaws.com/rp-20-sources/mandatory-disclosure-report-fc02a72d9435384a12b090048b19283f,.pdf,01-01-2018,12-31-2018,05-24-2019
673ce7f648ab9d42977077fd9b375ac0,Oceanus Resources Corporation,Canada,https://s3.us-east-2.amazonaws.com/rp-20-sources/mandatory-disclosure-report-673ce7f648ab9d42977077fd9b375ac0,.pdf,04-01-2017,03-31-2018,08-28-2018
e7a0723e232cc8db90d999815191d291,Ophir Energy plc,United Kingdom of Great Britain and Northern Ireland,https://s3.us-east-2.amazonaws.com/rp-20-sources/mandatory-disclosure-reporte7a0723e232cc8db90d999815191d291,.pdf,01-01-2016,12-31-2016,06-30-2017
5312ab2b3caa524d914103e1568b5578,Osum Holdings Corporation,Canada,https://s3.us-east-2.amazonaws.com/rp-20-sources/mandatory-disclosure-report-5312ab2b3caa524d914103e1568b5578,.xlsx,01-01-2018,12-31-2018,05-24-2019
ed47bd992423d711b7140c15c7082967-35af067c375a571fecb87806ce4d2d6f-ebdd1c2e70cc426a303ea69050369628-7418b2b424e3f816be13f68f532ad02f,Pan African Resources PLC,United Kingdom of Great Britain and Northern Ireland,https://s3.us-east-2.amazonaws.com/rp-20-sources/mandatory-disclosure-report-ed47bd992423d711b7140c15c7082967-35af067c375a571fecb87806ce4d2d6f-ebdd1c2e70cc426a303ea69050369628-7418b2b424e3f816be13f68f532ad02f,.zip,07-01-2017,06-30-2018,11-29-2019
c3cb9889bbeb986e7891902ae4d9fb13,Paramount Resources Limited,Canada,https://s3.us-east-2.amazonaws.com/rp-20-sources/mandatory-disclosure-report-c3cb9889bbeb986e7891902ae4d9fb13,.pdf,01-01-2018,12-31-2018,05-31-2019
09b25512508daba2401aa4987ccc3a00,PetroChina Canada,Canada,https://s3.us-east-2.amazonaws.com/rp-20-sources/mandatory-disclosure-report09b25512508daba2401aa4987ccc3a00,.pdf,01-01-2016,12-31-2016,05-24-2017
5c20b11734adfabfe6cd1315687ff1ac,Laramide Resources Limited,Canada,https://s3.us-east-2.amazonaws.com/rp-20-sources/mandatory-disclosure-report-5c20b11734adfabfe6cd1315687ff1ac,.pdf,01-01-2018,12-31-2018,04-17-2019
ae30472bc7fe3247950a88b111304c70,MAG Silver Corporation,Canada,https://s3.us-east-2.amazonaws.com/rp-20-sources/mandatory-disclosure-report-ae30472bc7fe3247950a88b111304c70,.pdf,01-01-2018,12-31-2018,05-30-2019
b12cdc1974e6e3dbb635c9342b415d23,Magnitogorsk Iron and Steel Works PJSC,United Kingdom of Great Britain and Northern Ireland,https://s3.us-east-2.amazonaws.com/rp-20-sources/mandatory-disclosure-reportb12cdc1974e6e3dbb635c9342b415d23,.pdf,01-01-2016,12-31-2016,05-01-2017
6a5dc7d63952d8485ed3279c89d28c7f,Magris Resources Canada Incorporated,Canada,https://s3.us-east-2.amazonaws.com/rp-20-sources/mandatory-disclosure-report-6a5dc7d63952d8485ed3279c89d28c7f,.pdf,01-01-2018,12-31-2018,04-25-2019
470b0b2c5b6791a0783e36e0209c724d,Magnitogorsk Iron and Steel Works PJSC,United Kingdom of Great Britain and Northern Ireland,https://s3.us-east-2.amazonaws.com/rp-20-sources/mandatory-disclosure-report470b0b2c5b6791a0783e36e0209c724d,.pdf,01-01-2015,12-31-2015,05-01-2016
ca7285f00013051509f3adee7898c723-249818f8ed7e46c47bfa5269fa9b111a-c3330cd1d1562fca6652810f8685539b-738ba21bd781070da7b1cbd67c705a1b,Marathon Oil West of Shetlands Limited,United Kingdom of Great Britain and Northern Ireland,https://s3.us-east-2.amazonaws.com/rp-20-sources/mandatory-disclosure-reportca7285f00013051509f3adee7898c723-249818f8ed7e46c47bfa5269fa9b111a-c3330cd1d1562fca6652810f8685539b-738ba21bd781070da7b1cbd67c705a1b,.zip,01-01-2015,12-31-2015,11-30-2016
859c9773e985256456eafb6faf0def98,Marquee Energy Limited,Canada,https://s3.us-east-2.amazonaws.com/rp-20-sources/mandatory-disclosure-report859c9773e985256456eafb6faf0def98,.pdf,01-01-2016,12-31-2016,05-29-2017
ba7332b98e6fbf08e07a3f8ee77acc03,GP Gunter Papenburg AG,Germany,https://s3.us-east-2.amazonaws.com/rp-20-sources/mandatory-disclosure-report-ba7332b98e6fbf08e07a3f8ee77acc03,.html,01-01-2016,12-31-2016,01-21-2019
6aff8b2dc3151af2eadaa0143f18d065,Gulf Keystone Petroleum Limited,United Kingdom of Great Britain and Northern Ireland,https://s3.us-east-2.amazonaws.com/rp-20-sources/mandatory-disclosure-report-6aff8b2dc3151af2eadaa0143f18d065,.pdf,01-01-2018,12-31-2018,09-19-2019
f5b68ba6a292349c538adb65dc47ae62,Inter-Rock Minerals Inc.,Canada,https://s3.us-east-2.amazonaws.com/rp-20-sources/mandatory-disclosure-report-f5b68ba6a292349c538adb65dc47ae62,.pdf,01-01-2018,12-31-2018,05-27-2019
3b95c21cdd7b3faa579945fa8a3dc032,Irving Resources Incorporated,Canada,https://s3.us-east-2.amazonaws.com/rp-20-sources/mandatory-disclosure-report-3b95c21cdd7b3faa579945fa8a3dc032,.pdf,03-01-2017,02-28-2018,07-12-2018
cd72846b0910aa486f5151404528b0fd,Jardine Matheson Holdings Limited,United Kingdom of Great Britain and Northern Ireland,https://s3.us-east-2.amazonaws.com/rp-20-sources/mandatory-disclosure-reportcd72846b0910aa486f5151404528b0fd,.html,01-01-2015,12-31-2015,06-29-2016
bdb131cbfe0a8a0887a4639bd56fafd5,Karve Energy Incorporated,Canada,https://s3.us-east-2.amazonaws.com/rp-20-sources/mandatory-disclosure-report-bdb131cbfe0a8a0887a4639bd56fafd5,.pdf,01-01-2018,12-31-2018,05-30-2019
1978ef7328e31c6c6026c4bbc2c27431,Kirkland Lake Gold Limited,Canada,https://s3.us-east-2.amazonaws.com/rp-20-sources/mandatory-disclosure-report-1978ef7328e31c6c6026c4bbc2c27431,.pdf,01-01-2016,12-31-2016,12-20-2019
599ff4925e99ee235adeb90a5107aabd,Tourbieres Berger Ltee Les,Canada,https://s3.us-east-2.amazonaws.com/rp-20-sources/mandatory-disclosure-report-599ff4925e99ee235adeb90a5107aabd,.pdf,01-01-2018,12-31-2018,05-30-2019
79c4538f33bb2e48dc1b60c17d678a55,Lithium Chile Incorporated,Canada,https://s3.us-east-2.amazonaws.com/rp-20-sources/mandatory-disclosure-report-79c4538f33bb2e48dc1b60c17d678a55,.pdf,01-01-2018,12-31-2018,05-15-2019
a4580d29135fa1d63100ef2533211b5f,Longshore Resources Limited,Canada,https://s3.us-east-2.amazonaws.com/rp-20-sources/mandatory-disclosure-report-a4580d29135fa1d63100ef2533211b5f,.pdf,01-01-2018,12-31-2018,05-28-2019
0c340f1f99db7de51505596262cd0506,Guyana Goldfields Incorporated,Canada,https://s3.us-east-2.amazonaws.com/rp-20-sources/mandatory-disclosure-report-0c340f1f99db7de51505596262cd0506,.pdf,01-01-2018,12-31-2018,05-23-2019
a9f87cd81947e7e8645f7f12591a4cd9,Hecla Quebec Incorporated,Canada,https://s3.us-east-2.amazonaws.com/rp-20-sources/mandatory-disclosure-report-a9f87cd81947e7e8645f7f12591a4cd9,.pdf,01-01-2018,12-31-2018,05-23-2019
a0fbe53bd2a99fa26555ad1801c19c69,Quarzwerke GmbH,Germany,https://s3.us-east-2.amazonaws.com/rp-20-sources/mandatory-disclosure-report-a0fbe53bd2a99fa26555ad1801c19c69,.html,01-01-2016,12-31-2016,02-28-2018
a32ceec7738f371487df162470592cb6,Integra Resources Corp.,Canada,https://s3.us-east-2.amazonaws.com/rp-20-sources/mandatory-disclosure-report-a32ceec7738f371487df162470592cb6,.pdf,01-01-2018,12-31-2018,05-07-2019
9658d6b2025f540b6cca70261964fcf4-9477ebe3f903bc40ce648e3ebea3953a-2159100818076f32b620824c786475ed-4aa3fceb7718f36b36e6bf692c2ca65e,Ithaca Energy (UK) Limited,United Kingdom of Great Britain and Northern Ireland,https://s3.us-east-2.amazonaws.com/rp-20-sources/mandatory-disclosure-report-9658d6b2025f540b6cca70261964fcf4-9477ebe3f903bc40ce648e3ebea3953a-2159100818076f32b620824c786475ed-4aa3fceb7718f36b36e6bf692c2ca65e,.zip,01-01-2018,12-31-2018,11-20-2019
6bc85f64fda980c6012ae028538e272a,Junex Incorporated,Canada,https://s3.us-east-2.amazonaws.com/rp-20-sources/mandatory-disclosure-report-6bc85f64fda980c6012ae028538e272a,.pdf,01-01-2017,12-31-2017,02-14-2018
1ae928b787364384adb44bdeafe0546c,Lafarge Canada Incorporated,Canada,https://s3.us-east-2.amazonaws.com/rp-20-sources/mandatory-disclosure-report-1ae928b787364384adb44bdeafe0546c,.pdf,01-01-2018,12-31-2018,01-07-2020
32dccbbf739052550ed016dc0e417bcf-60753ee81fc8d53e7637a118eaf9c3c3-f843d8e5659119e9f30450b4b64725a5-6ebb53680345b72626dbbd490fa12e50,Lonmin Plc,United Kingdom of Great Britain and Northern Ireland,https://s3.us-east-2.amazonaws.com/rp-20-sources/mandatory-disclosure-report32dccbbf739052550ed016dc0e417bcf-60753ee81fc8d53e7637a118eaf9c3c3-f843d8e5659119e9f30450b4b64725a5-6ebb53680345b72626dbbd490fa12e50,.zip,10-01-2015,09-30-2016,03-31-2017
d843db2e978a3858bda595dd6fecc493,Lucara Diamond Corporation,Canada,https://s3.us-east-2.amazonaws.com/rp-20-sources/mandatory-disclosure-report-d843db2e978a3858bda595dd6fecc493,.pdf,01-01-2018,12-31-2018,05-30-2019
274221991a541e29e7df95f97bb04d66,Lundin Mining Corporation,Canada,https://s3.us-east-2.amazonaws.com/rp-20-sources/mandatory-disclosure-report-274221991a541e29e7df95f97bb04d66,.pdf,01-01-2018,12-31-2018,05-28-2019
bcab9850d339e74bdaef50ddf2475339,IMPACT Silver Corporation,Canada,https://s3.us-east-2.amazonaws.com/rp-20-sources/mandatory-disclosure-reportbcab9850d339e74bdaef50ddf2475339,.pdf,01-01-2017,12-31-2017,05-22-2018
f5c9d0ebf0cf83247e7056dbcefd1f7f,JTSD - Braunkohlebergbau GmbH,Germany,https://s3.us-east-2.amazonaws.com/rp-20-sources/mandatory-disclosure-report-f5c9d0ebf0cf83247e7056dbcefd1f7f,.html,01-01-2017,12-31-2017,12-20-2018
136de0247c6d0cc710ce242277172695,KAZ Minerals PLC,United Kingdom of Great Britain and Northern Ireland,https://s3.us-east-2.amazonaws.com/rp-20-sources/mandatory-disclosure-report-136de0247c6d0cc710ce242277172695,.html,01-01-2018,12-31-2018,06-27-2019
ba8ba35ac08565a740e1e84c73b62e4e,Lehigh Hanson Materials Limited,Canada,https://s3.us-east-2.amazonaws.com/rp-20-sources/mandatory-disclosure-reportba8ba35ac08565a740e1e84c73b62e4e,.pdf,01-01-2016,12-31-2016,05-30-2017
f6aae4346efec5de458928b671b30c01,Limburgse Berggrinduitbating (NV),Belgium,https://s3.us-east-2.amazonaws.com/rp-20-sources/mandatory-disclosure-report-f6aae4346efec5de458928b671b30c01,.pdf,01-01-2016,12-31-2016,05-15-2017
247d2d1a8ab2d928db3bca1a91ca60e2,Lithium Americas Corporation,Canada,https://s3.us-east-2.amazonaws.com/rp-20-sources/mandatory-disclosure-report-247d2d1a8ab2d928db3bca1a91ca60e2,.pdf,01-01-2018,12-31-2018,05-30-2019
86b22cf4c9bfeb0640ebb6fa7b608a1a,Lydian International Limited,Canada,https://s3.us-east-2.amazonaws.com/rp-20-sources/mandatory-disclosure-report-86b22cf4c9bfeb0640ebb6fa7b608a1a,.pdf,01-01-2018,12-31-2018,04-12-2019
521ddf0b1cd66162afc04301344a10d1,Majestic Gold Corp.,Canada,https://s3.us-east-2.amazonaws.com/rp-20-sources/mandatory-disclosure-report-521ddf0b1cd66162afc04301344a10d1,.pdf,10-01-2017,09-30-2018,12-05-2018
6c4ccc33876b8fdfd638b9eaae3b51e7,Glenogle Energy Incorporated,Canada,https://s3.us-east-2.amazonaws.com/rp-20-sources/mandatory-disclosure-report6c4ccc33876b8fdfd638b9eaae3b51e7,.pdf,01-01-2017,12-31-2017,05-16-2018
ea4023382f02da2484a20ba44e6170c5,GoldMining Incorporated,Canada,https://s3.us-east-2.amazonaws.com/rp-20-sources/mandatory-disclosure-reportea4023382f02da2484a20ba44e6170c5,.pdf,12-01-2016,11-30-2017,04-26-2018
e76caa79481cd6365e59209e2d64078f,Great Eastern Energy Corporation Limited,United Kingdom of Great Britain and Northern Ireland,https://s3.us-east-2.amazonaws.com/rp-20-sources/mandatory-disclosure-report-e76caa79481cd6365e59209e2d64078f,.pdf,04-01-2016,03-31-2017,09-20-2017
d3404b393532a16fdc7c7327588e9621,GrowMax Resources Corporation,Canada,https://s3.us-east-2.amazonaws.com/rp-20-sources/mandatory-disclosure-reportd3404b393532a16fdc7c7327588e9621,.pdf,01-01-2016,12-31-2016,05-23-2017
d2d98fc7d314415f4fe28cf93169441a,"Grupa Azoty Zaklady Chemiczne ""Police"" S.A.",Poland,https://s3.us-east-2.amazonaws.com/rp-20-sources/mandatory-disclosure-report-d2d98fc7d314415f4fe28cf93169441a,.pdf,01-01-2016,12-31-2016
29a3898c2cfa6ebf6e52e93c8e6ea9f9,Hoi Resources Limited,Canada,https://s3.us-east-2.amazonaws.com/rp-20-sources/mandatory-disclosure-report29a3898c2cfa6ebf6e52e93c8e6ea9f9,.pdf,01-01-2017,12-31-2017,05-22-2018
02014561b7bdfcea397bfcbb705ff33f-c218504882f3eb5cc0a3a85f0e3f0134-695ef733ddd679792ff928b033cca2ea-c9c2e3feeeded3fb9b4dd9bbe8938a4e,IGas Energy Plc,United Kingdom of Great Britain and Northern Ireland,https://s3.us-east-2.amazonaws.com/rp-20-sources/mandatory-disclosure-report-02014561b7bdfcea397bfcbb705ff33f-c218504882f3eb5cc0a3a85f0e3f0134-695ef733ddd679792ff928b033cca2ea-c9c2e3feeeded3fb9b4dd9bbe8938a4e,.zip,01-01-2018,12-31-2018,11-26-2019
c1165e22bd08a3345c530e23a9bd589c,"INA - Industrija nafte, d.d.",Croatia,https://s3.us-east-2.amazonaws.com/rp-20-sources/mandatory-disclosure-reportc1165e22bd08a3345c530e23a9bd589c,.pdf,01-01-2016,12-31-2016,04-28-2017
a0d9e029b82d494f237d5af4fad51ff9,Japan Canada Oil Sands Limited,Canada,https://s3.us-east-2.amazonaws.com/rp-20-sources/mandatory-disclosure-reporta0d9e029b82d494f237d5af4fad51ff9,.pdf,01-01-2017,12-31-2017,05-28-2018
2cd423bbb85a895904fa673d67c43e04,Japan Canada Oil Sands Limited,Canada,https://s3.us-east-2.amazonaws.com/rp-20-sources/mandatory-disclosure-report-2cd423bbb85a895904fa673d67c43e04,.pdf,01-01-2018,12-31-2018,05-30-2019
261eb8f0be9c6de4d7e2ba91bad7840e,Klondex Mines Limited,Canada,https://s3.us-east-2.amazonaws.com/rp-20-sources/mandatory-disclosure-report261eb8f0be9c6de4d7e2ba91bad7840e,.pdf,01-01-2016,12-31-2016,05-30-2017
7976a1b9d2aaaea8ce4491d7195d8a2c,Kootenay Silver Incorporated,Canada,https://s3.us-east-2.amazonaws.com/rp-20-sources/mandatory-disclosure-report7976a1b9d2aaaea8ce4491d7195d8a2c,.pdf,01-01-2016,12-31-2016,05-30-2017
97bf8b8298448957e1387dcac4cd87fc,Lara Exploration Limited,Canada,https://s3.us-east-2.amazonaws.com/rp-20-sources/mandatory-disclosure-report-97bf8b8298448957e1387dcac4cd87fc,.pdf,01-01-2017,12-31-2017,05-28-2018
b3c84015ac621dc4367cf616f4d15f90,Lausitz Energie Bergbau AG,Germany,https://s3.us-east-2.amazonaws.com/rp-20-sources/mandatory-disclosure-report-b3c84015ac621dc4367cf616f4d15f90,.html,06-01-2016,12-31-2016,01-03-2018
1b766882b0944b7516f4acd08cdb810f,Liberty Gold Corporation,Canada,https://s3.us-east-2.amazonaws.com/rp-20-sources/mandatory-disclosure-report1b766882b0944b7516f4acd08cdb810f,.pdf,01-01-2016,12-31-2016,05-23-2017
b2869ddda64139ecccf294dc28808671,Gold Standard Ventures Corporation,Canada,https://s3.us-east-2.amazonaws.com/rp-20-sources/mandatory-disclosure-reportb2869ddda64139ecccf294dc28808671,.pdf,01-01-2017,12-31-2017,05-30-2018
35eaa20b67ab85327e57f4dcc2ab1614,Harvest Operations Corporation,Canada,https://s3.us-east-2.amazonaws.com/rp-20-sources/mandatory-disclosure-report35eaa20b67ab85327e57f4dcc2ab1614,.pdf,01-01-2017,12-31-2017,05-30-2018
78fa05f2304b70bf3868b87dbb626ae6,Kinross Gold Corporation,Canada,https://s3.us-east-2.amazonaws.com/rp-20-sources/mandatory-disclosure-report-78fa05f2304b70bf3868b87dbb626ae6,.pdf,01-01-2018,12-31-2018,05-30-2019
f438f3bdf6f29d9a9aef8b2b2029864a,Golden Star Resources Limited,Canada,https://s3.us-east-2.amazonaws.com/rp-20-sources/mandatory-disclosure-reportf438f3bdf6f29d9a9aef8b2b2029864a,.pdf,01-01-2016,12-31-2016,05-25-2017
b7a482918e6796f962fe1c5472fce48c,Goldgroup Mining Incorporated,Canada,https://s3.us-east-2.amazonaws.com/rp-20-sources/mandatory-disclosure-report-b7a482918e6796f962fe1c5472fce48c,.pdf,01-01-2016,12-31-2016,04-10-2019
8a83a9ebf25103a6fd16d29baf103486,Gran Colombia Gold Corporation,Canada,https://s3.us-east-2.amazonaws.com/rp-20-sources/mandatory-disclosure-report8a83a9ebf25103a6fd16d29baf103486,.pdf,01-01-2016,12-31-2016,05-26-2017
65584086d34247f6d0f88d45641fd4d2,Guinea-Bissau Minerals Limited,Canada,https://s3.us-east-2.amazonaws.com/rp-20-sources/mandatory-disclosure-report65584086d34247f6d0f88d45641fd4d2,.pdf,07-01-2016,06-30-2017,11-27-2017
7af120f6fb8458282e36211085baf398,Heritage Royalty Resource Corporation,Canada,https://s3.us-east-2.amazonaws.com/rp-20-sources/mandatory-disclosure-report7af120f6fb8458282e36211085baf398,.pdf,01-01-2017,12-31-2017,05-28-2018
8d45b8b37260ad1b27eb68e1ce201792,Heritage Royalty Resource Corporation,Canada,https://s3.us-east-2.amazonaws.com/rp-20-sources/mandatory-disclosure-report-8d45b8b37260ad1b27eb68e1ce201792,.pdf,01-01-2018,12-31-2018,05-29-2019
a3fe45d95f804fd7359e35eb7e6b2f23,Holcim WestZement GmbH,Germany,https://s3.us-east-2.amazonaws.com/rp-20-sources/mandatory-disclosure-report-a3fe45d95f804fd7359e35eb7e6b2f23,.html,01-01-2016,12-31-2016,09-21-2017
ae56417e109db3d7effd5ad3a53d729f,Imerys S.A.,France,https://s3.us-east-2.amazonaws.com/rp-20-sources/mandatory-disclosure-report-ae56417e109db3d7effd5ad3a53d729f,.pdf,01-01-2018,12-31-2018
7f1a0c8e7c28ebe060a1e0409d153e3f,Imperial Oil Limited,Canada,https://s3.us-east-2.amazonaws.com/rp-20-sources/mandatory-disclosure-report7f1a0c8e7c28ebe060a1e0409d153e3f,.pdf,01-01-2017,12-31-2017,05-16-2018
87a956a95845f44013db1971654155d3,IPC Alberta Ltd.,Canada,https://s3.us-east-2.amazonaws.com/rp-20-sources/mandatory-disclosure-report-87a956a95845f44013db1971654155d3,.pdf,01-01-2018,12-31-2018,05-15-2019
d0484a111181b69cab3e276128a4dce9,Jien International Investment Limited,Canada,https://s3.us-east-2.amazonaws.com/rp-20-sources/mandatory-disclosure-reportd0484a111181b69cab3e276128a4dce9,.pdf,01-01-2016,12-31-2016,05-30-2017
5b5d3b5f783e1fe653fc998339361549,Katanga Mining Limited,Canada,https://s3.us-east-2.amazonaws.com/rp-20-sources/mandatory-disclosure-report5b5d3b5f783e1fe653fc998339361549,.pdf,01-01-2016,12-31-2016,05-30-2017
5b4af0551a0e2f8c3f1b0707283e28bf,Largo Resources Limited,Canada,https://s3.us-east-2.amazonaws.com/rp-20-sources/mandatory-disclosure-report5b4af0551a0e2f8c3f1b0707283e28bf,.pdf,01-16-2016,12-31-2016,05-23-2017
af7dba7ac94372211bd79c5fa1292dc6,LeadFX Incorporated,Canada,https://s3.us-east-2.amazonaws.com/rp-20-sources/mandatory-disclosure-report-af7dba7ac94372211bd79c5fa1292dc6,.pdf,01-01-2018,12-31-2018,05-30-2019
66c29b75be6cfb70e06a96accea59624,Lundin Gold Incorporated,Canada,https://s3.us-east-2.amazonaws.com/rp-20-sources/mandatory-disclosure-report66c29b75be6cfb70e06a96accea59624,.pdf,01-01-2016,12-31-2016,05-29-2017
6f8475626c1c9cb1bd600b7b83eb81b0,Lundin Gold Incorporated,Canada,https://s3.us-east-2.amazonaws.com/rp-20-sources/mandatory-disclosure-report-6f8475626c1c9cb1bd600b7b83eb81b0,.pdf,01-01-2018,12-31-2018,05-23-2019
1132f3dc489f682103398c6947ae271b,Manitok Energy Incorporated,Canada,https://s3.us-east-2.amazonaws.com/rp-20-sources/mandatory-disclosure-report1132f3dc489f682103398c6947ae271b,.pdf,01-01-2016,12-31-2016,05-30-2017
ab52d3bdbf12c3bae39b8781d415e8c8,Glencore PLC,United Kingdom of Great Britain and Northern Ireland,https://s3.us-east-2.amazonaws.com/rp-20-sources/mandatory-disclosure-report-ab52d3bdbf12c3bae39b8781d415e8c8,.pdf,01-01-2016,12-31-2016
271b6ccc68af69d48cef77df50d71584,Glenogle Energy Incorporated,Canada,https://s3.us-east-2.amazonaws.com/rp-20-sources/mandatory-disclosure-report-271b6ccc68af69d48cef77df50d71584,.pdf,01-01-2018,12-31-2018,05-28-2019
89a065c4f01ea7c4c03302d5dfb1dd81,Goldcorp Incorporated,Canada,https://s3.us-east-2.amazonaws.com/rp-20-sources/mandatory-disclosure-report-89a065c4f01ea7c4c03302d5dfb1dd81,.pdf,01-01-2018,12-31-2018,05-27-2019
56270cefcf990e9094baf200e37821e7-fe0c0fe5ba820540a7b6c2508cceaae6-ab1e25af435afefa4fa3313fc3dbd8b6-3d8e683620a54577b5ad0f19bc7984e7,Gran Tierra Energy Incorporated,United Kingdom of Great Britain and Northern Ireland,https://s3.us-east-2.amazonaws.com/rp-20-sources/mandatory-disclosure-report-56270cefcf990e9094baf200e37821e7-fe0c0fe5ba820540a7b6c2508cceaae6-ab1e25af435afefa4fa3313fc3dbd8b6-3d8e683620a54577b5ad0f19bc7984e7,.zip,01-01-2017,12-31-2017,09-04-2018
4810fef2b811f27accaa713fa3269021,GrowMax Resources Corporation,Canada,https://s3.us-east-2.amazonaws.com/rp-20-sources/mandatory-disclosure-report4810fef2b811f27accaa713fa3269021,.pdf,01-01-2017,12-31-2017,05-24-2018
7e44a7494d8be16e11503584fc024c34,Holcim Deutschland Gmbh,Germany,https://s3.us-east-2.amazonaws.com/rp-20-sources/mandatory-disclosure-report-7e44a7494d8be16e11503584fc024c34,.html,01-01-2017,12-31-2017
30c92a8425773d848ebfab88718326f0,IMPACT Silver Corporation,Canada,https://s3.us-east-2.amazonaws.com/rp-20-sources/mandatory-disclosure-report-30c92a8425773d848ebfab88718326f0,.pdf,01-01-2018,12-31-2018,05-24-2019
ab289db2d3c7502c28ed804f3f2bfe66,InPlay Oil Corporation,Canada,https://s3.us-east-2.amazonaws.com/rp-20-sources/mandatory-disclosure-report-ab289db2d3c7502c28ed804f3f2bfe66,.pdf,01-01-2018,12-31-2018,05-22-2019
81e1cb28ec62234f043fdca128aeab62,INV Metals Incorporated,Canada,https://s3.us-east-2.amazonaws.com/rp-20-sources/mandatory-disclosure-report-81e1cb28ec62234f043fdca128aeab62,.pdf,01-01-2017,12-31-2017,05-09-2018
83ad70fbbdba2a5aef0da1b3dc8cf0e5,Kem One S.A.S.,France,https://s3.us-east-2.amazonaws.com/rp-20-sources/mandatory-disclosure-report83ad70fbbdba2a5aef0da1b3dc8cf0e5,.pdf,01-01-2016,12-31-2016,04-29-2017
053ed88818e9198ae926ab96ce918eaf,Centaurus Energy Inc.,Canada,https://s3.us-east-2.amazonaws.com/rp-20-sources/mandatory-disclosure-report053ed88818e9198ae926ab96ce918eaf,.pdf,01-01-2016,12-31-2016,05-26-2017
a6636200c88402f77ab3eb79c0ca6ab4-f25cee5ffcd55a369ea8d10b03712486-e4932ec35bf2e1b01f9235237fba585f-aa20b8f80e2e93f5d87dba13da9f4102,Marubeni Oil & Gas UK Limited,United Kingdom of Great Britain and Northern Ireland,https://s3.us-east-2.amazonaws.com/rp-20-sources/mandatory-disclosure-report-a6636200c88402f77ab3eb79c0ca6ab4-f25cee5ffcd55a369ea8d10b03712486-e4932ec35bf2e1b01f9235237fba585f-aa20b8f80e2e93f5d87dba13da9f4102,.zip,01-01-2017,12-31-2017,10-26-2018
85a6cf1256d1c887b5490f144a304d6e,Maya Or & Argent Inc.,Canada,https://s3.us-east-2.amazonaws.com/rp-20-sources/mandatory-disclosure-report-85a6cf1256d1c887b5490f144a304d6e,.pdf,01-01-2016,12-31-2016,08-15-2018
492969ee7ff70b61fd20204cdab15f3a,NGEx Resources Incorporated,Canada,https://s3.us-east-2.amazonaws.com/rp-20-sources/mandatory-disclosure-report-492969ee7ff70b61fd20204cdab15f3a,.pdf,01-01-2018,12-31-2018,05-22-2019
1fbc49a632b8f3efa676a82f11dfb311,Niko Resources Limited,Canada,https://s3.us-east-2.amazonaws.com/rp-20-sources/mandatory-disclosure-report-1fbc49a632b8f3efa676a82f11dfb311,.pdf,04-01-2018,03-31-2019,08-15-2019
0e34a5b548a77cef69a028ba75286db8,North American Palladium Limited,Canada,https://s3.us-east-2.amazonaws.com/rp-20-sources/mandatory-disclosure-report0e34a5b548a77cef69a028ba75286db8,.pdf,01-01-2017,12-31-2017,05-30-2018
559cfd4ac5644e91753445d946ea8480,OceanaGold Corporation,Canada,https://s3.us-east-2.amazonaws.com/rp-20-sources/mandatory-disclosure-report559cfd4ac5644e91753445d946ea8480,.pdf,01-01-2016,12-31-2016,05-29-2017
eee499886d6afeb7dce8206ae9a6b45f,Orezone Gold Corporation,Canada,https://s3.us-east-2.amazonaws.com/rp-20-sources/mandatory-disclosure-report-eee499886d6afeb7dce8206ae9a6b45f,.pdf,01-01-2017,12-31-2017,05-30-2018
fb439e75725d5773535b10da48fa84ae,Pan Orient Energy Corporation,Canada,https://s3.us-east-2.amazonaws.com/rp-20-sources/mandatory-disclosure-reportfb439e75725d5773535b10da48fa84ae,.pdf,01-01-2016,12-31-2016,05-24-2017
9534dfec49d034ae3a999410454aae2b,Partex Holding B.V.,Portugal,https://s3.us-east-2.amazonaws.com/rp-20-sources/mandatory-disclosure-report-9534dfec49d034ae3a999410454aae2b,.pdf,01-01-2017,12-31-2017,04-18-2018
9471099c7a979ca76150e23d32c96dda,Pasinex Resources Limited,Canada,https://s3.us-east-2.amazonaws.com/rp-20-sources/mandatory-disclosure-report-9471099c7a979ca76150e23d32c96dda,.pdf,01-01-2018,12-31-2018,05-30-2019
5e3045fe59de24fb506eae5c9a117e9b,Petrofac Limited,United Kingdom of Great Britain and Northern Ireland,https://s3.us-east-2.amazonaws.com/rp-20-sources/mandatory-disclosure-report5e3045fe59de24fb506eae5c9a117e9b,.html,01-01-2015,12-31-2015,10-03-2016
22475da9c148f148016c26dcb77a2c45-58520f0bcbf1cff5545ab0e479cefc26-640eba9af39dc44604f467562f0b2114-e871a97efab394c82f4c76d96f20d820,Petrolatina Energy Limited,United Kingdom of Great Britain and Northern Ireland,https://s3.us-east-2.amazonaws.com/rp-20-sources/mandatory-disclosure-report22475da9c148f148016c26dcb77a2c45-58520f0bcbf1cff5545ab0e479cefc26-640eba9af39dc44604f467562f0b2114-e871a97efab394c82f4c76d96f20d820,.zip,01-01-2015,12-31-2015,12-05-2016
21e7639f117ef8bbccab19061aae85bc,Petrus Resources Limited,Canada,https://s3.us-east-2.amazonaws.com/rp-20-sources/mandatory-disclosure-report21e7639f117ef8bbccab19061aae85bc,.pdf,01-01-2017,12-31-2017,05-28-2018
fde8588b9755343787abb48b5eb79774,PJSC Lukoil Oil Company,United Kingdom of Great Britain and Northern Ireland,https://s3.us-east-2.amazonaws.com/rp-20-sources/mandatory-disclosure-reportfde8588b9755343787abb48b5eb79774,.pdf,01-01-2016,12-31-2016,06-01-2017
debd348a179c79ef23dfe801413e262d,PORR Deutschland GmbH,Germany,https://s3.us-east-2.amazonaws.com/rp-20-sources/mandatory-disclosure-report-debd348a179c79ef23dfe801413e262d,.html,01-01-2016,12-31-2016,03-29-2019
740607f83af32e86670faaa236b32a91,Midas Gold Corporation,Canada,https://s3.us-east-2.amazonaws.com/rp-20-sources/mandatory-disclosure-report740607f83af32e86670faaa236b32a91,.pdf,01-01-2017,12-31-2017,04-24-2018
4b3361bb710785b1e1b8168bb10e4a95,Nautilus Minerals Incorporated,Canada,https://s3.us-east-2.amazonaws.com/rp-20-sources/mandatory-disclosure-report-4b3361bb710785b1e1b8168bb10e4a95,.pdf,01-01-2018,12-31-2018,05-29-2019
f7dcc9e5d2c2900221c4c6a1f2301a53,Nemaska Lithium Incorporated,Canada,https://s3.us-east-2.amazonaws.com/rp-20-sources/mandatory-disclosure-reportf7dcc9e5d2c2900221c4c6a1f2301a53,.pdf,07-01-2016,06-30-2017,12-22-2017
b7f4b66af5a107d85963e8440c9cb0e2,OMV,Austria,https://s3.us-east-2.amazonaws.com/rp-20-sources/mandatory-disclosure-reportb7f4b66af5a107d85963e8440c9cb0e2,.pdf,01-01-2016,12-31-2016
d40a79e950add2e5f740ef2d6c81845b,OMYA GmbH,Germany,https://s3.us-east-2.amazonaws.com/rp-20-sources/mandatory-disclosure-report-d40a79e950add2e5f740ef2d6c81845b,.html,01-01-2016,12-31-2016,01-22-2019
be2d75d5a8886990ab400bf5aa9d25f6,Orosur Mining Incorporated,Canada,https://s3.us-east-2.amazonaws.com/rp-20-sources/mandatory-disclosure-report-be2d75d5a8886990ab400bf5aa9d25f6,.pdf,06-01-2017,05-31-2018,10-29-2018
37cdf2d208f55876fcb13dd80296a142,Orvana Minerals Corporation,Canada,https://s3.us-east-2.amazonaws.com/rp-20-sources/mandatory-disclosure-report37cdf2d208f55876fcb13dd80296a142,.pdf,10-01-2015,09-30-2016,02-09-2017
e665b72f6b6831f2a40415bad66e4637,Pine Cliff Energy Limited,Canada,https://s3.us-east-2.amazonaws.com/rp-20-sources/mandatory-disclosure-report-e665b72f6b6831f2a40415bad66e4637,.pdf,01-01-2018,12-31-2018,05-29-2019
cee30e3f169daf0311e915d0e5ce2d91,Premier Gold Mines Limited,Canada,https://s3.us-east-2.amazonaws.com/rp-20-sources/mandatory-disclosure-report-cee30e3f169daf0311e915d0e5ce2d91,.pdf,01-01-2016,12-31-2016,05-29-2017
cc6e16fc5f19cc697e20b98417a18a84-d919b1c1b520235fabb44907e37b08e8-013432db258816e297646501d78e519a-4d83a0aafd7b95184fbef29fb1b2f6da,Premier Oil PLC,United Kingdom of Great Britain and Northern Ireland,https://s3.us-east-2.amazonaws.com/rp-20-sources/mandatory-disclosure-reportcc6e16fc5f19cc697e20b98417a18a84-d919b1c1b520235fabb44907e37b08e8-013432db258816e297646501d78e519a-4d83a0aafd7b95184fbef29fb1b2f6da,.zip,01-01-2015,12-31-2015,06-21-2017
715e661ac2b05b541495a75e06fee91e,Progress Sasol Montney Partnership,Canada,https://s3.us-east-2.amazonaws.com/rp-20-sources/mandatory-disclosure-report715e661ac2b05b541495a75e06fee91e,.pdf,07-01-2016,06-30-2017,10-30-2017
ecfadcb305530780936155eeb455c513,Tatneft,United Kingdom of Great Britain and Northern Ireland,https://s3.us-east-2.amazonaws.com/rp-20-sources/mandatory-disclosure-reportecfadcb305530780936155eeb455c513,.pdf,01-01-2015,12-31-2015,06-30-2016
fc9abdcd3f7939ffc1df6c6c5e199c10,Melior Resources Incorporated,Canada,https://s3.us-east-2.amazonaws.com/rp-20-sources/mandatory-disclosure-report-fc9abdcd3f7939ffc1df6c6c5e199c10,.pdf,07-01-2018,06-30-2019,11-15-2019
3d2e6054decbea00ddf14be85967dbd4,Mercuria Energy Group Limited,Cyprus,https://s3.us-east-2.amazonaws.com/rp-20-sources/mandatory-disclosure-report-3d2e6054decbea00ddf14be85967dbd4,.pdf,01-01-2017,12-31-2017
db5ef0c1f7fec6135c9111713bff0d08,Meridian Mining SE,Canada,https://s3.us-east-2.amazonaws.com/rp-20-sources/mandatory-disclosure-report-db5ef0c1f7fec6135c9111713bff0d08,.pdf,01-01-2017,12-31-2017,09-10-2018
78171009f294206d794625adceff2b54,MND a.s.,Czechia,https://s3.us-east-2.amazonaws.com/rp-20-sources/mandatory-disclosure-report-78171009f294206d794625adceff2b54,.pdf,01-01-2016,12-31-2016,06-27-2017
710624444623c10be978f06c25657f92,Holcim WestZement GmbH,Germany,https://s3.us-east-2.amazonaws.com/rp-20-sources/mandatory-disclosure-report-710624444623c10be978f06c25657f92,.html,01-01-2018,12-31-2018,07-12-2019
73ee0e84b8606153025db4f10c8191cd,Horizonte Minerals plc,Canada,https://s3.us-east-2.amazonaws.com/rp-20-sources/mandatory-disclosure-report-73ee0e84b8606153025db4f10c8191cd,.pdf,01-01-2017,12-31-2017,12-12-2018
6e8a30ce63c4ed55396fb3fdf07df7ba,HudBay Minerals Incorporated,Canada,https://s3.us-east-2.amazonaws.com/rp-20-sources/mandatory-disclosure-report-6e8a30ce63c4ed55396fb3fdf07df7ba,.pdf,01-01-2018,12-31-2018,05-03-2019
5fd87e42e9dc54b9fdc108a49812d582,Hunting PLC,United Kingdom of Great Britain and Northern Ireland,https://s3.us-east-2.amazonaws.com/rp-20-sources/mandatory-disclosure-report5fd87e42e9dc54b9fdc108a49812d582,.pdf,01-01-2017,12-31-2017,03-14-2018
c1f88b38eb06e0614c7fb825b22fcb2b,Jura Energy Corporation,Canada,https://s3.us-east-2.amazonaws.com/rp-20-sources/mandatory-disclosure-reportc1f88b38eb06e0614c7fb825b22fcb2b,.pdf,01-01-2017,12-31-2017,05-29-2018
13b5a94bf08975a9a89628cccfe3865e,KazMunaiGas Exploration Production JSC,United Kingdom of Great Britain and Northern Ireland,https://s3.us-east-2.amazonaws.com/rp-20-sources/mandatory-disclosure-report13b5a94bf08975a9a89628cccfe3865e,.html,01-01-2015,12-31-2015,06-29-2016
90f117ce710b302d7d9d703629783fc3,Kirkland Lake Gold Limited,Canada,https://s3.us-east-2.amazonaws.com/rp-20-sources/mandatory-disclosure-report-90f117ce710b302d7d9d703629783fc3,.pdf,01-01-2018,12-31-2018,10-08-2019
cd46416444ec75c73e167d004a10e9e4,Lausitz Energie Bergbau AG,Germany,https://s3.us-east-2.amazonaws.com/rp-20-sources/mandatory-disclosure-report-cd46416444ec75c73e167d004a10e9e4,.html,01-01-2018,12-31-2018,09-25-2019
b2bcbec04c059ac02da9cbe7a7061957,Lehigh Hanson Materials Limited,Canada,https://s3.us-east-2.amazonaws.com/rp-20-sources/mandatory-disclosure-report-b2bcbec04c059ac02da9cbe7a7061957,.pdf,01-01-2018,12-31-2018,08-15-2019
24444fe13c3cc964d86f3a4efa445993-83e207e852e82d92ba9a718d73abc5ad-aa408f71332c1c6bd63f67ce2c532a8a-d655de6d91e1309f91ef307afe044088,London & Associated Properties PLC,United Kingdom of Great Britain and Northern Ireland,https://s3.us-east-2.amazonaws.com/rp-20-sources/mandatory-disclosure-report-24444fe13c3cc964d86f3a4efa445993-83e207e852e82d92ba9a718d73abc5ad-aa408f71332c1c6bd63f67ce2c532a8a-d655de6d91e1309f91ef307afe044088,.zip,01-01-2018,12-31-2018,06-20-2019
d05790df14618a5ab542b6574cc9c100,Lundin Petroleum AB,Sweden,https://s3.us-east-2.amazonaws.com/rp-20-sources/mandatory-disclosure-reportd05790df14618a5ab542b6574cc9c100,.pdf,01-01-2017,12-31-2017,03-29-2018
ed1389eacd260c7d8f3daf06eb91ffcf,Marathon Oil Canada Corporation,Canada,https://s3.us-east-2.amazonaws.com/rp-20-sources/mandatory-disclosure-reported1389eacd260c7d8f3daf06eb91ffcf,.pdf,01-01-2016,12-31-2016,05-25-2017
e30b0cc66f32fdf41a6865635f158e03,Marker Beteiligungs GmbH Harburg,Germany,https://s3.us-east-2.amazonaws.com/rp-20-sources/mandatory-disclosure-report-e30b0cc66f32fdf41a6865635f158e03,.html,01-01-2016,12-31-2016,12-18-2017
5491b63f7dcdd10456dec11ab21e59a9,Hardy Oil and Gas plc,United Kingdom of Great Britain and Northern Ireland,https://s3.us-east-2.amazonaws.com/rp-20-sources/mandatory-disclosure-report5491b63f7dcdd10456dec11ab21e59a9,.html,04-01-2016,03-31-2017,10-03-2017
1fb386b64a0072459de3db4f4d3e17b1,Imerys S.A.,France,https://s3.us-east-2.amazonaws.com/rp-20-sources/mandatory-disclosure-report-1fb386b64a0072459de3db4f4d3e17b1,.pdf,01-01-2017,12-31-2017
0feb06f4cc7d0b5ba4b6ae0a2b0d31cf,IMPACT Silver Corporation,Canada,https://s3.us-east-2.amazonaws.com/rp-20-sources/mandatory-disclosure-report0feb06f4cc7d0b5ba4b6ae0a2b0d31cf,.pdf,01-01-2016,12-31-2016,05-23-2017
1c0ebb5fa23e6935034ceec19c18dcae,InPlay Oil Corporation,Canada,https://s3.us-east-2.amazonaws.com/rp-20-sources/mandatory-disclosure-report1c0ebb5fa23e6935034ceec19c18dcae,.pdf,01-01-2017,12-31-2017,05-30-2018
454fa3079eba36c56bda05b59a8d3b94,Irving Resources Incorporated,Canada,https://s3.us-east-2.amazonaws.com/rp-20-sources/mandatory-disclosure-report454fa3079eba36c56bda05b59a8d3b94,.pdf,03-01-2016,02-28-2017,07-27-2017
7c2b8b0ed38a5022cd327cb59fa9aa28,Jupiter Resources Incorporated,Canada,https://s3.us-east-2.amazonaws.com/rp-20-sources/mandatory-disclosure-report7c2b8b0ed38a5022cd327cb59fa9aa28,.pdf,01-01-2016,12-31-2016,05-26-2017
1fedf905fc7445c77602635009db6f75,KEMNA BAU Andreae GmbH & Co. KG,Germany,https://s3.us-east-2.amazonaws.com/rp-20-sources/mandatory-disclosure-report-1fedf905fc7445c77602635009db6f75,.html,01-01-2018,12-31-2018,12-05-2019
65e8e8439f18090fe6fed219b9d4133e,Keyera Corporation,Canada,https://s3.us-east-2.amazonaws.com/rp-20-sources/mandatory-disclosure-report-65e8e8439f18090fe6fed219b9d4133e,.pdf,01-01-2018,12-31-2018,05-24-2019
59f39cc4ef21f359d0138afd2f2a9a1c,LafargeHolcim Limited,France,https://s3.us-east-2.amazonaws.com/rp-20-sources/mandatory-disclosure-report-59f39cc4ef21f359d0138afd2f2a9a1c,.pdf,01-01-2018,12-31-2018
02bb948308ab08fcab9b76ea94b6508d,LB Minerals s.r.o.,Czechia,https://s3.us-east-2.amazonaws.com/rp-20-sources/mandatory-disclosure-report-02bb948308ab08fcab9b76ea94b6508d,.pdf,01-01-2016,12-31-2016,06-30-2017
1ee75b76051a9363d25b13ab753a42e1,Liberty Gold Corporation,Canada,https://s3.us-east-2.amazonaws.com/rp-20-sources/mandatory-disclosure-report1ee75b76051a9363d25b13ab753a42e1,.pdf,01-01-2017,12-31-2017,05-14-2018
5eea112732325980df51e56c65dba9fa,Lithium Americas Corporation,Canada,https://s3.us-east-2.amazonaws.com/rp-20-sources/mandatory-disclosure-report-5eea112732325980df51e56c65dba9fa,.pdf,01-01-2017,12-31-2017,05-30-2018
c8e234bcf80394e2bedef1e24ef604ff,Lundin Petroleum AB,Sweden,https://s3.us-east-2.amazonaws.com/rp-20-sources/mandatory-disclosure-report-c8e234bcf80394e2bedef1e24ef604ff,.pdf,01-01-2019,12-31-2019,03-04-2020
8045631ca71ef9d589b007c4855dac6f,Maxit Baustoffwerke GmbH,Germany,https://s3.us-east-2.amazonaws.com/rp-20-sources/mandatory-disclosure-report-8045631ca71ef9d589b007c4855dac6f,.html,01-01-2016,12-31-2016,01-11-2018
ca5488311818e3997000350d3d28804d-4b1b82e9293c627aca264ebba988823e-508e5d346f066ce1896a62cc91df90dc-f22e093ba818c8dd3073d56c2cbea720,Marubeni Oil & Gas UK Limited,United Kingdom of Great Britain and Northern Ireland,https://s3.us-east-2.amazonaws.com/rp-20-sources/mandatory-disclosure-report-ca5488311818e3997000350d3d28804d-4b1b82e9293c627aca264ebba988823e-508e5d346f066ce1896a62cc91df90dc-f22e093ba818c8dd3073d56c2cbea720,.zip,01-01-2018,12-31-2018,11-15-2019
1ab5359868c6e6cae646f307d821b7fa,Millennial Lithium Corporation,Canada,https://s3.us-east-2.amazonaws.com/rp-20-sources/mandatory-disclosure-report-1ab5359868c6e6cae646f307d821b7fa,.pdf,03-01-2018,02-28-2019,07-23-2019
e4112c07de3fac9e15b63622c498baf3,NextSource Materials Incorporated,Canada,https://s3.us-east-2.amazonaws.com/rp-20-sources/mandatory-disclosure-report-e4112c07de3fac9e15b63622c498baf3,.pdf,07-01-2016,06-30-2017,12-30-2017
910b4f5a522d93f6240f484dff96f139,NGEx Resources Incorporated,Canada,https://s3.us-east-2.amazonaws.com/rp-20-sources/mandatory-disclosure-report910b4f5a522d93f6240f484dff96f139,.pdf,01-01-2016,12-31-2016,05-08-2017
7ab88223cb2d7687980184786afab801,NuVista Energy Limited,Canada,https://s3.us-east-2.amazonaws.com/rp-20-sources/mandatory-disclosure-report7ab88223cb2d7687980184786afab801,.pdf,01-01-2017,12-31-2017,05-24-2018
0271f44ac6057d7f8814ff70eee2ce02,Obsidian Energy Limited,Canada,https://s3.us-east-2.amazonaws.com/rp-20-sources/mandatory-disclosure-report0271f44ac6057d7f8814ff70eee2ce02,.pdf,01-01-2016,12-31-2016,05-29-2017
e702f3ea7ee864ef18b843cce2bf3270,PentaNova Energy Corporation,Canada,https://s3.us-east-2.amazonaws.com/rp-20-sources/mandatory-disclosure-reporte702f3ea7ee864ef18b843cce2bf3270,.pdf,01-01-2017,12-31-2017,05-30-2018
b63c36ba3a6993b67cb9a5da8f96dc70-b57f7a5c5e59e8bee56cae107b94b570-cb11334ecb159123cadd01230be7cf59-6f6df1a35f4ae7fd00c1cca8d960907d,Perenco Overseas Holdings Limited,United Kingdom of Great Britain and Northern Ireland,https://s3.us-east-2.amazonaws.com/rp-20-sources/mandatory-disclosure-reportb63c36ba3a6993b67cb9a5da8f96dc70-b57f7a5c5e59e8bee56cae107b94b570-cb11334ecb159123cadd01230be7cf59-6f6df1a35f4ae7fd00c1cca8d960907d,.zip,01-01-2015,12-31-2015,10-17-2016
2f8b06b64efe9070fb282201c650cf25-3a17a04a0cca8ea0a5af7f2dce3f19a3-f5cba2d293f89f5ebe4f1adfc33d2803-c3fd5f739394b081bb1c18602d3b5ab7,Perenco Overseas Holdings Limited,United Kingdom of Great Britain and Northern Ireland,https://s3.us-east-2.amazonaws.com/rp-20-sources/mandatory-disclosure-report-2f8b06b64efe9070fb282201c650cf25-3a17a04a0cca8ea0a5af7f2dce3f19a3-f5cba2d293f89f5ebe4f1adfc33d2803-c3fd5f739394b081bb1c18602d3b5ab7,.zip,01-01-2017,12-31-2017,04-09-2019
8f67680a075de9b1ceefddd5ed72281c,PGE Polska Grupa Energetyczna S.A.,Poland,https://s3.us-east-2.amazonaws.com/rp-20-sources/mandatory-disclosure-report8f67680a075de9b1ceefddd5ed72281c,.pdf,01-01-2017,12-31-2017,03-06-2018
0e967b95eb0e2ead8e5b2e51a82b1512,PJSC Chelyabinsk Zinc Plant,United Kingdom of Great Britain and Northern Ireland,https://s3.us-east-2.amazonaws.com/rp-20-sources/mandatory-disclosure-report0e967b95eb0e2ead8e5b2e51a82b1512,.html,01-01-2017,12-31-2017,07-02-2018
562fbcacbfcec478a67706d310e7ce59,Point Loma Resources Limited,Canada,https://s3.us-east-2.amazonaws.com/rp-20-sources/mandatory-disclosure-report-562fbcacbfcec478a67706d310e7ce59,.pdf,01-01-2018,12-31-2018,05-13-2019
f8b2cc40ffbfbd5dd74a6f2c0ee43ee7,"Polar Star Canadian Oil and Gas Holding, Incorporated",Canada,https://s3.us-east-2.amazonaws.com/rp-20-sources/mandatory-disclosure-report-f8b2cc40ffbfbd5dd74a6f2c0ee43ee7,.pdf,01-01-2018,12-31-2018,05-29-2019
bf35c03224922b038a2705fe4dfd5fa5,Polymetal International plc,United Kingdom of Great Britain and Northern Ireland,https://s3.us-east-2.amazonaws.com/rp-20-sources/mandatory-disclosure-reportbf35c03224922b038a2705fe4dfd5fa5,.html,01-01-2017,12-31-2017,06-20-2018
71cd5a86051489df3a0e35a9f9a87e6e,Prairie Provident Resources Incorporated,Canada,https://s3.us-east-2.amazonaws.com/rp-20-sources/mandatory-disclosure-report71cd5a86051489df3a0e35a9f9a87e6e,.pdf,01-01-2017,12-31-2017,05-24-2018
782bca379c1b4e1226ecd44d4939030e,Gazprom,United Kingdom of Great Britain and Northern Ireland,https://s3.us-east-2.amazonaws.com/rp-20-sources/mandatory-disclosure-report782bca379c1b4e1226ecd44d4939030e,.pdf,01-01-2016,12-31-2016
bd77eaf84b166efc2d0029958df1f9cf,Mawson Resources Limited,Canada,https://s3.us-east-2.amazonaws.com/rp-20-sources/mandatory-disclosure-report-bd77eaf84b166efc2d0029958df1f9cf,.pdf,06-01-2016,05-31-2017,06-21-2018
13580325e133b3e0685ffea9695d22bd,Mercuria Energy Group Limited,Cyprus,https://s3.us-east-2.amazonaws.com/rp-20-sources/mandatory-disclosure-report13580325e133b3e0685ffea9695d22bd,.pdf,01-01-2016,12-31-2016
8344b6a72ef2714352462c308d985c33,Midas Gold Corporation,Canada,https://s3.us-east-2.amazonaws.com/rp-20-sources/mandatory-disclosure-report-8344b6a72ef2714352462c308d985c33,.pdf,01-01-2018,12-31-2018,03-29-2019
47697bb08a880934c3a0d68726201bd4,Nickel Creek Platinum Corporation,Canada,https://s3.us-east-2.amazonaws.com/rp-20-sources/mandatory-disclosure-report-47697bb08a880934c3a0d68726201bd4,.pdf,01-01-2018,12-31-2018,05-02-2019
e8ef98155aa8b6a4dab40423832189fc-024e47f062a5df34b73f5546fd2dd963-0ef7111d4937379a5bd44f3d37d9ce97-a4494144661589ed46c9ef4a86581a2b,Ophir Energy plc,United Kingdom of Great Britain and Northern Ireland,https://s3.us-east-2.amazonaws.com/rp-20-sources/mandatory-disclosure-report-e8ef98155aa8b6a4dab40423832189fc-024e47f062a5df34b73f5546fd2dd963-0ef7111d4937379a5bd44f3d37d9ce97-a4494144661589ed46c9ef4a86581a2b,.zip,01-01-2017,12-31-2017,12-03-2018
aa2813ac050c8d6f801a18795894ce4a,Pan American Silver Corporation,Canada,https://s3.us-east-2.amazonaws.com/rp-20-sources/mandatory-disclosure-report-aa2813ac050c8d6f801a18795894ce4a,.pdf,01-01-2018,12-31-2018,05-22-2019
778da65e53004093502639fabf68a4fa,Pan Global Resources Incorporated,Canada,https://s3.us-east-2.amazonaws.com/rp-20-sources/mandatory-disclosure-report-778da65e53004093502639fabf68a4fa,.pdf,02-01-2017,01-31-2018,06-27-2018
860cf1ed67003919d5405ec2a54a8e19,Pengrowth Energy Corporation,Canada,https://s3.us-east-2.amazonaws.com/rp-20-sources/mandatory-disclosure-report-860cf1ed67003919d5405ec2a54a8e19,.pdf,01-01-2018,12-31-2018,05-29-2019
fbf9d5cd3357e0567059cbf18d52ea78,Petrofac Limited,United Kingdom of Great Britain and Northern Ireland,https://s3.us-east-2.amazonaws.com/rp-20-sources/mandatory-disclosure-report-fbf9d5cd3357e0567059cbf18d52ea78,.html,01-01-2017,12-31-2017,06-29-2018
fa9a88dad5bdff85004184743dc25bf9,Municipal Enterprises Limited,Canada,https://s3.us-east-2.amazonaws.com/rp-20-sources/mandatory-disclosure-report-fa9a88dad5bdff85004184743dc25bf9,.pdf,02-01-2018,01-31-2019,06-28-2019
2379fe826a6ac4ce2abdb8f29f29f63c-c7ad0c321e5ae0b5f2004c4bb5bae1eb-81b692944b5e27782370d3f960c0b9da-d14a71f394bb1ef5af29cc4b1a3dd082,Mondi plc,United Kingdom of Great Britain and Northern Ireland,https://s3.us-east-2.amazonaws.com/rp-20-sources/mandatory-disclosure-report2379fe826a6ac4ce2abdb8f29f29f63c-c7ad0c321e5ae0b5f2004c4bb5bae1eb-81b692944b5e27782370d3f960c0b9da-d14a71f394bb1ef5af29cc4b1a3dd082,.zip,01-01-2016,12-31-2016,06-13-2017
7a979a1998e603b601e935800c1764be,Mountain Province Diamonds Incorporated,Canada,https://s3.us-east-2.amazonaws.com/rp-20-sources/mandatory-disclosure-report-7a979a1998e603b601e935800c1764be,.pdf,01-01-2018,12-31-2018,05-24-2019
a9c07197343a70101cd052d8456c77b3,Orca Gold Incorporated,Canada,https://s3.us-east-2.amazonaws.com/rp-20-sources/mandatory-disclosure-reporta9c07197343a70101cd052d8456c77b3,.pdf,01-01-2016,12-31-2016,05-26-2017
df9242e50f12c14705e18d7f1ced81a3,Orla Mining Limited,Canada,https://s3.us-east-2.amazonaws.com/rp-20-sources/mandatory-disclosure-reportdf9242e50f12c14705e18d7f1ced81a3,.pdf,01-01-2016,12-31-2016,05-31-2017
e3669d00793f172031f6ae6f62d064e9,Osisko Gold Royalties Limited,Canada,https://s3.us-east-2.amazonaws.com/rp-20-sources/mandatory-disclosure-report-e3669d00793f172031f6ae6f62d064e9,.pdf,01-01-2018,12-31-2018,05-29-2019
8c00f01cf04447ccfe8fc29072905752,Peyto Exploration and Development Corporation,Canada,https://s3.us-east-2.amazonaws.com/rp-20-sources/mandatory-disclosure-report8c00f01cf04447ccfe8fc29072905752,.pdf,01-01-2017,12-31-2017,05-17-2018
1c3cf42213a0a15194fa01f878688836,Prairie Mining Limited,United Kingdom of Great Britain and Northern Ireland,https://s3.us-east-2.amazonaws.com/rp-20-sources/mandatory-disclosure-report1c3cf42213a0a15194fa01f878688836,.pdf,07-01-2016,06-30-2017,12-27-2017
defd4c4d1f9b1a76f2a54cffc84edf91,Prairie Provident Resources Incorporated,Canada,https://s3.us-east-2.amazonaws.com/rp-20-sources/mandatory-disclosure-report-defd4c4d1f9b1a76f2a54cffc84edf91,.pdf,01-01-2018,12-31-2018,05-30-2019
5413f9aae003189b8128a36a09aa448f,Premier Oil PLC,United Kingdom of Great Britain and Northern Ireland,https://s3.us-east-2.amazonaws.com/rp-20-sources/mandatory-disclosure-report-5413f9aae003189b8128a36a09aa448f,.pdf,01-01-2017,12-31-2017
687c588a26d9eb2b2646a03a7ec862e3,Monument Mining Limited,Canada,https://s3.us-east-2.amazonaws.com/rp-20-sources/mandatory-disclosure-report687c588a26d9eb2b2646a03a7ec862e3,.pdf,07-01-2015,06-30-2016,11-30-2016
371fa0d67f74e312b6b50738a3e81285,New Gold Incorporated,Canada,https://s3.us-east-2.amazonaws.com/rp-20-sources/mandatory-disclosure-report-371fa0d67f74e312b6b50738a3e81285,.xlsx,01-01-2017,12-31-2017
cf1a0483081a45f3bc5cfe36bd7485bc,Nexa Resources S.A.,Canada,https://s3.us-east-2.amazonaws.com/rp-20-sources/mandatory-disclosure-report-cf1a0483081a45f3bc5cfe36bd7485bc,.pdf,01-01-2018,12-31-2018,05-28-2019
06165f0da395369a92c82079a13032ab,Novolipetsk Steel,United Kingdom of Great Britain and Northern Ireland,https://s3.us-east-2.amazonaws.com/rp-20-sources/mandatory-disclosure-report06165f0da395369a92c82079a13032ab,.pdf,01-01-2015,12-31-2015,06-30-2016
3482e37bbb3653cbab0cce127df137b3,Panoro Minerals Limited,Canada,https://s3.us-east-2.amazonaws.com/rp-20-sources/mandatory-disclosure-report3482e37bbb3653cbab0cce127df137b3,.pdf,01-01-2017,12-31-2017,05-08-2018
305a1448996dae61d002440c20c9b2a6,Partex Holding B.V.,Portugal,https://s3.us-east-2.amazonaws.com/rp-20-sources/mandatory-disclosure-report305a1448996dae61d002440c20c9b2a6,.pdf,01-01-2016,12-31-2016,04-19-2017
45a6eae7e3854663ea4454f2d178f5e5,Perseus Mining Limited,Canada,https://s3.us-east-2.amazonaws.com/rp-20-sources/mandatory-disclosure-report-45a6eae7e3854663ea4454f2d178f5e5,.pdf,07-01-2018,06-30-2019,11-26-2019
c098db8f3803e151ad5ce0d59405daa7,PKN ORLEN S.A.,Poland,https://s3.us-east-2.amazonaws.com/rp-20-sources/mandatory-disclosure-report-c098db8f3803e151ad5ce0d59405daa7,.pdf,01-01-2019,12-31-2019,03-18-2020
b9c50896dde515af0b55310501841df0,Primavera Resources Corp.,Canada,https://s3.us-east-2.amazonaws.com/rp-20-sources/mandatory-disclosure-report-b9c50896dde515af0b55310501841df0,.pdf,01-01-2018,12-31-2018,05-29-2019
bb4f595184881a7909aa52cc03f6c055,Modern Resources Incorporated,Canada,https://s3.us-east-2.amazonaws.com/rp-20-sources/mandatory-disclosure-reportbb4f595184881a7909aa52cc03f6c055,.pdf,01-01-2016,12-31-2016,05-29-2017
8b978d7284505807f809b72e82a24f85,Mosaic Feed Ingredients Limited,Canada,https://s3.us-east-2.amazonaws.com/rp-20-sources/mandatory-disclosure-report-8b978d7284505807f809b72e82a24f85,.xlsx,01-01-2018,12-31-2018,05-30-2019
5dcc32992f1b5e6c87ce4f30c358ac13,Mount Bastion Oil and Gas Corporation,Canada,https://s3.us-east-2.amazonaws.com/rp-20-sources/mandatory-disclosure-report5dcc32992f1b5e6c87ce4f30c358ac13,.pdf,01-01-2016,12-31-2016,05-29-2017
394368d68e5d5c5a1c9f58785c2dac29,Nevada Copper Corporation,Canada,https://s3.us-east-2.amazonaws.com/rp-20-sources/mandatory-disclosure-report-394368d68e5d5c5a1c9f58785c2dac29,.pdf,01-01-2017,12-31-2017,08-30-2018
e747275982c6fd764a851abdf1eb7750,Nevsun Resources Limited,Canada,https://s3.us-east-2.amazonaws.com/rp-20-sources/mandatory-disclosure-report-e747275982c6fd764a851abdf1eb7750,.pdf,01-01-2017,12-31-2017,05-16-2019
867a2b9579e3b312d1f15eb081c239b5,New Gold Incorporated,Canada,https://s3.us-east-2.amazonaws.com/rp-20-sources/mandatory-disclosure-report867a2b9579e3b312d1f15eb081c239b5,.xlsx,01-01-2016,12-31-2016,05-26-2017
e6affac429b4b75033786c283b6a56b4,Niko Resources Limited,Canada,https://s3.us-east-2.amazonaws.com/rp-20-sources/mandatory-disclosure-report-e6affac429b4b75033786c283b6a56b4,.pdf,04-01-2017,03-31-2018,08-20-2018
b8c728d862c4de87d02a6073faa25774,Nord Gold SE,Canada,https://s3.us-east-2.amazonaws.com/rp-20-sources/mandatory-disclosure-report-b8c728d862c4de87d02a6073faa25774,.pdf,01-01-2017,12-31-2017,06-29-2018
efa5833bad8d28cf56cdde84e969c436,Novus Energy Incorporated,Canada,https://s3.us-east-2.amazonaws.com/rp-20-sources/mandatory-disclosure-reportefa5833bad8d28cf56cdde84e969c436,.pdf,01-01-2016,12-31-2016,05-26-2017
47800dbd175565c732153f947288bd8d,Orsted A/S,Denmark,https://s3.us-east-2.amazonaws.com/rp-20-sources/mandatory-disclosure-report47800dbd175565c732153f947288bd8d,.pdf,01-01-2016,12-31-2016
0893f8b68a2d2c1ae75a0eb58914a238,Osum Oil Sands Corporation,Canada,https://s3.us-east-2.amazonaws.com/rp-20-sources/mandatory-disclosure-report-0893f8b68a2d2c1ae75a0eb58914a238,.xlsx,01-01-2016,12-31-2016,05-24-2017
7dff751178e7746fa9412a19a8e5de92,Outokumpu Oyj,Finland,https://s3.us-east-2.amazonaws.com/rp-20-sources/mandatory-disclosure-report-7dff751178e7746fa9412a19a8e5de92,.pdf,01-01-2016,12-31-2016,08-21-2017
359eabb2e02d862164f653cbc499c869,Panoro Minerals Limited,Canada,https://s3.us-east-2.amazonaws.com/rp-20-sources/mandatory-disclosure-report-359eabb2e02d862164f653cbc499c869,.pdf,01-01-2018,12-31-2018,08-22-2019
a513c26900cb22cf06062129577664fb-2829ad49209807b772155d9bfee6fe05-50b27dcb0d691810d9e33bfbadc455c5-6a81ba952b2a89b9471788080266a040,Perenco (Oil & Gas) International Limited,United Kingdom of Great Britain and Northern Ireland,https://s3.us-east-2.amazonaws.com/rp-20-sources/mandatory-disclosure-report-a513c26900cb22cf06062129577664fb-2829ad49209807b772155d9bfee6fe05-50b27dcb0d691810d9e33bfbadc455c5-6a81ba952b2a89b9471788080266a040,.zip,01-01-2017,12-31-2017,04-09-2019
958c70ae1c8fa3802ab4c5538369efb1,Perpetual Energy Incorporated,Canada,https://s3.us-east-2.amazonaws.com/rp-20-sources/mandatory-disclosure-report958c70ae1c8fa3802ab4c5538369efb1,.pdf,01-01-2016,12-31-2016,06-11-2018
cc86ee9e5d083a12dd74885b9eab1541,Perpetual Energy Incorporated,Canada,https://s3.us-east-2.amazonaws.com/rp-20-sources/mandatory-disclosure-report-cc86ee9e5d083a12dd74885b9eab1541,.pdf,01-01-2017,12-31-2017,06-07-2019
b4b385c99bdc69f018450ff6d449fbeb,Perpetual Operating Trust,Canada,https://s3.us-east-2.amazonaws.com/rp-20-sources/mandatory-disclosure-reportb4b385c99bdc69f018450ff6d449fbeb,.pdf,01-01-2016,12-31-2016,06-11-2018
bfebfa9a73088c16f79233218886c950,Tatneft,United Kingdom of Great Britain and Northern Ireland,https://s3.us-east-2.amazonaws.com/rp-20-sources/mandatory-disclosure-report-bfebfa9a73088c16f79233218886c950,.pdf,01-01-2018,12-31-2018
388de05ee17b847bda665080a1920e60,Marquee Energy Limited,Canada,https://s3.us-east-2.amazonaws.com/rp-20-sources/mandatory-disclosure-report388de05ee17b847bda665080a1920e60,.pdf,01-01-2017,12-31-2017,06-13-2018
3dd977384b28bd3c4b919d67c7c1387f,Midland Exploration Incorporated,Canada,https://s3.us-east-2.amazonaws.com/rp-20-sources/mandatory-disclosure-report3dd977384b28bd3c4b919d67c7c1387f,.pdf,10-01-2016,09-30-2017,02-26-2018
11a506bcbb9dcbf38aa0a0fadf5f846c,Mkango Resources Limited,Canada,https://s3.us-east-2.amazonaws.com/rp-20-sources/mandatory-disclosure-report11a506bcbb9dcbf38aa0a0fadf5f846c,.pdf,01-01-2016,12-31-2016,05-30-2017
2d167398b6bd24198ef05513424172a7,Mkango Resources Limited,Canada,https://s3.us-east-2.amazonaws.com/rp-20-sources/mandatory-disclosure-report-2d167398b6bd24198ef05513424172a7,.pdf,01-01-2017,12-31-2017,07-04-2018
74aaf4a6b67cf2f32ca7eac5d1acc652,North American Palladium Limited,Canada,https://s3.us-east-2.amazonaws.com/rp-20-sources/mandatory-disclosure-report-74aaf4a6b67cf2f32ca7eac5d1acc652,.pdf,01-01-2016,12-31-2016,05-30-2018
da25be507c32e220500a19296ea4a3bf,Orca Exploration Group Incorporated,Canada,https://s3.us-east-2.amazonaws.com/rp-20-sources/mandatory-disclosure-report-da25be507c32e220500a19296ea4a3bf,.pdf,01-01-2016,12-31-2016,05-23-2017
4d2ad13fcb6d3d49aea5783138bc38c4,Orca Exploration Group Incorporated,Canada,https://s3.us-east-2.amazonaws.com/rp-20-sources/mandatory-disclosure-report-4d2ad13fcb6d3d49aea5783138bc38c4,.pdf,01-01-2017,12-31-2017,04-20-2018
c2406e9cd429a4514f769a55aa1f27fd,Paladin Energy Limited,Canada,https://s3.us-east-2.amazonaws.com/rp-20-sources/mandatory-disclosure-reportc2406e9cd429a4514f769a55aa1f27fd,.pdf,07-01-2015,06-30-2016,11-18-2016
8013f9e00976aa564f587e3942b5f179,PAO Novatek,United Kingdom of Great Britain and Northern Ireland,https://s3.us-east-2.amazonaws.com/rp-20-sources/mandatory-disclosure-report8013f9e00976aa564f587e3942b5f179,.pdf,01-01-2017,12-31-2017,06-28-2018
35dbd97b333eec162a57371267bfe915,Pengrowth Energy Corporation,Canada,https://s3.us-east-2.amazonaws.com/rp-20-sources/mandatory-disclosure-report35dbd97b333eec162a57371267bfe915,.pdf,01-01-2016,12-31-2016,06-04-2018
61bca2cd48e2da92f4a83fcb116e9287,Gazprom,United Kingdom of Great Britain and Northern Ireland,https://s3.us-east-2.amazonaws.com/rp-20-sources/mandatory-disclosure-report-61bca2cd48e2da92f4a83fcb116e9287,.pdf,01-01-2017,12-31-2017,07-01-2018
520373a9b67f5ce4e2f97b463f67d8c1,Tatneft,United Kingdom of Great Britain and Northern Ireland,https://s3.us-east-2.amazonaws.com/rp-20-sources/mandatory-disclosure-report520373a9b67f5ce4e2f97b463f67d8c1,.pdf,01-01-2016,12-31-2016
fcac57c0714cbfdb0b98a686f090c9d4,McEwen Mining Incorporated,Canada,https://s3.us-east-2.amazonaws.com/rp-20-sources/mandatory-disclosure-reportfcac57c0714cbfdb0b98a686f090c9d4,.pdf,01-01-2016,12-31-2016,05-30-2017
8fedc75c4c4a2f8f2730846a8a67faa5,MEG Energy Corporation,Canada,https://s3.us-east-2.amazonaws.com/rp-20-sources/mandatory-disclosure-report8fedc75c4c4a2f8f2730846a8a67faa5,.pdf,01-01-2017,12-31-2017,05-30-2018
d5302eff2138abb3b30d42f64e76d08e,MOL Group,Hungary,https://s3.us-east-2.amazonaws.com/rp-20-sources/mandatory-disclosure-report-d5302eff2138abb3b30d42f64e76d08e,.pdf,01-01-2016,12-31-2016
f0373f9763fff3bfb1c850766a9a28a8,Nederlandse Aardolie Maatschappij B.V.,Netherlands,https://s3.us-east-2.amazonaws.com/rp-20-sources/mandatory-disclosure-reportf0373f9763fff3bfb1c850766a9a28a8,.pdf,01-01-2016,12-31-2016
dd1ab45d8ef6e383a1dba7683788f880,North American Lithium Incorporated,Canada,https://s3.us-east-2.amazonaws.com/rp-20-sources/mandatory-disclosure-report-dd1ab45d8ef6e383a1dba7683788f880,.html,01-01-2018,12-31-2018,10-25-2019
354cc6791e083638df04a51f4d5c4181-2f7eeabffe2de6664773af1ac5fb58f3-aa1d607700d96d2590a0927418c3b593-91d3b7f859ef12f184e4c1cd734fc723,Ophir Energy plc,United Kingdom of Great Britain and Northern Ireland,https://s3.us-east-2.amazonaws.com/rp-20-sources/mandatory-disclosure-report354cc6791e083638df04a51f4d5c4181-2f7eeabffe2de6664773af1ac5fb58f3-aa1d607700d96d2590a0927418c3b593-91d3b7f859ef12f184e4c1cd734fc723,.zip,01-01-2015,12-31-2015,06-01-2017
49b8087c280b6773d5c2b78206ae681e,Orano Canada Incorporated,Canada,https://s3.us-east-2.amazonaws.com/rp-20-sources/mandatory-disclosure-report-49b8087c280b6773d5c2b78206ae681e,.pdf,01-01-2018,12-31-2018,05-13-2019
d0c2631b3593d6d3017b1f114e29d466,Oryx Petroleum Corporation Limited,Canada,https://s3.us-east-2.amazonaws.com/rp-20-sources/mandatory-disclosure-report-d0c2631b3593d6d3017b1f114e29d466,.pdf,01-01-2018,12-31-2018,06-11-2019
b89ce896872c33b07f10556e864df446,Petroswede Europe AB,Sweden,https://s3.us-east-2.amazonaws.com/rp-20-sources/mandatory-disclosure-report-b89ce896872c33b07f10556e864df446,.pdf,01-01-2016,12-31-2016,09-06-2017
4e833eaf1fd115c7a5e8ce94f13dd300,Petrus Resources Limited,Canada,https://s3.us-east-2.amazonaws.com/rp-20-sources/mandatory-disclosure-report4e833eaf1fd115c7a5e8ce94f13dd300,.pdf,01-01-2016,12-31-2016,04-25-2017
d85bc6e6f7d943c4df1511b958254b0a,Miranda Gold Corporation,Canada,https://s3.us-east-2.amazonaws.com/rp-20-sources/mandatory-disclosure-report-d85bc6e6f7d943c4df1511b958254b0a,.pdf,09-01-2017,08-31-2018,03-03-2020
3dbecea247ad885e0cd750bf24ced666,New Tech Minerals Corp.,Canada,https://s3.us-east-2.amazonaws.com/rp-20-sources/mandatory-disclosure-report-3dbecea247ad885e0cd750bf24ced666,.pdf,08-01-2018,07-31-2019,12-17-2019
348029a945f855e708a035a034191f4d,NuVista Energy Limited,Canada,https://s3.us-east-2.amazonaws.com/rp-20-sources/mandatory-disclosure-report348029a945f855e708a035a034191f4d,.pdf,01-01-2016,12-31-2016,05-10-2017
bf8128c4f03de127043e41a12f870da4,Osisko Metals Incorporated,Canada,https://s3.us-east-2.amazonaws.com/rp-20-sources/mandatory-disclosure-report-bf8128c4f03de127043e41a12f870da4,.pdf,01-01-2017,12-31-2017,06-18-2018
99635cf08fe58528c02a3c7cf47c4af5,Osisko Mining Incorporated,Canada,https://s3.us-east-2.amazonaws.com/rp-20-sources/mandatory-disclosure-report-99635cf08fe58528c02a3c7cf47c4af5,.pdf,01-01-2016,12-31-2016,05-11-2017
87a3b09e9b73260405dc33c944432f6f-af695b9890b17df934daca1fd07cba7e-389ce5080247a881c31e7369d79a369d-68f0dfb18af4d45bb52169ec2f24d88d,Perenco Oil and Gas Colombia Limited,United Kingdom of Great Britain and Northern Ireland,https://s3.us-east-2.amazonaws.com/rp-20-sources/mandatory-disclosure-report-87a3b09e9b73260405dc33c944432f6f-af695b9890b17df934daca1fd07cba7e-389ce5080247a881c31e7369d79a369d-68f0dfb18af4d45bb52169ec2f24d88d,.zip,01-01-2017,12-31-2017,04-11-2019
aa063395c669584599997b40e755364b,Perpetual Operating Trust,Canada,https://s3.us-east-2.amazonaws.com/rp-20-sources/mandatory-disclosure-reportaa063395c669584599997b40e755364b,.pdf,01-01-2017,12-31-2017,05-31-2018
a0315b1402464912c18a37a19d7965a0,PetroChina Canada,Canada,https://s3.us-east-2.amazonaws.com/rp-20-sources/mandatory-disclosure-report-a0315b1402464912c18a37a19d7965a0,.pdf,01-01-2018,12-31-2018,05-28-2019
7cbbe75d40b83648097c580e604efecd,PrairieSky Royalty Limited,Canada,https://s3.us-east-2.amazonaws.com/rp-20-sources/mandatory-disclosure-report7cbbe75d40b83648097c580e604efecd,.pdf,01-01-2016,12-31-2016,05-17-2017
1db62e134fee7052a9f694be69a5a55e,Pretium Resources Incorporated,Canada,https://s3.us-east-2.amazonaws.com/rp-20-sources/mandatory-disclosure-report1db62e134fee7052a9f694be69a5a55e,.pdf,01-01-2017,12-31-2017,05-28-2018
03805c7347e425cea8bb016243247c1f,McEwen Mining Incorporated,Canada,https://s3.us-east-2.amazonaws.com/rp-20-sources/mandatory-disclosure-report-03805c7347e425cea8bb016243247c1f,.pdf,01-01-2018,12-31-2018,05-29-2019
151a9a57465d346860046da2b89abf8f,Monument Mining Limited,Canada,https://s3.us-east-2.amazonaws.com/rp-20-sources/mandatory-disclosure-report-151a9a57465d346860046da2b89abf8f,.pdf,07-01-2017,06-30-2018,11-30-2018
c091050bfc54994c40c11bb95a21e9f5,Mount Bastion Oil and Gas Corporation,Canada,https://s3.us-east-2.amazonaws.com/rp-20-sources/mandatory-disclosure-reportc091050bfc54994c40c11bb95a21e9f5,.pdf,01-01-2017,12-31-2017,05-29-2018
208d9fefcf49b107b8bdc8e826ff0f44-34c4ddebc09dfe59156fab5da11040b2-97f6b8afad70a379a4c0cf6ec15450ba-f4e7d4ea5f44843491334e99453b3f1d,Nord Gold SE,United Kingdom of Great Britain and Northern Ireland,https://s3.us-east-2.amazonaws.com/rp-20-sources/mandatory-disclosure-report208d9fefcf49b107b8bdc8e826ff0f44-34c4ddebc09dfe59156fab5da11040b2-97f6b8afad70a379a4c0cf6ec15450ba-f4e7d4ea5f44843491334e99453b3f1d,.zip,01-01-2015,12-31-2015,11-16-2016
3e31aaffddf4ef266840ca51fce5933b,NovaGold Resources Incorporated,Canada,https://s3.us-east-2.amazonaws.com/rp-20-sources/mandatory-disclosure-report-3e31aaffddf4ef266840ca51fce5933b,.pdf,12-01-2017,11-30-2018,03-20-2019
e35287a24b5792db4ec52f23c4acbd59,Orocobre Limited,Canada,https://s3.us-east-2.amazonaws.com/rp-20-sources/mandatory-disclosure-reporte35287a24b5792db4ec52f23c4acbd59,.pdf,07-01-2016,06-30-2017,12-04-2017
7c6af4c557e65a44949ed5a3be0d9abd,Outlier Resources Ltd.,Canada,https://s3.us-east-2.amazonaws.com/rp-20-sources/mandatory-disclosure-report-7c6af4c557e65a44949ed5a3be0d9abd,.pdf,01-01-2018,12-31-2018,05-14-2019
424d1640f06fdbbc5b05927182bf7045,PJSC Lukoil Oil Company,United Kingdom of Great Britain and Northern Ireland,https://s3.us-east-2.amazonaws.com/rp-20-sources/mandatory-disclosure-report-424d1640f06fdbbc5b05927182bf7045,.html,01-01-2018,12-31-2018
0b06d3907cf32e0ea1e7d8ae0fc40889,Point Loma Resources Limited,Canada,https://s3.us-east-2.amazonaws.com/rp-20-sources/mandatory-disclosure-report0b06d3907cf32e0ea1e7d8ae0fc40889,.pdf,01-01-2017,12-31-2017,05-09-2018
46dc01c38fc6abd01b80f490e67e87b0,PORR Deutschland GmbH,Germany,https://s3.us-east-2.amazonaws.com/rp-20-sources/mandatory-disclosure-report-46dc01c38fc6abd01b80f490e67e87b0,.html,01-01-2018,12-31-2018,12-19-2019
78c217bd3ce9ebe19d25c1c6bd3e67fe,Potash Corporation of Saskatchewan Incorporated,Canada,https://s3.us-east-2.amazonaws.com/rp-20-sources/mandatory-disclosure-report78c217bd3ce9ebe19d25c1c6bd3e67fe,.pdf,01-01-2016,12-31-2016,05-30-2017
de8dbd2ce7de7ffa3aa2d4e5347f279d,Progress Sasol Montney Partnership,Canada,https://s3.us-east-2.amazonaws.com/rp-20-sources/mandatory-disclosure-report-de8dbd2ce7de7ffa3aa2d4e5347f279d,.pdf,07-01-2017,06-30-2018,11-13-2018
369ea9622abe4669bb20057b13779e40,Pure Gold Mining Incorporated,Canada,https://s3.us-east-2.amazonaws.com/rp-20-sources/mandatory-disclosure-report-369ea9622abe4669bb20057b13779e40,.pdf,04-01-2017,03-31-2018,06-19-2018
533b9ead1cc63e9fc60feec94fe0c6eb,McEwen Mining Incorporated,Canada,https://s3.us-east-2.amazonaws.com/rp-20-sources/mandatory-disclosure-report-533b9ead1cc63e9fc60feec94fe0c6eb,.pdf,01-01-2017,12-31-2017,05-30-2018
647b9bd1f672f3e6304338b17e0210c3,Mega Uranium Limited,Canada,https://s3.us-east-2.amazonaws.com/rp-20-sources/mandatory-disclosure-report647b9bd1f672f3e6304338b17e0210c3,.pdf,10-01-2015,09-30-2016,02-16-2017
c1e9b942b6ed874b46361389f0d562de,Midland Exploration Incorporated,Canada,https://s3.us-east-2.amazonaws.com/rp-20-sources/mandatory-disclosure-report-c1e9b942b6ed874b46361389f0d562de,.pdf,10-01-2015,09-30-2016,02-26-2018
ae4b2d9ba09b8248754b45e11f2ce3e6,Minera IRL Limited,Canada,https://s3.us-east-2.amazonaws.com/rp-20-sources/mandatory-disclosure-reportae4b2d9ba09b8248754b45e11f2ce3e6,.pdf,01-01-2017,12-31-2017,05-24-2018
d7ff1556d4a8b652200d0d5479581bf9-e5ac4cc437c5094ead3f1b198a7247c3-9c08ca304f72994b4edbdb5c6f0aca51-7b03f9c2c704ead09f1b3e0e8c435aa5,Mitsui Exploration & Production United Kingdom Limited,United Kingdom of Great Britain and Northern Ireland,https://s3.us-east-2.amazonaws.com/rp-20-sources/mandatory-disclosure-reportd7ff1556d4a8b652200d0d5479581bf9-e5ac4cc437c5094ead3f1b198a7247c3-9c08ca304f72994b4edbdb5c6f0aca51-7b03f9c2c704ead09f1b3e0e8c435aa5,.zip,01-01-2015,12-31-2015,03-21-2017
614c45cea77687dd7662307636b6c195,Mosaic I (Canada) Holdings ULC,Canada,https://s3.us-east-2.amazonaws.com/rp-20-sources/mandatory-disclosure-report-614c45cea77687dd7662307636b6c195,.xlsx,01-01-2017,12-31-2017
4ad8ef3a5d56b9a236bb5606e7447425,Niko Resources Limited,Canada,https://s3.us-east-2.amazonaws.com/rp-20-sources/mandatory-disclosure-report4ad8ef3a5d56b9a236bb5606e7447425,.pdf,04-01-2016,03-31-2017,08-22-2017
1b40e2d146789509acabd41fe9274078,Norsk Hydro ASA,Norway,https://s3.us-east-2.amazonaws.com/rp-20-sources/mandatory-disclosure-report1b40e2d146789509acabd41fe9274078,.pdf,01-01-2017,12-31-2017,03-23-2018
ea2af217745ee55f25bb116cddec33cd,Northern Empire Resources Corporation,Canada,https://s3.us-east-2.amazonaws.com/rp-20-sources/mandatory-disclosure-report-ea2af217745ee55f25bb116cddec33cd,.pdf,01-01-2017,03-31-2018,10-04-2018
49eef91073e8e9614aa91ea054e9a07b,Orosur Mining Incorporated,Canada,https://s3.us-east-2.amazonaws.com/rp-20-sources/mandatory-disclosure-report49eef91073e8e9614aa91ea054e9a07b,.pdf,06-01-2016,05-31-2017,10-23-2017
c2fb2ab1d6dc165f228f3f66a47a1e2f,Oryx Petroleum Corporation Limited,Canada,https://s3.us-east-2.amazonaws.com/rp-20-sources/mandatory-disclosure-reportc2fb2ab1d6dc165f228f3f66a47a1e2f,.pdf,01-01-2016,12-31-2016,05-29-2017
f55003c775117f1c7ce44de0262b1091-8b0e1ec2c1159d6200cfa231df207833-dd6d553a23df220a43e78d88e720b849-213050a37e784108c4d88e7019281473,Perenco Oil and Gas Colombia Limited,United Kingdom of Great Britain and Northern Ireland,https://s3.us-east-2.amazonaws.com/rp-20-sources/mandatory-disclosure-reportf55003c775117f1c7ce44de0262b1091-8b0e1ec2c1159d6200cfa231df207833-dd6d553a23df220a43e78d88e720b849-213050a37e784108c4d88e7019281473,.zip,01-01-2015,12-31-2015,10-17-2016
79a6a764217c3d5666a6f6fd4439b4fe-203c0f9105c9532b48eca8299db903e6-67acd44da2b08fd2e181df7f8d64f9fb-4cbe474666720ea340f0f7aae9758f32,Perenco UK Limited,United Kingdom of Great Britain and Northern Ireland,https://s3.us-east-2.amazonaws.com/rp-20-sources/mandatory-disclosure-report-79a6a764217c3d5666a6f6fd4439b4fe-203c0f9105c9532b48eca8299db903e6-67acd44da2b08fd2e181df7f8d64f9fb-4cbe474666720ea340f0f7aae9758f32,.zip,01-01-2018,12-31-2018,09-03-2019
80b3423b76e44353d694106d571f2184,Pine Cliff Energy Limited,Canada,https://s3.us-east-2.amazonaws.com/rp-20-sources/mandatory-disclosure-report80b3423b76e44353d694106d571f2184,.pdf,01-01-2016,12-31-2016,05-29-2017
cdd795a904b5c981039fe2f248cda134,Point Loma Resources Limited,Canada,https://s3.us-east-2.amazonaws.com/rp-20-sources/mandatory-disclosure-reportcdd795a904b5c981039fe2f248cda134,.pdf,01-01-2016,12-31-2016,04-17-2017
01c96d64a2740f324d66202ca06d885a,PolyMet Mining Corporation,Canada,https://s3.us-east-2.amazonaws.com/rp-20-sources/mandatory-disclosure-report01c96d64a2740f324d66202ca06d885a,.pdf,02-01-2017,12-31-2017,05-16-2018
03e0639f57e17090dc47da7f1fc87ad6,PhosAgro,United Kingdom of Great Britain and Northern Ireland,https://s3.us-east-2.amazonaws.com/rp-20-sources/mandatory-disclosure-report-03e0639f57e17090dc47da7f1fc87ad6,.pdf,01-01-2017,12-31-2017,07-01-2018
5f87de755d641bce0d5f58ab2a0908fa,Nep Canada Unlimited Liability Corporation,Canada,https://s3.us-east-2.amazonaws.com/rp-20-sources/mandatory-disclosure-report-5f87de755d641bce0d5f58ab2a0908fa,.pdf,01-01-2016,12-31-2016,05-29-2017
150cd0db31e8fbb22ff13fa3186e30be,New Dimension Resources Limited,Canada,https://s3.us-east-2.amazonaws.com/rp-20-sources/mandatory-disclosure-report-150cd0db31e8fbb22ff13fa3186e30be,.pdf,06-01-2018,05-31-2019,11-07-2019
ce752faec62ced627e6ac1c5e9256037,NextSource Materials Incorporated,Canada,https://s3.us-east-2.amazonaws.com/rp-20-sources/mandatory-disclosure-report-ce752faec62ced627e6ac1c5e9256037,.pdf,07-01-2017,06-30-2018,01-10-2019
a6607cb9c1751daa4f6e237e658c046c,OMV Petrom S.A.,Romania,https://s3.us-east-2.amazonaws.com/rp-20-sources/mandatory-disclosure-report-a6607cb9c1751daa4f6e237e658c046c,.pdf,01-01-2018,12-31-2018
b76bd0c9d37968405e227c68209867d4,OMYA GmbH,Germany,https://s3.us-east-2.amazonaws.com/rp-20-sources/mandatory-disclosure-report-b76bd0c9d37968405e227c68209867d4,.html,01-01-2018,12-31-2018,05-11-2019
898ce26d8157ac8b29f95e68325939dd,Orla Mining Limited,Canada,https://s3.us-east-2.amazonaws.com/rp-20-sources/mandatory-disclosure-report898ce26d8157ac8b29f95e68325939dd,.pdf,01-01-2017,12-31-2017,05-31-2018
1720644b7dff03ffdfae991b4d2c2b41,ORLEN Upstream Canada Limited,Canada,https://s3.us-east-2.amazonaws.com/rp-20-sources/mandatory-disclosure-report1720644b7dff03ffdfae991b4d2c2b41,.pdf,01-01-2017,12-31-2017,05-30-2018
2f80df910d46bd55db75b655d931077a,Orvana Minerals Corporation,Canada,https://s3.us-east-2.amazonaws.com/rp-20-sources/mandatory-disclosure-report-2f80df910d46bd55db75b655d931077a,.pdf,10-01-2018,09-30-2019,02-05-2020
495923a11446582460294cd6d5acb385,Parex Resources Incorporated,Canada,https://s3.us-east-2.amazonaws.com/rp-20-sources/mandatory-disclosure-report495923a11446582460294cd6d5acb385,.pdf,01-01-2017,12-31-2017,05-29-2018
3b2ae56f9e7834bf4c47f9f9fdf78dea-7b83c32c934143d2dc637c4b60ec3b67-bd43e66098a539b8d7cb0721c5a4a840-9462b685b618d53f12dea242a585f3a3,Perenco (Oil & Gas) International Limited,United Kingdom of Great Britain and Northern Ireland,https://s3.us-east-2.amazonaws.com/rp-20-sources/mandatory-disclosure-report-3b2ae56f9e7834bf4c47f9f9fdf78dea-7b83c32c934143d2dc637c4b60ec3b67-bd43e66098a539b8d7cb0721c5a4a840-9462b685b618d53f12dea242a585f3a3,.zip,01-01-2018,12-31-2018,09-03-2019
ba7f64c30319eb8a36b58c57ce40338b,Progress Sasol Montney Partnership,Canada,https://s3.us-east-2.amazonaws.com/rp-20-sources/mandatory-disclosure-report-ba7f64c30319eb8a36b58c57ce40338b,.pdf,07-01-2018,06-30-2019,11-25-2019
cd46b2e7f9f3541a96ac7044b0ef9e07,Petrocapita Income Trust,Canada,https://s3.us-east-2.amazonaws.com/rp-20-sources/mandatory-disclosure-reportcd46b2e7f9f3541a96ac7044b0ef9e07,.pdf,01-01-2016,12-31-2016,05-30-2017
8c3ffc59703df4a20f08b5dd9007726f,PetroKazakhstan Incorporated,Canada,https://s3.us-east-2.amazonaws.com/rp-20-sources/mandatory-disclosure-report8c3ffc59703df4a20f08b5dd9007726f,.xlsx,01-01-2016,12-31-2016,05-30-2017
4e32918a0673877175dd637bc907b5a5,Premier Gold Mines Limited,Canada,https://s3.us-east-2.amazonaws.com/rp-20-sources/mandatory-disclosure-report-4e32918a0673877175dd637bc907b5a5,.pdf,01-01-2018,12-31-2018,05-14-2019
57b4a0486fe0cab3bfa316764cbd7673,Progress Sasol Montney Partnership,Canada,https://s3.us-east-2.amazonaws.com/rp-20-sources/mandatory-disclosure-report57b4a0486fe0cab3bfa316764cbd7673,.pdf,07-01-2015,06-30-2016,05-29-2017
a83bacce4ce806f6a065561c77c6b1dd,Public Power Corporation,United Kingdom of Great Britain and Northern Ireland,https://s3.us-east-2.amazonaws.com/rp-20-sources/mandatory-disclosure-reporta83bacce4ce806f6a065561c77c6b1dd,.html,01-01-2016,12-31-2016,06-21-2017
3a7b19aabfd72dc57934762cf21172a1,Polskie Gornictwo Naftowe i Gazownictwo S.A.,Poland,https://s3.us-east-2.amazonaws.com/rp-20-sources/mandatory-disclosure-report-3a7b19aabfd72dc57934762cf21172a1,.pdf,01-01-2019,12-31-2019,03-10-2020
a258011e6aaa904e86f4830abf893fcf,Polymetal International plc,United Kingdom of Great Britain and Northern Ireland,https://s3.us-east-2.amazonaws.com/rp-20-sources/mandatory-disclosure-report-a258011e6aaa904e86f4830abf893fcf,.html,01-01-2018,12-31-2018,06-14-2019
2b332d0d6beb6961a148a11ac3c88bdb,Melior Resources Incorporated,Canada,https://s3.us-east-2.amazonaws.com/rp-20-sources/mandatory-disclosure-report-2b332d0d6beb6961a148a11ac3c88bdb,.pdf,07-01-2017,06-30-2018,11-15-2019
33ffa86f691ff74e241559e559593c46,Midas Gold Corporation,Canada,https://s3.us-east-2.amazonaws.com/rp-20-sources/mandatory-disclosure-report33ffa86f691ff74e241559e559593c46,.pdf,01-01-2016,12-31-2016,05-25-2017
742145df028eec155bfe8fa3b0ae7226,Nep Canada Unlimited Liability Corporation,Canada,https://s3.us-east-2.amazonaws.com/rp-20-sources/mandatory-disclosure-report742145df028eec155bfe8fa3b0ae7226,.pdf,01-01-2017,12-31-2017,05-30-2018
76b5edbb17a4269665fe02ea98ca5309,Norsk Hydro ASA,Norway,https://s3.us-east-2.amazonaws.com/rp-20-sources/mandatory-disclosure-report76b5edbb17a4269665fe02ea98ca5309,.pdf,01-01-2015,12-31-2015,03-10-2016
b24cbf11141bb217c858d56f88608989,Orezone Gold Corporation,Canada,https://s3.us-east-2.amazonaws.com/rp-20-sources/mandatory-disclosure-reportb24cbf11141bb217c858d56f88608989,.pdf,01-01-2016,12-31-2016,05-30-2017
7eba23e071fd3a72f5d2f1057d9eb21d,Oryx Petroleum Corporation Limited,Canada,https://s3.us-east-2.amazonaws.com/rp-20-sources/mandatory-disclosure-report7eba23e071fd3a72f5d2f1057d9eb21d,.pdf,01-01-2017,12-31-2017,05-29-2018
bb917cd9f8a0808dff6057da1c0e4bdb-36ec991d58425752e415274d835876bd-d5261bf386ddfcce3df31257f7711add-834f46f4907acaa34f0abb27e79b563c,Perenco (Oil & Gas) International Limited,United Kingdom of Great Britain and Northern Ireland,https://s3.us-east-2.amazonaws.com/rp-20-sources/mandatory-disclosure-reportbb917cd9f8a0808dff6057da1c0e4bdb-36ec991d58425752e415274d835876bd-d5261bf386ddfcce3df31257f7711add-834f46f4907acaa34f0abb27e79b563c,.zip,01-01-2016,12-31-2016,09-12-2017
cddabc7cab22c1e99f4922f954307379,PetroChina Canada,Canada,https://s3.us-east-2.amazonaws.com/rp-20-sources/mandatory-disclosure-reportcddabc7cab22c1e99f4922f954307379,.pdf,01-01-2017,12-31-2017,05-29-2018
979dcf950912a6cea68e75bed679f428,PetroKazakhstan Incorporated,Canada,https://s3.us-east-2.amazonaws.com/rp-20-sources/mandatory-disclosure-report-979dcf950912a6cea68e75bed679f428,.xlsx,01-01-2018,12-31-2018,05-29-2019
de37c71503a61c6cf662ca28169d1116,North American Palladium Limited,Canada,https://s3.us-east-2.amazonaws.com/rp-20-sources/mandatory-disclosure-report-de37c71503a61c6cf662ca28169d1116,.pdf,01-01-2018,12-31-2018,05-01-2019
a2cd25c529078fad1504472f0c5a504d,NovaGold Resources Incorporated,Canada,https://s3.us-east-2.amazonaws.com/rp-20-sources/mandatory-disclosure-report-a2cd25c529078fad1504472f0c5a504d,.pdf,12-01-2015,11-30-2016,12-20-2019
cea569b74a381e97ce25538b9cab5032,NuVista Energy Limited,Canada,https://s3.us-east-2.amazonaws.com/rp-20-sources/mandatory-disclosure-report-cea569b74a381e97ce25538b9cab5032,.pdf,01-01-2018,12-31-2018,05-23-2019
50e92ad1ee465750f8b3f2f6dc693ea4,Omers Energy Incorporated,Canada,https://s3.us-east-2.amazonaws.com/rp-20-sources/Omers Energy Incorporated-50e92ad1ee465750f8b3f2f6dc693ea4-report,.pdf,01-01-2017,08-11-2017,12-01-2017
9886fcb5f31edf0a2de228b5a4410194,Orano,France,https://s3.us-east-2.amazonaws.com/rp-20-sources/mandatory-disclosure-report9886fcb5f31edf0a2de228b5a4410194,.pdf,01-01-2015,12-31-2015
061a9b82dbe8ffc86237ff767083fd9e,Orano,France,https://s3.us-east-2.amazonaws.com/rp-20-sources/mandatory-disclosure-report-061a9b82dbe8ffc86237ff767083fd9e,.pdf,01-01-2018,12-31-2018
9fdbdcc12e267d8c61c381d54c814a66,Parex Resources Incorporated,Canada,https://s3.us-east-2.amazonaws.com/rp-20-sources/mandatory-disclosure-report-9fdbdcc12e267d8c61c381d54c814a66,.pdf,01-01-2018,12-31-2018,05-22-2019
22a0b9725d886769e20189a19df8b318-d38b2e470c1a02c8280286eb64a39a69-26305de06dd10955524289de78ebe036-e208d86257ae0553ee5e374acd8b0ca7,Perenco UK Limited,United Kingdom of Great Britain and Northern Ireland,https://s3.us-east-2.amazonaws.com/rp-20-sources/mandatory-disclosure-report22a0b9725d886769e20189a19df8b318-d38b2e470c1a02c8280286eb64a39a69-26305de06dd10955524289de78ebe036-e208d86257ae0553ee5e374acd8b0ca7,.zip,01-01-2015,12-31-2015,10-17-2016
cf180945f9b2cf17327f6c4aa7e01178-65596ad205e143ecf739af8c079bfb65-c7964743e92c9ac9e9d65852ac76c280-9fe5e40554f03336b7343e270dce393f,Perenco UK Limited,United Kingdom of Great Britain and Northern Ireland,https://s3.us-east-2.amazonaws.com/rp-20-sources/mandatory-disclosure-report-cf180945f9b2cf17327f6c4aa7e01178-65596ad205e143ecf739af8c079bfb65-c7964743e92c9ac9e9d65852ac76c280-9fe5e40554f03336b7343e270dce393f,.zip,01-01-2017,12-31-2017,04-08-2019
5f62a70f3e65ab62569867fc47797f81,Petropavlovsk plc,United Kingdom of Great Britain and Northern Ireland,https://s3.us-east-2.amazonaws.com/rp-20-sources/mandatory-disclosure-report-5f62a70f3e65ab62569867fc47797f81,.html,01-01-2018,12-31-2018,06-18-2019
32f585d8b8a72d4f93b2026192426fab,Prairie Mining Limited,United Kingdom of Great Britain and Northern Ireland,https://s3.us-east-2.amazonaws.com/rp-20-sources/mandatory-disclosure-report-32f585d8b8a72d4f93b2026192426fab,.html,07-01-2017,06-30-2018,12-28-2018
cb579f0f430947587bc4b39f2a1e04ce-e228f6da6342d591ac5fd31f7ebb1ebf-fe17affcefb8452bd57fd3dbdda34535-2d032895c866a10c6dc5783eef6723a0,Premier Oil PLC,United Kingdom of Great Britain and Northern Ireland,https://s3.us-east-2.amazonaws.com/rp-20-sources/mandatory-disclosure-reportcb579f0f430947587bc4b39f2a1e04ce-e228f6da6342d591ac5fd31f7ebb1ebf-fe17affcefb8452bd57fd3dbdda34535-2d032895c866a10c6dc5783eef6723a0,.zip,01-01-2016,12-31-2016,06-21-2017
3446f69e69efbe071ce8e6244748278e,New Zealand Energy Corporation,Canada,https://s3.us-east-2.amazonaws.com/rp-20-sources/mandatory-disclosure-report3446f69e69efbe071ce8e6244748278e,.pdf,01-01-2017,12-31-2017,05-30-2018
8ec7cb42753ce71cbb2d7c4fd031ab8b,NextSource Materials Incorporated,Canada,https://s3.us-east-2.amazonaws.com/rp-20-sources/mandatory-disclosure-report-8ec7cb42753ce71cbb2d7c4fd031ab8b,.pdf,07-01-2018,06-30-2019,11-07-2019
b1c14573fe1bd9503a60d1485f3f7efc,NGEx Resources Incorporated,Canada,https://s3.us-east-2.amazonaws.com/rp-20-sources/mandatory-disclosure-reportb1c14573fe1bd9503a60d1485f3f7efc,.pdf,01-01-2017,12-31-2017,05-16-2018
db53b16989733951798ceb8bf27366a1,Norsk Hydro ASA,Norway,https://s3.us-east-2.amazonaws.com/rp-20-sources/mandatory-disclosure-reportdb53b16989733951798ceb8bf27366a1,.pdf,01-01-2016,12-31-2016
8ddc978e5f84b7d6ee480535000c9292,Nyrstar N.V.,Belgium,https://s3.us-east-2.amazonaws.com/rp-20-sources/mandatory-disclosure-report-8ddc978e5f84b7d6ee480535000c9292,.pdf,01-01-2017,12-31-2017
ba86d852d3b9d3e9ccf7e0e588a750d9,PAO Novatek,United Kingdom of Great Britain and Northern Ireland,https://s3.us-east-2.amazonaws.com/rp-20-sources/mandatory-disclosure-report-ba86d852d3b9d3e9ccf7e0e588a750d9,.docx,01-01-2015,12-31-2015
4aeef1e677e257fd7acfb4ffa11f6b55,Orano,France,https://s3.us-east-2.amazonaws.com/rp-20-sources/mandatory-disclosure-report4aeef1e677e257fd7acfb4ffa11f6b55,.pdf,01-01-2016,12-31-2016
8b5f26a311337adc99f121bb850d2b09,Orocobre Limited,Canada,https://s3.us-east-2.amazonaws.com/rp-20-sources/mandatory-disclosure-report-8b5f26a311337adc99f121bb850d2b09,.pdf,07-01-2017,06-30-2018,11-20-2018
560b89c625f8e5b5b5cc4f3e68c96108,Pan Orient Energy Corporation,Canada,https://s3.us-east-2.amazonaws.com/rp-20-sources/mandatory-disclosure-report-560b89c625f8e5b5b5cc4f3e68c96108,.pdf,01-01-2018,12-31-2018,05-29-2019
aafde14f533436c94786346dc99c00c1-5c23f9288184916739bee0feba6e480c-86a9d49170d18e15596c8c6f2b2018b5-0293832be41ae4c89986f2b6c4b6274b,Petropavlovsk plc,United Kingdom of Great Britain and Northern Ireland,https://s3.us-east-2.amazonaws.com/rp-20-sources/mandatory-disclosure-reportaafde14f533436c94786346dc99c00c1-5c23f9288184916739bee0feba6e480c-86a9d49170d18e15596c8c6f2b2018b5-0293832be41ae4c89986f2b6c4b6274b,.zip,01-01-2015,12-31-2015,01-16-2017
100257dbfaf3978f28d97b031063f2a5,Petroshale Incorporated,Canada,https://s3.us-east-2.amazonaws.com/rp-20-sources/mandatory-disclosure-report-100257dbfaf3978f28d97b031063f2a5,.pdf,01-01-2018,12-31-2018,05-30-2019
4d80354fe276baaf534c11e0460de3ee,Peyto Exploration and Development Corporation,Canada,https://s3.us-east-2.amazonaws.com/rp-20-sources/mandatory-disclosure-report-4d80354fe276baaf534c11e0460de3ee,.pdf,01-01-2018,12-31-2018,05-16-2019
bc1edc26a8deb63681d30b860ca1b022,PrairieSky Royalty Limited,Canada,https://s3.us-east-2.amazonaws.com/rp-20-sources/mandatory-disclosure-reportbc1edc26a8deb63681d30b860ca1b022,.pdf,01-01-2017,12-31-2017,05-25-2018
ffbe3cd6ccb0b7bf458744b28178b079,Premier Oil PLC,United Kingdom of Great Britain and Northern Ireland,https://s3.us-east-2.amazonaws.com/rp-20-sources/mandatory-disclosure-report-ffbe3cd6ccb0b7bf458744b28178b079,.pdf,01-01-2018,12-31-2018
6f87d33e65a4fc35f3decdda9ebcf183,Prize Mining Corporation,Canada,https://s3.us-east-2.amazonaws.com/rp-20-sources/mandatory-disclosure-report-6f87d33e65a4fc35f3decdda9ebcf183,.xlsx,09-01-2017,08-31-2018,06-13-2019
15736c0ab9f7054330b18f89b2bbffd1,Pulse Oil Corporation,Canada,https://s3.us-east-2.amazonaws.com/rp-20-sources/mandatory-disclosure-report-15736c0ab9f7054330b18f89b2bbffd1,.pdf,01-01-2017,12-31-2017,05-30-2018
ea2224980ef1840672a8cc8dac26bfe4,Quaterra Resources Incorporated,Canada,https://s3.us-east-2.amazonaws.com/rp-20-sources/mandatory-disclosure-reportea2224980ef1840672a8cc8dac26bfe4,.pdf,01-01-2016,12-31-2016,05-23-2017
598222d39f13075a1ebf9bad725c9e6a,Questerre Energy Corporation,Canada,https://s3.us-east-2.amazonaws.com/rp-20-sources/mandatory-disclosure-report-598222d39f13075a1ebf9bad725c9e6a,.pdf,01-01-2018,12-31-2018,05-30-2019
3411623bbad9619d7b1200906afdde45,Rugby Mining Limited,Canada,https://s3.us-east-2.amazonaws.com/rp-20-sources/mandatory-disclosure-report3411623bbad9619d7b1200906afdde45,.pdf,03-01-2016,02-28-2017,07-26-2017
6c885007803fcc126bc457e493d4933b,Saguaro Resources Limited,Canada,https://s3.us-east-2.amazonaws.com/rp-20-sources/mandatory-disclosure-report-6c885007803fcc126bc457e493d4933b,.pdf,01-01-2018,12-31-2018,05-30-2019
140e6eac1be76a24f9566b91570b4e9e,Serinus Energy Incorporated,Canada,https://s3.us-east-2.amazonaws.com/rp-20-sources/mandatory-disclosure-report140e6eac1be76a24f9566b91570b4e9e,.pdf,01-01-2016,12-31-2016,05-30-2017
85822603ec8f17a423e9015d72729bd6,Silvercorp Metals Incorporated,Canada,https://s3.us-east-2.amazonaws.com/rp-20-sources/mandatory-disclosure-report-85822603ec8f17a423e9015d72729bd6,.pdf,04-01-2018,03-31-2019,07-03-2019
06cd812ff97418657297dab11431311b,Storm Resources Limited,Canada,https://s3.us-east-2.amazonaws.com/rp-20-sources/mandatory-disclosure-report-06cd812ff97418657297dab11431311b,.pdf,01-01-2018,12-31-2018,05-29-2019
8c2cddb681993daac69482bf0dc5bf9e,Taseko Mines Limited,Canada,https://s3.us-east-2.amazonaws.com/rp-20-sources/mandatory-disclosure-report8c2cddb681993daac69482bf0dc5bf9e,.pdf,01-01-2017,12-31-2017,05-28-2018
109a8e65dc1c60f2217bce1de6d6fc5a,Tidewater Midstream and Infrastructure Limited,Canada,https://s3.us-east-2.amazonaws.com/rp-20-sources/mandatory-disclosure-report-109a8e65dc1c60f2217bce1de6d6fc5a,.pdf,01-01-2018,12-31-2018,05-31-2019
5f8ff9d84db059c18ed03d2772772d8b-15106225b79d98dff91d18497542d8f6-4d1328d6303012c6bec25de422a42c35-473fbaab21c2438a511db02a13cc856d,Trans-Siberian Gold plc,United Kingdom of Great Britain and Northern Ireland,https://s3.us-east-2.amazonaws.com/rp-20-sources/mandatory-disclosure-report-5f8ff9d84db059c18ed03d2772772d8b-15106225b79d98dff91d18497542d8f6-4d1328d6303012c6bec25de422a42c35-473fbaab21c2438a511db02a13cc856d,.zip,01-01-2017,12-31-2017,06-25-2018
7726f540e591a7b0aa96a824aae15045,TransAlta Corporation,Canada,https://s3.us-east-2.amazonaws.com/rp-20-sources/mandatory-disclosure-report-7726f540e591a7b0aa96a824aae15045,.pdf,01-01-2018,12-31-2018,05-03-2019
533a97cfa498ba16225c7a4e3fe2665a,TransAtlantic Petroleum Limited,Canada,https://s3.us-east-2.amazonaws.com/rp-20-sources/mandatory-disclosure-report-533a97cfa498ba16225c7a4e3fe2665a,.pdf,01-01-2018,12-31-2018,05-17-2019
9e3b4adcc708b21f28a836aacafe548d,Rampart Oil Incorporated,Canada,https://s3.us-east-2.amazonaws.com/rp-20-sources/mandatory-disclosure-report-9e3b4adcc708b21f28a836aacafe548d,.xlsx,01-01-2017,12-31-2017,05-10-2018
2d8ab0f36433225598c1a1ea15c34551,Reunion Gold Corporation,Canada,https://s3.us-east-2.amazonaws.com/rp-20-sources/mandatory-disclosure-report-2d8ab0f36433225598c1a1ea15c34551,.pdf,04-01-2018,03-31-2019,08-15-2019
8596ca8d1bbf5d682c47f25ca1669f35-4010f6565869e6981ef87b476622711a-e5a0d80d78dcb4600fde13fd544599f3-44baf0e3c9df444f4bcebfd6ec80475b,RockRose Energy plc,United Kingdom of Great Britain and Northern Ireland,https://s3.us-east-2.amazonaws.com/rp-20-sources/mandatory-disclosure-report-8596ca8d1bbf5d682c47f25ca1669f35-4010f6565869e6981ef87b476622711a-e5a0d80d78dcb4600fde13fd544599f3-44baf0e3c9df444f4bcebfd6ec80475b,.zip,01-01-2018,12-31-2018,11-29-2019
9c5a30870f26a9a4d2c5ac444c9bf286,SaskPower,Canada,https://s3.us-east-2.amazonaws.com/rp-20-sources/mandatory-disclosure-report-9c5a30870f26a9a4d2c5ac444c9bf286,.pdf,04-01-2018,03-31-2019,07-22-2019
e10e6c40ea0369add22b98a2caf98acb,Scorpio Gold Corporation,Canada,https://s3.us-east-2.amazonaws.com/rp-20-sources/mandatory-disclosure-reporte10e6c40ea0369add22b98a2caf98acb,.pdf,01-01-2016,12-31-2016,05-02-2017
675e2d0f40a6ba5d14e4ad90acb993b9,Equinor ASA,Norway,https://s3.us-east-2.amazonaws.com/rp-20-sources/mandatory-disclosure-report675e2d0f40a6ba5d14e4ad90acb993b9,.pdf,01-01-2017,12-31-2017,03-28-2018
d9cc2204465a1b871ecb481b0309a797,Taqa North Energy Unlimited Liability Company,Canada,https://s3.us-east-2.amazonaws.com/rp-20-sources/mandatory-disclosure-report-d9cc2204465a1b871ecb481b0309a797,.pdf,01-01-2018,12-31-2018,05-27-2019
55e79c782ac5e453b95ee82751bb2b41,Thor Explorations Ltd.,Canada,https://s3.us-east-2.amazonaws.com/rp-20-sources/mandatory-disclosure-report-55e79c782ac5e453b95ee82751bb2b41,.pdf,01-01-2017,12-31-2017,01-10-2019
a0346ed87a66a5e96889e626357e1b3e,Petroshale Incorporated,Canada,https://s3.us-east-2.amazonaws.com/rp-20-sources/mandatory-disclosure-reporta0346ed87a66a5e96889e626357e1b3e,.pdf,01-01-2017,12-31-2017,05-29-2018
d90734cb4f4a925f05a5f592ead93464,Polymetal International plc,United Kingdom of Great Britain and Northern Ireland,https://s3.us-east-2.amazonaws.com/rp-20-sources/mandatory-disclosure-report-d90734cb4f4a925f05a5f592ead93464,.docx,01-01-2016,12-31-2016,06-21-2017
f887e6dfb91bf481a4858394118b97b0,Premier Gold Mines Limited,Canada,https://s3.us-east-2.amazonaws.com/rp-20-sources/mandatory-disclosure-reportf887e6dfb91bf481a4858394118b97b0,.pdf,01-01-2017,12-31-2017,05-17-2018
2e8f34e1451223b17d3cfe54f6d9f3fb,Primeline Energy Holdings Incorporated,Canada,https://s3.us-east-2.amazonaws.com/rp-20-sources/mandatory-disclosure-report-2e8f34e1451223b17d3cfe54f6d9f3fb,.pdf,03-01-2018,03-31-2019,08-08-2019
6b843618c052f1445d1dab473539f0e0-78c050cb867e9a59773dad72a82e46cc-bca67ebadf7ab9c8357e48587fce643e-06b8c0b47949fc602bfe65b120862158,RAK Petroleum Public Company Limited,United Kingdom of Great Britain and Northern Ireland,https://s3.us-east-2.amazonaws.com/rp-20-sources/mandatory-disclosure-report-6b843618c052f1445d1dab473539f0e0-78c050cb867e9a59773dad72a82e46cc-bca67ebadf7ab9c8357e48587fce643e-06b8c0b47949fc602bfe65b120862158,.zip,01-01-2018,12-31-2018,07-01-2019
694db51bc7fa27a0a1b33d2f405f766e,Renaissance Oil Corporation,Canada,https://s3.us-east-2.amazonaws.com/rp-20-sources/mandatory-disclosure-report694db51bc7fa27a0a1b33d2f405f766e,.pdf,01-01-2017,12-31-2017,05-30-2018
c4fdea6099c7172d77037119d524775d-b2ab342c18b4cdd36c59a81a2512c7c3-df76a0392c47ee16739bc5a1511b2983-a38db9b2eb7625cfce474909df306ee4,Repsol Sinopec Resources UK Limited,United Kingdom of Great Britain and Northern Ireland,https://s3.us-east-2.amazonaws.com/rp-20-sources/mandatory-disclosure-reportc4fdea6099c7172d77037119d524775d-b2ab342c18b4cdd36c59a81a2512c7c3-df76a0392c47ee16739bc5a1511b2983-a38db9b2eb7625cfce474909df306ee4,.zip,01-01-2016,12-31-2016,11-28-2017
3b4c8831e2c4129fedf38501bd45d319,Revelo Resources Corporation,Canada,https://s3.us-east-2.amazonaws.com/rp-20-sources/mandatory-disclosure-report-3b4c8831e2c4129fedf38501bd45d319,.pdf,02-01-2017,01-31-2018,06-29-2018
6c8fdd7ae7c1883f87c56e56b6bf6fda,Rife Resources Limited,Canada,https://s3.us-east-2.amazonaws.com/rp-20-sources/mandatory-disclosure-report6c8fdd7ae7c1883f87c56e56b6bf6fda,.pdf,01-01-2017,12-31-2017,05-30-2018
0bdaa2dd77bd531fdbad453721506a9d,Rochester Resources Limited,Canada,https://s3.us-east-2.amazonaws.com/rp-20-sources/mandatory-disclosure-report-0bdaa2dd77bd531fdbad453721506a9d,.xlsx,06-01-2016,05-30-2017,03-07-2018
03a2c190084d3673d277e49f28fc1fcd,RWE Aktiengesellschaft,Germany,https://s3.us-east-2.amazonaws.com/rp-20-sources/mandatory-disclosure-report-03a2c190084d3673d277e49f28fc1fcd,.html,01-01-2016,12-31-2016,07-10-2017
5b3f4dcacfb091b55eaf9e95465e0089,Sandfire Resources America Incorporated,Canada,https://s3.us-east-2.amazonaws.com/rp-20-sources/mandatory-disclosure-report-5b3f4dcacfb091b55eaf9e95465e0089,.pdf,07-01-2016,06-30-2017,06-01-2019
4d89fbe0b4882ec1e65e490318682dea,Torxen Holdings Ltd.,Canada,https://s3.us-east-2.amazonaws.com/rp-20-sources/mandatory-disclosure-report-4d89fbe0b4882ec1e65e490318682dea,.pdf,01-01-2018,12-31-2018,05-30-2019
ce0843a63806484ac33e360638c746ce,Treasury Metals Incorporated,Canada,https://s3.us-east-2.amazonaws.com/rp-20-sources/mandatory-disclosure-report-ce0843a63806484ac33e360638c746ce,.pdf,01-01-2017,12-31-2017,04-05-2018
8e7186364d663df276f6407ef6d04a8b-4ae3f84dd99a026cb4f97dfe35e68617-3f994e646bb77b65493168392b1ba330-4c7e869d9df92b6ae7e3c9adcfb1db91,Trans-Siberian Gold plc,United Kingdom of Great Britain and Northern Ireland,https://s3.us-east-2.amazonaws.com/rp-20-sources/mandatory-disclosure-report-8e7186364d663df276f6407ef6d04a8b-4ae3f84dd99a026cb4f97dfe35e68617-3f994e646bb77b65493168392b1ba330-4c7e869d9df92b6ae7e3c9adcfb1db91,.zip,01-01-2018,12-31-2018,11-06-2019
077e08bdaede0edb45c279c6d6bd6bd7,Traverse Energy Limited,Canada,https://s3.us-east-2.amazonaws.com/rp-20-sources/mandatory-disclosure-report077e08bdaede0edb45c279c6d6bd6bd7,.pdf,01-01-2016,12-31-2016,05-25-2017
bab2724c2d13407db23b2e6ff583803d,Trevali Mining Corporation,Canada,https://s3.us-east-2.amazonaws.com/rp-20-sources/mandatory-disclosure-reportbab2724c2d13407db23b2e6ff583803d,.pdf,01-01-2017,12-31-2017,05-25-2018
643bea61bad594930798381f14fb3f3d,Rambler Metals and Mining Canada Limited,Canada,https://s3.us-east-2.amazonaws.com/rp-20-sources/mandatory-disclosure-report-643bea61bad594930798381f14fb3f3d,.pdf,08-01-2016,12-31-2016,08-17-2018
07a77d062a19ed4dd95a0cdc1c1f429d-9a0ad053f5277d42d969b5910c329dd3-8415e8a350b7aeee304ce24a3d373046-48ecf98a7733cce5ec7fb64f2a87122a,Repsol Sinopec Resources UK Limited,United Kingdom of Great Britain and Northern Ireland,https://s3.us-east-2.amazonaws.com/rp-20-sources/mandatory-disclosure-report-07a77d062a19ed4dd95a0cdc1c1f429d-9a0ad053f5277d42d969b5910c329dd3-8415e8a350b7aeee304ce24a3d373046-48ecf98a7733cce5ec7fb64f2a87122a,.zip,01-01-2017,12-31-2017,11-28-2018
5cc3eeea47d6e50c6e4c19c3a1d0ecce,Royal Boskalis Westminster N.V.,Netherlands,https://s3.us-east-2.amazonaws.com/rp-20-sources/mandatory-disclosure-report5cc3eeea47d6e50c6e4c19c3a1d0ecce,.pdf,01-01-2017,12-31-2017,03-07-2018
826b900202fb433e7a1a1f5ec645e165,Seplat Petroleum Development Company PLC,United Kingdom of Great Britain and Northern Ireland,https://s3.us-east-2.amazonaws.com/rp-20-sources/mandatory-disclosure-report-826b900202fb433e7a1a1f5ec645e165,.pdf,01-01-2018,12-31-2018
a83b2ec116f6a0d76d2a98fcf15d3abd,Sistema PJSFC,United Kingdom of Great Britain and Northern Ireland,https://s3.us-east-2.amazonaws.com/rp-20-sources/mandatory-disclosure-reporta83b2ec116f6a0d76d2a98fcf15d3abd,.pdf,01-01-2016,12-31-2016
92eef4aaeca121ad96da2db0479a9256,Suncor Energy Incorporated,Canada,https://s3.us-east-2.amazonaws.com/rp-20-sources/mandatory-disclosure-report-92eef4aaeca121ad96da2db0479a9256,.pdf,01-01-2018,12-31-2018,05-24-2019
5b528f84c8e3b6ac5b4adaefbe11732c,Suncor Energy Incorporated,Canada,https://s3.us-east-2.amazonaws.com/rp-20-sources/mandatory-disclosure-report5b528f84c8e3b6ac5b4adaefbe11732c,.pdf,01-01-2016,12-31-2016,05-26-2017
22237adf816eb8ed38f6c7e93922dc6e-aece40aa4b33a1ca7ee2261ea79396ed-f5b53b765f22dd75b1a3b43f3d03f2a1-ee4948a06a09ae72dd3a186ca9b1969a,Suncor Energy UK Limited,United Kingdom of Great Britain and Northern Ireland,https://s3.us-east-2.amazonaws.com/rp-20-sources/mandatory-disclosure-report-22237adf816eb8ed38f6c7e93922dc6e-aece40aa4b33a1ca7ee2261ea79396ed-f5b53b765f22dd75b1a3b43f3d03f2a1-ee4948a06a09ae72dd3a186ca9b1969a,.zip,01-01-2017,12-31-2017,07-31-2018
c9be6fa5455f8a124dddae46e7ab8da3,TAG Oil Limited,Canada,https://s3.us-east-2.amazonaws.com/rp-20-sources/mandatory-disclosure-reportc9be6fa5455f8a124dddae46e7ab8da3,.pdf,04-01-2016,03-31-2017,08-02-2017
f2ee8a585f5025877bcc1834ca9e114b,Taqa North Energy Unlimited Liability Company,Canada,https://s3.us-east-2.amazonaws.com/rp-20-sources/mandatory-disclosure-reportf2ee8a585f5025877bcc1834ca9e114b,.pdf,01-01-2017,12-31-2017,05-28-2018
8f0837bce6a48f26134bf05ac01620b8,Teck Resources Limited,Canada,https://s3.us-east-2.amazonaws.com/rp-20-sources/mandatory-disclosure-report-8f0837bce6a48f26134bf05ac01620b8,.pdf,01-01-2018,12-31-2018,05-30-2019
07fbd5a386d447d6979ad2410e183d0d,Telson Mining Corporation,Canada,https://s3.us-east-2.amazonaws.com/rp-20-sources/mandatory-disclosure-report-07fbd5a386d447d6979ad2410e183d0d,.pdf,01-01-2018,12-31-2018,06-12-2019
c22aafe6acc34f4a03de35e08be42696,Plateau Energy Metals Inc.,Canada,https://s3.us-east-2.amazonaws.com/rp-20-sources/mandatory-disclosure-report-c22aafe6acc34f4a03de35e08be42696,.pdf,10-01-2017,09-30-2018,10-10-2019
37e55c8e33caf46d8d6b80ca822d000d,Prairie Mining Limited,United Kingdom of Great Britain and Northern Ireland,https://s3.us-east-2.amazonaws.com/rp-20-sources/mandatory-disclosure-report37e55c8e33caf46d8d6b80ca822d000d,.html,07-01-2015,06-30-2016,12-23-2016
d22687171d061db41b1e00bc44f86e43,Pretium Resources Incorporated,Canada,https://s3.us-east-2.amazonaws.com/rp-20-sources/mandatory-disclosure-report-d22687171d061db41b1e00bc44f86e43,.pdf,01-01-2018,12-31-2018,05-28-2019
25e4fadea8dde17282ed805a40434d00,PhosAgro,United Kingdom of Great Britain and Northern Ireland,https://s3.us-east-2.amazonaws.com/rp-20-sources/mandatory-disclosure-report25e4fadea8dde17282ed805a40434d00,.pdf,01-01-2016,12-31-2016
cab5e8496c5225565ae79d29b1f138e6,Revival Gold Incorporated,Canada,https://s3.us-east-2.amazonaws.com/rp-20-sources/mandatory-disclosure-report-cab5e8496c5225565ae79d29b1f138e6,.pdf,07-01-2018,06-30-2019
192b4516f2c3571eb056414e647b1c35,Renaissance Gold Incorporated,Canada,https://s3.us-east-2.amazonaws.com/rp-20-sources/mandatory-disclosure-report192b4516f2c3571eb056414e647b1c35,.pdf,07-01-2016,06-30-2017,01-31-2018
0fb046611937e2eecd7bd12eb6f3c2d0,SanLing Energy Limited,Canada,https://s3.us-east-2.amazonaws.com/rp-20-sources/mandatory-disclosure-report0fb046611937e2eecd7bd12eb6f3c2d0,.pdf,01-01-2017,12-31-2017,05-28-2018
306a249ce7f73f098fb1a108371114aa,Seven Generations Energy Limited,Canada,https://s3.us-east-2.amazonaws.com/rp-20-sources/mandatory-disclosure-report-306a249ce7f73f098fb1a108371114aa,.pdf,01-01-2018,12-31-2018,03-15-2019
6bf386119283c1a0beb7da8edbb6c867,Severstal,United Kingdom of Great Britain and Northern Ireland,https://s3.us-east-2.amazonaws.com/rp-20-sources/mandatory-disclosure-report6bf386119283c1a0beb7da8edbb6c867,.pdf,01-01-2015,12-31-2015,06-30-2016
bb7475a8ee60dfffc1df01dc53d6473a,Shell Canada Energy Limited,Canada,https://s3.us-east-2.amazonaws.com/rp-20-sources/mandatory-disclosure-reportbb7475a8ee60dfffc1df01dc53d6473a,.pdf,01-01-2017,12-31-2017,05-29-2018
673a973c1e26b989377d4897820d8b3d,South32,United Kingdom of Great Britain and Northern Ireland,https://s3.us-east-2.amazonaws.com/rp-20-sources/mandatory-disclosure-report-673a973c1e26b989377d4897820d8b3d,.html,07-01-2017,06-30-2018,09-18-2018
44b4dd0ca02ec8724f884c07c16ff9ad,SouthGobi Resources Limited,Canada,https://s3.us-east-2.amazonaws.com/rp-20-sources/mandatory-disclosure-report-44b4dd0ca02ec8724f884c07c16ff9ad,.pdf,01-01-2018,12-31-2018,05-30-2019
62d46af205c32c00055fc1fe96362922,Spur Petroleum Limited,Canada,https://s3.us-east-2.amazonaws.com/rp-20-sources/mandatory-disclosure-report62d46af205c32c00055fc1fe96362922,.pdf,01-01-2016,12-01-2016,05-16-2017
1fe49b54467116d7ddbe58fb67550d84,Syncrude Canada Limited,Canada,https://s3.us-east-2.amazonaws.com/rp-20-sources/mandatory-disclosure-report-1fe49b54467116d7ddbe58fb67550d84,.pdf,01-01-2018,12-31-2018,05-29-2019
4b30d328c0f5f231c5c7a4d92c71f6f8,Tethys Petroleum Limited,Canada,https://s3.us-east-2.amazonaws.com/rp-20-sources/mandatory-disclosure-report-4b30d328c0f5f231c5c7a4d92c71f6f8,.pdf,01-01-2017,12-31-2017,08-22-2018
ea205dbeb0be5101ddfd06e326995ebb-903b3c6ca5a45a477b93d966a27c5067-77121ca722478f0c1940d74859ef49f8-a24278783201ecc7ace3ca84e4e9a71a,The Hills Group Limited,United Kingdom of Great Britain and Northern Ireland,https://s3.us-east-2.amazonaws.com/rp-20-sources/mandatory-disclosure-reportea205dbeb0be5101ddfd06e326995ebb-903b3c6ca5a45a477b93d966a27c5067-77121ca722478f0c1940d74859ef49f8-a24278783201ecc7ace3ca84e4e9a71a,.zip,05-01-2015,04-30-2016,03-08-2017
8247ee16dd108e1d0b4b9e272d71554a,Tidewater Midstream and Infrastructure Limited,Canada,https://s3.us-east-2.amazonaws.com/rp-20-sources/mandatory-disclosure-report8247ee16dd108e1d0b4b9e272d71554a,.pdf,01-01-2017,12-31-2017,05-30-2018
53b0f30995251207584a2eae960bb477,Tourmaline Oil Corporation,Canada,https://s3.us-east-2.amazonaws.com/rp-20-sources/mandatory-disclosure-report-53b0f30995251207584a2eae960bb477,.pdf,01-01-2017,12-31-2017,05-16-2019
403c657c0219b779c15970433feb5942,Raging River Exploration Incorporated,Canada,https://s3.us-east-2.amazonaws.com/rp-20-sources/mandatory-disclosure-report403c657c0219b779c15970433feb5942,.pdf,01-01-2016,12-31-2016,05-25-2017
181123a6bd0a8732c128d822aa4bce99,Rife Resources Limited,Canada,https://s3.us-east-2.amazonaws.com/rp-20-sources/mandatory-disclosure-report-181123a6bd0a8732c128d822aa4bce99,.pdf,01-01-2016,12-31-2016,05-26-2017
86b5174a0e6299f0b9fa48e917fb496b-2453b541ba4d85b1530a03ba670122aa-ad7aef052b39e9b29bb983395b6865e5-2e989b6d3f857904984c18bac27a971c,Royal Dutch Shell plc,United Kingdom of Great Britain and Northern Ireland,https://s3.us-east-2.amazonaws.com/rp-20-sources/mandatory-disclosure-report86b5174a0e6299f0b9fa48e917fb496b-2453b541ba4d85b1530a03ba670122aa-ad7aef052b39e9b29bb983395b6865e5-2e989b6d3f857904984c18bac27a971c,.zip,01-01-2015,12-31-2015,04-18-2016
78b2057098b03cec8f307c4cef0e1121,Royal Nickel Corporation,Canada,https://s3.us-east-2.amazonaws.com/rp-20-sources/mandatory-disclosure-report78b2057098b03cec8f307c4cef0e1121,.pdf,01-01-2017,12-31-2017,05-23-2018
3c07d6cf4ed31755e604a56fccdb9305,Sabre Energy Limited,Canada,https://s3.us-east-2.amazonaws.com/rp-20-sources/mandatory-disclosure-report3c07d6cf4ed31755e604a56fccdb9305,.pdf,01-01-2017,12-31-2017,05-15-2018
5be66a826fcf40dae5a5b7cc5f91d544,Seabridge Gold Incorporated,Canada,https://s3.us-east-2.amazonaws.com/rp-20-sources/mandatory-disclosure-report-5be66a826fcf40dae5a5b7cc5f91d544,.pdf,01-01-2018,12-31-2018,05-30-2019
7c856a38b9314a1b5c5b9f1a559a5ced,Shanghai Energy Corporation,Canada,https://s3.us-east-2.amazonaws.com/rp-20-sources/mandatory-disclosure-report7c856a38b9314a1b5c5b9f1a559a5ced,.pdf,01-01-2017,12-31-2017,05-16-2018
67e9870c21cd47d9f452d1002b1c42f0,Silvercorp Metals Incorporated,Canada,https://s3.us-east-2.amazonaws.com/rp-20-sources/mandatory-disclosure-report67e9870c21cd47d9f452d1002b1c42f0,.pdf,04-01-2016,03-31-2017,08-29-2017
f50c35f5d9d4a30eb4702bf854bd5edf,Sinopec Daylight Energy Limited,Canada,https://s3.us-east-2.amazonaws.com/rp-20-sources/mandatory-disclosure-report-f50c35f5d9d4a30eb4702bf854bd5edf,.pdf,01-01-2018,12-31-2018,03-19-2019
3d11590fd8d2ab6638f4461fe0847a0f,Source Energy Services Limited,Canada,https://s3.us-east-2.amazonaws.com/rp-20-sources/mandatory-disclosure-report-3d11590fd8d2ab6638f4461fe0847a0f,.pdf,01-01-2016,12-31-2016,05-19-2017
f9953884406c739173199649b52b1296,Gazprom,United Kingdom of Great Britain and Northern Ireland,https://s3.us-east-2.amazonaws.com/rp-20-sources/mandatory-disclosure-report-f9953884406c739173199649b52b1296,.html,01-01-2018,12-31-2018,06-28-2019
cd2a4e44a9c480f3708bcde59439e7fb,PJSC Polyus,United Kingdom of Great Britain and Northern Ireland,https://s3.us-east-2.amazonaws.com/rp-20-sources/mandatory-disclosure-report-cd2a4e44a9c480f3708bcde59439e7fb,.pdf,01-01-2015,12-31-2015,06-30-2016
cda45a29381b0a9c8a721b3a7bf95b8f,Prairie Mining Limited,United Kingdom of Great Britain and Northern Ireland,https://s3.us-east-2.amazonaws.com/rp-20-sources/mandatory-disclosure-report-cda45a29381b0a9c8a721b3a7bf95b8f,.html,07-01-2018,06-30-2019,12-31-2019
b9846236b53ff0bbaab1b6b903cc9ca2,PrairieSky Royalty Limited,Canada,https://s3.us-east-2.amazonaws.com/rp-20-sources/mandatory-disclosure-report-b9846236b53ff0bbaab1b6b903cc9ca2,.pdf,01-01-2018,12-31-2018,05-27-2019
3f322ce7404db0e670e85f8815c16bc6,Pretium Resources Incorporated,Canada,https://s3.us-east-2.amazonaws.com/rp-20-sources/mandatory-disclosure-report3f322ce7404db0e670e85f8815c16bc6,.pdf,01-01-2016,12-31-2016,02-18-2017
855c11ce7f6f774f782bdd5fc709dbdc,Primeline Energy Holdings Incorporated,Canada,https://s3.us-east-2.amazonaws.com/rp-20-sources/mandatory-disclosure-report-855c11ce7f6f774f782bdd5fc709dbdc,.pdf,04-01-2017,03-31-2018,08-28-2018
25424930f80930269098a7bcc70d90eb,Tatneft,United Kingdom of Great Britain and Northern Ireland,https://s3.us-east-2.amazonaws.com/rp-20-sources/mandatory-disclosure-report25424930f80930269098a7bcc70d90eb,.pdf,01-01-2017,12-31-2017,06-29-2018
f8a84804620d2131855fc1afa3d59470,Renaissance Gold Incorporated,Canada,https://s3.us-east-2.amazonaws.com/rp-20-sources/mandatory-disclosure-report-f8a84804620d2131855fc1afa3d59470,.pdf,07-01-2017,06-30-2018,01-04-2019
8e947979add48b773ce8dcd221e539ea,Rifle Shot Oil Corporation,Canada,https://s3.us-east-2.amazonaws.com/rp-20-sources/mandatory-disclosure-report-8e947979add48b773ce8dcd221e539ea,.pdf,01-01-2018,12-31-2018,03-29-2019
8f3a9b10834e529661c0a98502fc5046,Source Energy Services Limited,Canada,https://s3.us-east-2.amazonaws.com/rp-20-sources/mandatory-disclosure-report-8f3a9b10834e529661c0a98502fc5046,.pdf,01-01-2018,12-31-2018,05-21-2019
24ec73ca399194348591c70209ca29f3,South32,United Kingdom of Great Britain and Northern Ireland,https://s3.us-east-2.amazonaws.com/rp-20-sources/mandatory-disclosure-report24ec73ca399194348591c70209ca29f3,.pdf,07-01-2015,06-30-2016,11-16-2016
bba90080a8144a5dcc313f3679b466ba,Stadtwerke Munchen GmbH,Germany,https://s3.us-east-2.amazonaws.com/rp-20-sources/mandatory-disclosure-report-bba90080a8144a5dcc313f3679b466ba,.html,01-01-2016,12-31-2016,12-13-2017
85537553dec0c6decaf26488cc28a163,Equinor ASA,Norway,https://s3.us-east-2.amazonaws.com/rp-20-sources/mandatory-disclosure-report85537553dec0c6decaf26488cc28a163,.pdf,01-01-2014,12-31-2014,03-10-2015
4b71cd8d95207320340644d1ba1ead1a,Statoil Canada Limited,Canada,https://s3.us-east-2.amazonaws.com/rp-20-sources/mandatory-disclosure-report4b71cd8d95207320340644d1ba1ead1a,.pdf,01-01-2017,12-31-2017,04-30-2018
3cefb7bf1b1d4fd091cd9b7ca30b4a95,Strategic Metals Limited,Canada,https://s3.us-east-2.amazonaws.com/rp-20-sources/mandatory-disclosure-report-3cefb7bf1b1d4fd091cd9b7ca30b4a95,.pdf,01-01-2017,12-31-2017,06-21-2018
b832d8868d174353da23f71e050ecd24,Sun Metals Corporation,Canada,https://s3.us-east-2.amazonaws.com/rp-20-sources/mandatory-disclosure-report-b832d8868d174353da23f71e050ecd24,.pdf,01-01-2018,12-31-2018,05-10-2019
f333d68576e4c03490150fb8de59d21d,Surge Energy Incorporated,Canada,https://s3.us-east-2.amazonaws.com/rp-20-sources/mandatory-disclosure-report-f333d68576e4c03490150fb8de59d21d,.pdf,01-01-2018,12-31-2018,05-30-2019
1a7d1e507012911ac3128397212d505f,Svenska Cellulosa AB,Sweden,https://s3.us-east-2.amazonaws.com/rp-20-sources/mandatory-disclosure-report-1a7d1e507012911ac3128397212d505f,.pdf,01-01-2016,12-31-2016,10-13-2017
be75136cf0ff3f11bb5a0a935e3e266f,Tamarack Valley Energy Limited,Canada,https://s3.us-east-2.amazonaws.com/rp-20-sources/mandatory-disclosure-reportbe75136cf0ff3f11bb5a0a935e3e266f,.pdf,01-01-2017,12-31-2017,05-14-2018
3ac9271d26564c83c71030d567ec69ba,Rio Tinto plc,United Kingdom of Great Britain and Northern Ireland,https://s3.us-east-2.amazonaws.com/rp-20-sources/mandatory-disclosure-report-3ac9271d26564c83c71030d567ec69ba,.pdf,01-01-2018,12-31-2018,05-16-2019
59a565a6ed27c927e6fd0d1436d00a6b,S.N.G.N. RomGaz S.A.,Romania,https://s3.us-east-2.amazonaws.com/rp-20-sources/mandatory-disclosure-report-59a565a6ed27c927e6fd0d1436d00a6b,.pdf,01-01-2018,12-31-2018,04-25-2019
62db19afd08f2de99adbd7816da5754d,Seven Generations Energy Limited,Canada,https://s3.us-east-2.amazonaws.com/rp-20-sources/mandatory-disclosure-report62db19afd08f2de99adbd7816da5754d,.pdf,01-01-2016,12-31-2016,05-30-2017
5cb5b8e62f0b8aff401864d8863c2cbd,Sherritt International Corporation,Canada,https://s3.us-east-2.amazonaws.com/rp-20-sources/mandatory-disclosure-report5cb5b8e62f0b8aff401864d8863c2cbd,.pdf,01-01-2017,12-31-2017,05-29-2018
8546132b389d2b6cb9faab631f7d6d73,Signalta Resources Limited,Canada,https://s3.us-east-2.amazonaws.com/rp-20-sources/mandatory-disclosure-report8546132b389d2b6cb9faab631f7d6d73,.pdf,01-01-2017,12-31-2017,05-30-2018
2f25d544cf9f4307cca6e0712d34831b,South32,United Kingdom of Great Britain and Northern Ireland,https://s3.us-east-2.amazonaws.com/rp-20-sources/mandatory-disclosure-report2f25d544cf9f4307cca6e0712d34831b,.pdf,07-01-2016,06-30-2017,01-01-2018
22a0ade431a954212c0d07c1c4c04305,Spartan Energy Corporation,Canada,https://s3.us-east-2.amazonaws.com/rp-20-sources/mandatory-disclosure-report22a0ade431a954212c0d07c1c4c04305,.pdf,01-01-2017,12-31-2017,05-25-2018
e692eefe562f2a471a3f904e9c58f41f,Summerland Energy Inc.,Canada,https://s3.us-east-2.amazonaws.com/rp-20-sources/mandatory-disclosure-report-e692eefe562f2a471a3f904e9c58f41f,.pdf,01-01-2018,12-31-2018,06-13-2019
4f699ccd5fdc2a70de9b952f6151c20a,Teranga Gold Corporation,Canada,https://s3.us-east-2.amazonaws.com/rp-20-sources/mandatory-disclosure-report4f699ccd5fdc2a70de9b952f6151c20a,.pdf,01-01-2016,12-31-2016,05-30-2017
3161d99e6033f6d1921aa2705a6b23cf-a21948f98b09bf60403f76bb96996465-2a205bf2518da80282c0eb326a40f1d2-01470799c39756b29b71836bab87846e,Tethys Petroleum Limited,United Kingdom of Great Britain and Northern Ireland,https://s3.us-east-2.amazonaws.com/rp-20-sources/mandatory-disclosure-report-3161d99e6033f6d1921aa2705a6b23cf-a21948f98b09bf60403f76bb96996465-2a205bf2518da80282c0eb326a40f1d2-01470799c39756b29b71836bab87846e,.zip,01-01-2016,12-31-2016,06-09-2017
835453daf2c8085be03c53af5f608472,Tidewater Midstream and Infrastructure Limited,Canada,https://s3.us-east-2.amazonaws.com/rp-20-sources/mandatory-disclosure-report835453daf2c8085be03c53af5f608472,.pdf,01-01-2016,12-31-2016,05-31-2017
8f8aa8e8149e25b54e1fc60599bb6dfd,Tinka Resources Limited,Canada,https://s3.us-east-2.amazonaws.com/rp-20-sources/mandatory-disclosure-report8f8aa8e8149e25b54e1fc60599bb6dfd,.pdf,10-01-2016,09-30-2017,06-05-2018
606bc76fd0eb40fad70b5b5f8df69610,TransAtlantic Petroleum Limited,Canada,https://s3.us-east-2.amazonaws.com/rp-20-sources/mandatory-disclosure-report606bc76fd0eb40fad70b5b5f8df69610,.pdf,01-01-2016,12-31-2016,05-30-2017
cae1ae668f3082177f9a3ce485334b47,Repsol S.A.,Spain,https://s3.us-east-2.amazonaws.com/rp-20-sources/mandatory-disclosure-report-cae1ae668f3082177f9a3ce485334b47,.xlsx,01-01-2018,12-31-2018,02-27-2019
79cad0bcce5725ca52b54f498724f3dd,SaskPower,Canada,https://s3.us-east-2.amazonaws.com/rp-20-sources/mandatory-disclosure-report-79cad0bcce5725ca52b54f498724f3dd,.pdf,04-01-2017,03-31-2018,05-29-2018
3e876359ff9911442ae3ec3b25a51b8e,Sistema PJSFC,United Kingdom of Great Britain and Northern Ireland,https://s3.us-east-2.amazonaws.com/rp-20-sources/mandatory-disclosure-report-3e876359ff9911442ae3ec3b25a51b8e,.pdf,01-01-2017,12-31-2017
213c3f7572fb5bcccf23e618d00bc912,SouthGobi Resources Limited,Canada,https://s3.us-east-2.amazonaws.com/rp-20-sources/mandatory-disclosure-report213c3f7572fb5bcccf23e618d00bc912,.pdf,01-01-2016,12-31-2016,05-30-2017
d3aec465929f27a25c3153ae727d7944,Strategic Oil and Gas Limited,Canada,https://s3.us-east-2.amazonaws.com/rp-20-sources/mandatory-disclosure-reportd3aec465929f27a25c3153ae727d7944,.pdf,01-01-2016,12-31-2016,05-30-2017
cd23591bfd2729a51914e06ddc3061c3,Superman Resources Incorporated,Canada,https://s3.us-east-2.amazonaws.com/rp-20-sources/mandatory-disclosure-reportcd23591bfd2729a51914e06ddc3061c3,.pdf,01-01-2017,08-11-2017,12-01-2017
3d6828331026e992741dc2ba0502b1c3,R.W. Tomlinson Limited,Canada,https://s3.us-east-2.amazonaws.com/rp-20-sources/mandatory-disclosure-report-3d6828331026e992741dc2ba0502b1c3,.pdf,11-01-2016,10-31-2017,07-18-2018
d3e732a41169c671799931aeb17d8cf9,Sphinx Resources Ltd.,Canada,https://s3.us-east-2.amazonaws.com/rp-20-sources/mandatory-disclosure-report-d3e732a41169c671799931aeb17d8cf9,.pdf,03-01-2018,02-28-2019,07-26-2019
ca642765219a32ee07dd92fc9f8262da,Sable Resources Ltd.,Canada,https://s3.us-east-2.amazonaws.com/rp-20-sources/mandatory-disclosure-report-ca642765219a32ee07dd92fc9f8262da,.pdf,01-01-2018,12-31-2018,05-22-2019
a48c506059568575176e52801724a9aa,Santacruz Silver Mining Limited,Canada,https://s3.us-east-2.amazonaws.com/rp-20-sources/mandatory-disclosure-report-a48c506059568575176e52801724a9aa,.pdf,01-01-2018,12-31-2018,05-29-2019
fd46625f289b11165d784badb49b2c2b,Serafina Energy Limited,Canada,https://s3.us-east-2.amazonaws.com/rp-20-sources/mandatory-disclosure-report-fd46625f289b11165d784badb49b2c2b,.pdf,01-01-2017,12-31-2017,05-24-2019
70c33f7675347a87738f5fef111e27f6,Severstal,United Kingdom of Great Britain and Northern Ireland,https://s3.us-east-2.amazonaws.com/rp-20-sources/mandatory-disclosure-report70c33f7675347a87738f5fef111e27f6,.pdf,01-01-2016,12-31-2016
d781f8dcfe7ca47df8ded2fa91157212,Sherritt International Corporation,Canada,https://s3.us-east-2.amazonaws.com/rp-20-sources/mandatory-disclosure-report-d781f8dcfe7ca47df8ded2fa91157212,.pdf,01-01-2018,12-31-2018,05-27-2019
d0f19e34aa10b76947b96451af313bc0,Solnhofer Holding AG,Germany,https://s3.us-east-2.amazonaws.com/rp-20-sources/mandatory-disclosure-report-d0f19e34aa10b76947b96451af313bc0,.html,01-01-2017,12-31-2017,11-28-2018
9cb0b7b54f64639f96a5185682024aee,Solnhofer Holding AG,Germany,https://s3.us-east-2.amazonaws.com/rp-20-sources/mandatory-disclosure-report-9cb0b7b54f64639f96a5185682024aee,.html,01-01-2018,12-31-2018,12-18-2019
ef81b28e1167774e76c6be363bdcdb7a,Equinor ASA,Norway,https://s3.us-east-2.amazonaws.com/rp-20-sources/mandatory-disclosure-reportef81b28e1167774e76c6be363bdcdb7a,.pdf,01-01-2015,12-31-2015,03-09-2016
385d5139d94192ea99605515d0aa0e43,Equinor ASA,Norway,https://s3.us-east-2.amazonaws.com/rp-20-sources/mandatory-disclosure-report385d5139d94192ea99605515d0aa0e43,.pdf,01-01-2016,12-31-2016,03-17-2017
44caacf08c883fef8dc3976dd6780038,Titan Mining Corporation,Canada,https://s3.us-east-2.amazonaws.com/rp-20-sources/mandatory-disclosure-report-44caacf08c883fef8dc3976dd6780038,.pdf,01-01-2018,12-31-2018,05-27-2019
943064f550582ce0a89d0e22f13fc8b2,Torq Resources Incorporated,Canada,https://s3.us-east-2.amazonaws.com/rp-20-sources/mandatory-disclosure-report943064f550582ce0a89d0e22f13fc8b2,.pdf,01-01-2016,12-31-2016,05-30-2017
db0092d88504c3da4db245d8f6a2a781,Touchstone Exploration Incorporated,Canada,https://s3.us-east-2.amazonaws.com/rp-20-sources/mandatory-disclosure-reportdb0092d88504c3da4db245d8f6a2a781,.pdf,01-01-2017,12-31-2017,05-16-2018
7c79c360197a88ef919667d08b1d082a,Quaterra Resources Incorporated,Canada,https://s3.us-east-2.amazonaws.com/rp-20-sources/mandatory-disclosure-report7c79c360197a88ef919667d08b1d082a,.pdf,01-01-2017,12-31-2017,05-11-2018
7456e816d88db75fe794dcee5d6faec6,Razor Energy Corporation,Canada,https://s3.us-east-2.amazonaws.com/rp-20-sources/mandatory-disclosure-report7456e816d88db75fe794dcee5d6faec6,.pdf,01-01-2017,12-31-2017
0405586b6bdce40ab0c71cbfcbccc887,Revelo Resources Corporation,Canada,https://s3.us-east-2.amazonaws.com/rp-20-sources/mandatory-disclosure-report-0405586b6bdce40ab0c71cbfcbccc887,.pdf,02-01-2018,01-31-2019,07-02-2019
c28433e1c285572ed98f3340b0a8660e,TimberRock Energy Corporation,Canada,https://s3.us-east-2.amazonaws.com/rp-20-sources/mandatory-disclosure-reportc28433e1c285572ed98f3340b0a8660e,.pdf,01-01-2017,12-31-2017,05-29-2018
25d4ffc1b9487bc4668a730fb7c63e0c,Trilogy Energy Corporation,Canada,https://s3.us-east-2.amazonaws.com/rp-20-sources/Trilogy Energy Corporation-25d4ffc1b9487bc4668a730fb7c63e0c-report,.pdf,01-01-2016,12-31-2016,05-16-2017
e64195c1616bb3f4084326b0717f502c,RAG Aktiengesellschaft,Germany,https://s3.us-east-2.amazonaws.com/rp-20-sources/mandatory-disclosure-report-e64195c1616bb3f4084326b0717f502c,.html,01-01-2017,12-31-2017,03-01-2018
66dc4bb4d9954d1679b5fdbdcd225f11,Renaissance Oil Corporation,Canada,https://s3.us-east-2.amazonaws.com/rp-20-sources/mandatory-disclosure-report66dc4bb4d9954d1679b5fdbdcd225f11,.pdf,01-01-2016,12-31-2016,05-30-2017
e43b8d3976f4a625551dc3dba24f071c,SEMAFO Incorporated,Canada,https://s3.us-east-2.amazonaws.com/rp-20-sources/mandatory-disclosure-reporte43b8d3976f4a625551dc3dba24f071c,.pdf,01-01-2017,12-31-2017,05-10-2018
2ebcf39def325edf5f36e50aab18eb60,Sierra Metals Incorporated,Canada,https://s3.us-east-2.amazonaws.com/rp-20-sources/mandatory-disclosure-report2ebcf39def325edf5f36e50aab18eb60,.pdf,01-01-2017,12-31-2017,05-23-2018
ac247fe998c8e51df96f19f2a7594a9b,Surge Energy Incorporated,Canada,https://s3.us-east-2.amazonaws.com/rp-20-sources/mandatory-disclosure-reportac247fe998c8e51df96f19f2a7594a9b,.pdf,01-01-2017,12-31-2017,05-15-2018
ed7d057e5ec425b92f01f2e4fde79dba,Tahoe Resources Incorporated,Canada,https://s3.us-east-2.amazonaws.com/rp-20-sources/mandatory-disclosure-report-ed7d057e5ec425b92f01f2e4fde79dba,.pdf,01-01-2017,12-31-2017,05-30-2018
887639d47585ed358102f8c9b403048c,Teranga Gold Corporation,Canada,https://s3.us-east-2.amazonaws.com/rp-20-sources/mandatory-disclosure-report-887639d47585ed358102f8c9b403048c,.pdf,01-01-2018,12-31-2018,05-29-2019
f3c0e5f1387cf8cf94a137b8779ca0fa,Tinka Resources Limited,Canada,https://s3.us-east-2.amazonaws.com/rp-20-sources/mandatory-disclosure-report-f3c0e5f1387cf8cf94a137b8779ca0fa,.pdf,10-01-2018,09-30-2019,01-31-2020
9762a8c4b0bd2136eb1946646ab2e154,TransAtlantic Petroleum Limited,Canada,https://s3.us-east-2.amazonaws.com/rp-20-sources/mandatory-disclosure-report9762a8c4b0bd2136eb1946646ab2e154,.pdf,01-01-2017,12-31-2017,05-31-2018
9b1495ac87abe4635c7ca2b7bde400a8,Trimetals Mining Incorporated,Canada,https://s3.us-east-2.amazonaws.com/rp-20-sources/mandatory-disclosure-report-9b1495ac87abe4635c7ca2b7bde400a8,.pdf,01-01-2017,12-31-2017,05-29-2018
ca19bce167a9afe2b9ca043ca15dd367,Rincon Limited,Canada,https://s3.us-east-2.amazonaws.com/rp-20-sources/mandatory-disclosure-reportca19bce167a9afe2b9ca043ca15dd367,.pdf,01-01-2017,12-31-2017,05-24-2018
fafc8c5834b6a19f0438bd019b89981c,Rochester Resources Limited,Canada,https://s3.us-east-2.amazonaws.com/rp-20-sources/mandatory-disclosure-report-fafc8c5834b6a19f0438bd019b89981c,.xlsx,06-01-2017,05-31-2018,12-06-2018
9776d3045430b7b63dc7586a7e3f1ad3,Roxgold Incorporated,Canada,https://s3.us-east-2.amazonaws.com/rp-20-sources/mandatory-disclosure-report-9776d3045430b7b63dc7586a7e3f1ad3,.pdf,01-01-2016,12-31-2016,05-30-2017
140c263c4b31705011d89a4e078f3c30,Royal Dutch Shell plc,United Kingdom of Great Britain and Northern Ireland,https://s3.us-east-2.amazonaws.com/rp-20-sources/mandatory-disclosure-report-140c263c4b31705011d89a4e078f3c30,.pdf,01-01-2018,12-31-2018,04-02-2019
cfb2ea3d2abd11a309333acf8ea0fa85,RWE Aktiengesellschaft,Germany,https://s3.us-east-2.amazonaws.com/rp-20-sources/mandatory-disclosure-report-cfb2ea3d2abd11a309333acf8ea0fa85,.pdf,01-01-2017,12-31-2017,06-12-2018
fca088973065645946f39241b7e2f5e6,Saint-Gobain S.A.,France,https://s3.us-east-2.amazonaws.com/rp-20-sources/mandatory-disclosure-reportfca088973065645946f39241b7e2f5e6,.pdf,01-01-2016,12-31-2016
cb8aad81292393626e8aaf3a614ba4ab,Scorpio Gold Corporation,Canada,https://s3.us-east-2.amazonaws.com/rp-20-sources/mandatory-disclosure-reportcb8aad81292393626e8aaf3a614ba4ab,.pdf,01-01-2017,12-31-2017,04-24-2018
a3c576b1e900a25cb2d49943895a43ff,Signalta Resources Limited,Canada,https://s3.us-east-2.amazonaws.com/rp-20-sources/mandatory-disclosure-reporta3c576b1e900a25cb2d49943895a43ff,.pdf,01-01-2016,12-31-2016,05-06-2017
91a9a66fe74fe5b436b1164ec2bb0e99,Sinopec Daylight Energy Limited,Canada,https://s3.us-east-2.amazonaws.com/rp-20-sources/mandatory-disclosure-report91a9a66fe74fe5b436b1164ec2bb0e99,.pdf,01-01-2017,12-31-2017,05-23-2018
478df163d4f934284723af65e7a42a88,Sitka Exploration Limited,Canada,https://s3.us-east-2.amazonaws.com/rp-20-sources/mandatory-disclosure-report-478df163d4f934284723af65e7a42a88,.pdf,01-01-2018,12-31-2018,05-30-2019
17cf12c303660f0c19f10608dbb555c5,Pharos Energy Plc,United Kingdom of Great Britain and Northern Ireland,https://s3.us-east-2.amazonaws.com/rp-20-sources/mandatory-disclosure-report-17cf12c303660f0c19f10608dbb555c5,.pdf,01-01-2018,12-31-2018
08569fdae3c8f947b38811ed4d1be426,Storm Resources Limited,Canada,https://s3.us-east-2.amazonaws.com/rp-20-sources/mandatory-disclosure-report08569fdae3c8f947b38811ed4d1be426,.pdf,01-01-2016,12-31-2016,05-30-2017
96f7b96070e30f03b177fb5c89f57017,Stornoway Diamond Corporation,Canada,https://s3.us-east-2.amazonaws.com/rp-20-sources/mandatory-disclosure-report96f7b96070e30f03b177fb5c89f57017,.pdf,01-01-2017,12-31-2017,05-31-2018
bb6fa17c7044179f59fed05ee66e4fc8,Taseko Mines Limited,Canada,https://s3.us-east-2.amazonaws.com/rp-20-sources/mandatory-disclosure-report-bb6fa17c7044179f59fed05ee66e4fc8,.pdf,01-01-2018,12-31-2018,05-27-2019
3fc530b3ec539441a31c4ef1024415f0,Telson Mining Corporation,Canada,https://s3.us-east-2.amazonaws.com/rp-20-sources/mandatory-disclosure-report3fc530b3ec539441a31c4ef1024415f0,.pdf,01-01-2017,12-31-2017,05-24-2018
d54d6d107d25247306e53f168cf21507,TORC Oil and Gas Limited,Canada,https://s3.us-east-2.amazonaws.com/rp-20-sources/mandatory-disclosure-reportd54d6d107d25247306e53f168cf21507,.pdf,01-01-2016,12-31-2016,05-30-2017
94f26524d14642fab621abdb0210ecf4,RAG Aktiengesellschaft,Germany,https://s3.us-east-2.amazonaws.com/rp-20-sources/mandatory-disclosure-report-94f26524d14642fab621abdb0210ecf4,.html,01-01-2018,12-31-2018,03-12-2019
b38dc4a4dff515ec087f4182851629fb,Rainbow Rare Earths Limited,United Kingdom of Great Britain and Northern Ireland,https://s3.us-east-2.amazonaws.com/rp-20-sources/mandatory-disclosure-reportb38dc4a4dff515ec087f4182851629fb,.pdf,07-01-2016,06-30-2017,01-29-2018
2eadbe9c0fbb6887501e23fdaf27e98a,Repsol S.A.,Spain,https://s3.us-east-2.amazonaws.com/rp-20-sources/mandatory-disclosure-report2eadbe9c0fbb6887501e23fdaf27e98a,.pdf,01-01-2016,12-31-2016
bd81e2a3fcf6fe622c7acf6ffa6eb2a9,Revelo Resources Corporation,Canada,https://s3.us-east-2.amazonaws.com/rp-20-sources/mandatory-disclosure-reportbd81e2a3fcf6fe622c7acf6ffa6eb2a9,.pdf,02-01-2016,01-31-2017,06-29-2017
2b579af1663e0dd7b1940b9d7a3b2bb7,Revival Gold Incorporated,Canada,https://s3.us-east-2.amazonaws.com/rp-20-sources/mandatory-disclosure-report-2b579af1663e0dd7b1940b9d7a3b2bb7,.pdf,07-01-2017,06-30-2018,11-22-2018
503ba8408a500410be756b1438c1342a,TotalEnergies SE (formerly Total S.A.),France,https://s3.us-east-2.amazonaws.com/rp-20-sources/mandatory-disclosure-report-503ba8408a500410be756b1438c1342a,.pdf,01-01-2018,12-31-2018
a4bcdd8f3b760c8463b11f5ae3d31710,Traverse Energy Limited,Canada,https://s3.us-east-2.amazonaws.com/rp-20-sources/mandatory-disclosure-report-a4bcdd8f3b760c8463b11f5ae3d31710,.pdf,01-01-2018,12-31-2018,05-06-2019
9a8160726c90f0ce9652b25b75643983,Sabre Energy Limited,Canada,https://s3.us-east-2.amazonaws.com/rp-20-sources/mandatory-disclosure-report-9a8160726c90f0ce9652b25b75643983,.xlsx,01-01-2018,12-31-2018,04-30-2019
6fdd74a862de775f522ca168ff7b00c3,Silver Bull Resources Incorporated,Canada,https://s3.us-east-2.amazonaws.com/rp-20-sources/mandatory-disclosure-report-6fdd74a862de775f522ca168ff7b00c3,.pdf,11-01-2016,10-31-2017,03-12-2018
91f1e07563c48e4dc7bfd750430f5416,Silvercorp Metals Incorporated,Canada,https://s3.us-east-2.amazonaws.com/rp-20-sources/mandatory-disclosure-report-91f1e07563c48e4dc7bfd750430f5416,.pdf,04-01-2017,03-31-2018,08-24-2018
d54430310330e75b5b3a51b9e1ff094e,Sitka Exploration Limited,Canada,https://s3.us-east-2.amazonaws.com/rp-20-sources/mandatory-disclosure-report-d54430310330e75b5b3a51b9e1ff094e,.pdf,01-01-2017,12-31-2017,05-30-2018
eca951b364ef6724e1c062ae87c7814c,Teine Energy Limited,Canada,https://s3.us-east-2.amazonaws.com/rp-20-sources/mandatory-disclosure-reporteca951b364ef6724e1c062ae87c7814c,.pdf,01-01-2016,12-31-2016,05-29-2017
6ee0f1568fc7eeb7b8903552640a3a02,Teranga Gold Corporation,Canada,https://s3.us-east-2.amazonaws.com/rp-20-sources/mandatory-disclosure-report6ee0f1568fc7eeb7b8903552640a3a02,.pdf,01-01-2017,12-31-2017,05-31-2018
0f797b279572821b4a7b7ce1fd0ab4dc,Torex Gold Resources Incorporated,Canada,https://s3.us-east-2.amazonaws.com/rp-20-sources/mandatory-disclosure-report0f797b279572821b4a7b7ce1fd0ab4dc,.pdf,01-01-2016,12-31-2016,05-30-2017
ea9da5c61a643a49b4800158226a347a,Randgold Resources Limited,United Kingdom of Great Britain and Northern Ireland,https://s3.us-east-2.amazonaws.com/rp-20-sources/mandatory-disclosure-reportea9da5c61a643a49b4800158226a347a,.html,01-01-2015,12-31-2015,06-30-2016
927584799f5743ddab7765206a69c55e-e4810e94222d09477e69eb5297dea3d6-14db8b1d4f32119311706f37fbc05723-19221a25f2064955af63b3ca4a103ae8,Rio Tinto plc,United Kingdom of Great Britain and Northern Ireland,https://s3.us-east-2.amazonaws.com/rp-20-sources/mandatory-disclosure-report-927584799f5743ddab7765206a69c55e-e4810e94222d09477e69eb5297dea3d6-14db8b1d4f32119311706f37fbc05723-19221a25f2064955af63b3ca4a103ae8,.zip,01-01-2017,12-31-2017,06-20-2018
fbb6fa06dfc452269796bfa66418b16c,Royal Nickel Corporation,Canada,https://s3.us-east-2.amazonaws.com/rp-20-sources/mandatory-disclosure-reportfbb6fa06dfc452269796bfa66418b16c,.pdf,01-01-2016,12-31-2016,05-25-2017
b71f772170207435ad4195cc3cc7456b,Rubicon Minerals Corporation,Canada,https://s3.us-east-2.amazonaws.com/rp-20-sources/mandatory-disclosure-reportb71f772170207435ad4195cc3cc7456b,.pdf,01-01-2017,12-31-2017,05-29-2018
4b5d884e62da35b6777da7ad41d1de46,Saguaro Resources Limited,Canada,https://s3.us-east-2.amazonaws.com/rp-20-sources/mandatory-disclosure-report4b5d884e62da35b6777da7ad41d1de46,.pdf,01-01-2017,12-31-2017,05-30-2018
57dbb57b9bc14be42e9dba47b0415eb1,Sierra Metals Incorporated,Canada,https://s3.us-east-2.amazonaws.com/rp-20-sources/mandatory-disclosure-report-57dbb57b9bc14be42e9dba47b0415eb1,.pdf,01-01-2018,12-31-2018,06-03-2019
394a0ec89e9e4260d4462a88c3e91cb5-20cc03cd23ef25e9769b54d6bbdccd64-3c34f3f0f44202a0dec425c61f95c4e6-179f089c1d68e77284724c3cda07950f,Pharos Energy Plc,United Kingdom of Great Britain and Northern Ireland,https://s3.us-east-2.amazonaws.com/rp-20-sources/mandatory-disclosure-report-394a0ec89e9e4260d4462a88c3e91cb5-20cc03cd23ef25e9769b54d6bbdccd64-3c34f3f0f44202a0dec425c61f95c4e6-179f089c1d68e77284724c3cda07950f,.zip,01-01-2017,12-31-2017,06-29-2018
01a4967f2a8805d69c595aebddb90dff,TAURON Polska Energia,Poland,https://s3.us-east-2.amazonaws.com/rp-20-sources/mandatory-disclosure-report01a4967f2a8805d69c595aebddb90dff,.pdf,01-01-2016,12-31-2016,03-13-2017
3bcc5dc88cb8039d7dc5acdb85ba9d49,Teine Energy Limited,Canada,https://s3.us-east-2.amazonaws.com/rp-20-sources/mandatory-disclosure-report-3bcc5dc88cb8039d7dc5acdb85ba9d49,.pdf,01-01-2018,12-31-2018,04-04-2019
748a605e3b7b60f7cb067339ace73cc3,TotalEnergies SE (formerly Total S.A.),France,https://s3.us-east-2.amazonaws.com/rp-20-sources/mandatory-disclosure-report-748a605e3b7b60f7cb067339ace73cc3,.pdf,01-01-2016,12-31-2016
69aeeb6eae1108a3d7c86e39162e7d05,Tourbieres Berger Ltee Les,Canada,https://s3.us-east-2.amazonaws.com/rp-20-sources/mandatory-disclosure-report69aeeb6eae1108a3d7c86e39162e7d05,.pdf,01-01-2016,12-31-2016,04-11-2018
fc87419fbef2eeb702acefc0cbfef945,Traverse Energy Limited,Canada,https://s3.us-east-2.amazonaws.com/rp-20-sources/mandatory-disclosure-reportfc87419fbef2eeb702acefc0cbfef945,.pdf,01-01-2017,12-31-2017,05-17-2018
6e95f65ed22582d1bf86cea4dea00f2c,Rye Patch Gold Corporation,Canada,https://s3.us-east-2.amazonaws.com/rp-20-sources/mandatory-disclosure-report-6e95f65ed22582d1bf86cea4dea00f2c,.pdf,01-01-2017,12-31-2017,05-25-2018
d88b150acbb0200184f1480fa02baf77,Salazar Resources Ltd.,Canada,https://s3.us-east-2.amazonaws.com/rp-20-sources/mandatory-disclosure-report-d88b150acbb0200184f1480fa02baf77,.pdf,01-01-2017,12-31-2017,02-25-2019
d689d1c85e4da8b18c7ed0e871ad9e0b,Shanghai Energy Corporation,Canada,https://s3.us-east-2.amazonaws.com/rp-20-sources/mandatory-disclosure-report-d689d1c85e4da8b18c7ed0e871ad9e0b,.pdf,01-01-2018,12-31-2018
2d8ea9fd01f87bb5b71e4c58cd277265,Sibelco Deutschland GmbH,Germany,https://s3.us-east-2.amazonaws.com/rp-20-sources/mandatory-disclosure-report-2d8ea9fd01f87bb5b71e4c58cd277265,.html,01-01-2017,12-31-2017,02-09-2019
5a253c7ec4f98037e2fb393c60f51c64,Sprott Resource Holdings Incorporated,Canada,https://s3.us-east-2.amazonaws.com/rp-20-sources/mandatory-disclosure-report-5a253c7ec4f98037e2fb393c60f51c64,.pdf,01-01-2018,12-31-2018,05-15-2019
04b07b9c5f8f05db8d3bb3896f62952b,Suedbayerisches Portland-Zementwerk Gebr Wiesboeck & Company GmbH,Germany,https://s3.us-east-2.amazonaws.com/rp-20-sources/mandatory-disclosure-report-04b07b9c5f8f05db8d3bb3896f62952b,.html,01-01-2018,12-31-2018,07-15-2019
995e78be60df200c0b2ea477e9038189,Superior Gold Incorporated,Canada,https://s3.us-east-2.amazonaws.com/rp-20-sources/mandatory-disclosure-report-995e78be60df200c0b2ea477e9038189,.pdf,07-04-2016,12-31-2016,05-29-2017
bd9ce7750eb0dfd1d86e1718b75b0be3,Syncrude Canada Limited,Canada,https://s3.us-east-2.amazonaws.com/rp-20-sources/mandatory-disclosure-reportbd9ce7750eb0dfd1d86e1718b75b0be3,.pdf,01-01-2017,12-31-2017,05-30-2018
7061f1c6de9eef6b22a5da95eed0d8fa,Tango Mining Limited,Canada,https://s3.us-east-2.amazonaws.com/rp-20-sources/mandatory-disclosure-report-7061f1c6de9eef6b22a5da95eed0d8fa,.xlsx,09-01-2016,08-31-2017,01-30-2019
54a9eeb4da0802e405347366621b0e4a-180d5913c59130b8b52dd938c1e2fc37-9ae70b81fc94ba672745c64829518538-d317b30cf52fee33f36a044a7a5b5ec2,TAQA Bratani Limited,United Kingdom of Great Britain and Northern Ireland,https://s3.us-east-2.amazonaws.com/rp-20-sources/mandatory-disclosure-report-54a9eeb4da0802e405347366621b0e4a-180d5913c59130b8b52dd938c1e2fc37-9ae70b81fc94ba672745c64829518538-d317b30cf52fee33f36a044a7a5b5ec2,.zip,01-01-2015,12-31-2015,04-22-2019
f17494238ce3e0636806db957f812434-96715bb6d55fb82431b9f823afa55901-cf6dc74dbd900b4b05d3734e82359389-c8125c338be88cbe5780bcb6b1f920a9,TAQA Bratani Limited,United Kingdom of Great Britain and Northern Ireland,https://s3.us-east-2.amazonaws.com/rp-20-sources/mandatory-disclosure-report-f17494238ce3e0636806db957f812434-96715bb6d55fb82431b9f823afa55901-cf6dc74dbd900b4b05d3734e82359389-c8125c338be88cbe5780bcb6b1f920a9,.zip,01-01-2018,12-31-2018,04-22-2019
c6f2ede1c5713b53bcc15593e3e3316c,Tharisa plc,Cyprus,https://s3.us-east-2.amazonaws.com/rp-20-sources/mandatory-disclosure-report-c6f2ede1c5713b53bcc15593e3e3316c,.pdf,08-01-2017,09-30-2018
10bf62a9ff1c163cb93b3a3f62bd03eb,Randgold Resources Limited,United Kingdom of Great Britain and Northern Ireland,https://s3.us-east-2.amazonaws.com/rp-20-sources/mandatory-disclosure-report10bf62a9ff1c163cb93b3a3f62bd03eb,.html,01-01-2016,12-31-2016,06-30-2017
852bbdb98777e3b7ced7ad38b661551b,Silver Bull Resources Incorporated,Canada,https://s3.us-east-2.amazonaws.com/rp-20-sources/mandatory-disclosure-report852bbdb98777e3b7ced7ad38b661551b,.pdf,11-01-2015,10-31-2016,03-27-2017
9254a35bf172eacc25951cf9601b597c,Sinopec Daylight Energy Limited,Canada,https://s3.us-east-2.amazonaws.com/rp-20-sources/mandatory-disclosure-report9254a35bf172eacc25951cf9601b597c,.pdf,01-01-2016,12-31-2016,05-24-2017
a9f6e1b2e11d4fbe2b924d5fa2d227d5,Suedbayerisches Portland-Zementwerk Gebr Wiesboeck & Company GmbH,Germany,https://s3.us-east-2.amazonaws.com/rp-20-sources/mandatory-disclosure-report-a9f6e1b2e11d4fbe2b924d5fa2d227d5,.html,01-01-2016,12-31-2016,01-09-2018
472a4c419c2331fa134d7a4634a40c83-35b3ae8c1370fcf9e8540cf83ba38d1f-48f4cc38d615890d4df1984b1cffc0ed-3099687cca534f9e7db434c791e3de44,Suncor Energy UK Limited,United Kingdom of Great Britain and Northern Ireland,https://s3.us-east-2.amazonaws.com/rp-20-sources/mandatory-disclosure-report-472a4c419c2331fa134d7a4634a40c83-35b3ae8c1370fcf9e8540cf83ba38d1f-48f4cc38d615890d4df1984b1cffc0ed-3099687cca534f9e7db434c791e3de44,.zip,01-01-2018,12-31-2018,07-31-2019
a68e5868aaea03bcf3e68d379d81318d,Superman Resources Incorporated,Canada,https://s3.us-east-2.amazonaws.com/rp-20-sources/mandatory-disclosure-reporta68e5868aaea03bcf3e68d379d81318d,.pdf,01-01-2016,12-31-2016,05-17-2017
a7e972536dc79764b900e4fc0dab1736,Tangle Creek Energy Limited,Canada,https://s3.us-east-2.amazonaws.com/rp-20-sources/mandatory-disclosure-report-a7e972536dc79764b900e4fc0dab1736,.pdf,01-01-2017,12-31-2017,05-28-2018
924e1e7407349ee729ea8456d9d3fa93-7f7ade6e10df13845864bd4b5382f608-8f77961e794fd9367e6450ab1ed12d87-d429580a191fb6b709ac73333b225640,The Hills Group Limited,United Kingdom of Great Britain and Northern Ireland,https://s3.us-east-2.amazonaws.com/rp-20-sources/mandatory-disclosure-report-924e1e7407349ee729ea8456d9d3fa93-7f7ade6e10df13845864bd4b5382f608-8f77961e794fd9367e6450ab1ed12d87-d429580a191fb6b709ac73333b225640,.zip,05-01-2016,04-30-2017,03-14-2018
9af868e676e43374823200e0ba130f78,THEMAC Resources Group Limited,Canada,https://s3.us-east-2.amazonaws.com/rp-20-sources/mandatory-disclosure-report-9af868e676e43374823200e0ba130f78,.pdf,07-01-2018,06-30-2019,08-08-2019
77537e80a244a5969f83f491957f318c,TransAlta Corporation,Canada,https://s3.us-east-2.amazonaws.com/rp-20-sources/mandatory-disclosure-report77537e80a244a5969f83f491957f318c,.pdf,01-01-2016,12-31-2016,05-23-2017
11da5e3098e07e2ce25f5d0bb1012c77,Trident Exploration Corporation,Canada,https://s3.us-east-2.amazonaws.com/rp-20-sources/mandatory-disclosure-report11da5e3098e07e2ce25f5d0bb1012c77,.pdf,01-01-2017,12-31-2017,05-23-2018
6eb2967683d907206c00f5eea572e973,Trident Exploration Corporation,Canada,https://s3.us-east-2.amazonaws.com/rp-20-sources/mandatory-disclosure-report6eb2967683d907206c00f5eea572e973,.pdf,01-01-2016,12-31-2016,05-15-2017
ef6f8a11bb59aa08a6940613d7cffc88,R.W. Tomlinson Limited,Canada,https://s3.us-east-2.amazonaws.com/rp-20-sources/mandatory-disclosure-report-ef6f8a11bb59aa08a6940613d7cffc88,.pdf,11-01-2017,10-31-2018,03-27-2019
6e66362202bddf8eb0882fa55a67524e,Global Battery Metals Limited,Canada,https://s3.us-east-2.amazonaws.com/rp-20-sources/mandatory-disclosure-report-6e66362202bddf8eb0882fa55a67524e,.pdf,05-01-2017,04-30-2018,09-27-2018
bf3d011a8659c53c274509a114c6197d,Rincon Limited,Canada,https://s3.us-east-2.amazonaws.com/rp-20-sources/mandatory-disclosure-reportbf3d011a8659c53c274509a114c6197d,.pdf,01-01-2016,12-31-2016,05-24-2017
da51633e330907c81241cdc76658186b,Rolling Hills Energy Limited,Canada,https://s3.us-east-2.amazonaws.com/rp-20-sources/mandatory-disclosure-report-da51633e330907c81241cdc76658186b,.pdf,01-01-2018,12-31-2018,05-23-2019
c3b48ad2770c870b44058bd818f25929,Roxgold Incorporated,Canada,https://s3.us-east-2.amazonaws.com/rp-20-sources/mandatory-disclosure-reportc3b48ad2770c870b44058bd818f25929,.pdf,01-01-2017,12-31-2017,05-30-2018
7559f40947125ea657fa41d5332417d2,S.N.G.N. RomGaz S.A.,United Kingdom of Great Britain and Northern Ireland,https://s3.us-east-2.amazonaws.com/rp-20-sources/mandatory-disclosure-report7559f40947125ea657fa41d5332417d2,.html,01-01-2015,12-31-2015,07-01-2016
51a0813118ec60021ea9ef2c29717c32,Sandfire Resources America Incorporated,Canada,https://s3.us-east-2.amazonaws.com/rp-20-sources/mandatory-disclosure-report-51a0813118ec60021ea9ef2c29717c32,.pdf,07-01-2017,06-30-2018,06-04-2019
0c871899979c5a8489c654f316250d82,SDX Energy Incorporated,Canada,https://s3.us-east-2.amazonaws.com/rp-20-sources/mandatory-disclosure-report-0c871899979c5a8489c654f316250d82,.pdf,01-01-2018,12-31-2018,05-23-2019
be52ec42cf730df4d9b3e70faa359e32,Seplat Petroleum Development Company PLC,United Kingdom of Great Britain and Northern Ireland,https://s3.us-east-2.amazonaws.com/rp-20-sources/mandatory-disclosure-reportbe52ec42cf730df4d9b3e70faa359e32,.pdf,01-01-2017,12-31-2017,02-28-2018
3d9ce6811944bb4cd51c6647d4f7656d,Serafina Energy Limited,Canada,https://s3.us-east-2.amazonaws.com/rp-20-sources/mandatory-disclosure-report-3d9ce6811944bb4cd51c6647d4f7656d,.pdf,01-01-2016,12-31-2016,05-24-2019
289273a679100939276d7759db2fd259,Solnhofer Holding AG,Germany,https://s3.us-east-2.amazonaws.com/rp-20-sources/mandatory-disclosure-report-289273a679100939276d7759db2fd259,.html,01-01-2016,12-31-2016,12-21-2017
53c64c3f950a2810543ea27d42f452b7,South32,United Kingdom of Great Britain and Northern Ireland,https://s3.us-east-2.amazonaws.com/rp-20-sources/mandatory-disclosure-report-53c64c3f950a2810543ea27d42f452b7,.html,07-01-2018,06-30-2019,09-19-2019
14ae20436aa70ce2035bebd26945b9dd,Stonegate Agricom Limited,Canada,https://s3.us-east-2.amazonaws.com/rp-20-sources/mandatory-disclosure-report14ae20436aa70ce2035bebd26945b9dd,.pdf,01-01-2016,12-31-2016,05-25-2017
78040b9391c71bc70bbfd42370fa77a1,Tahoe Resources Incorporated,Canada,https://s3.us-east-2.amazonaws.com/rp-20-sources/mandatory-disclosure-report-78040b9391c71bc70bbfd42370fa77a1,.pdf,01-01-2016,12-31-2016,06-07-2017
1bf83d830491365f821988327546f770,Quaterra Resources Incorporated,Canada,https://s3.us-east-2.amazonaws.com/rp-20-sources/mandatory-disclosure-report-1bf83d830491365f821988327546f770,.pdf,01-01-2018,12-31-2018,05-20-2019
e38c088f841a73ad971135f4a64cf857,Questerre Energy Corporation,Canada,https://s3.us-east-2.amazonaws.com/rp-20-sources/Questerre Energy Corporation-e38c088f841a73ad971135f4a64cf857-report,.pdf,01-01-2016,12-31-2016,05-30-2017
83280204f231866fb18a7e26c45a8c98,RAG Aktiengesellschaft,Germany,https://s3.us-east-2.amazonaws.com/rp-20-sources/mandatory-disclosure-report-83280204f231866fb18a7e26c45a8c98,.html,01-01-2016,12-31-2016,09-20-2017
d2f57aa0a64f97c3421c371b4219c15c,Rosneft,United Kingdom of Great Britain and Northern Ireland,https://s3.us-east-2.amazonaws.com/rp-20-sources/mandatory-disclosure-reportd2f57aa0a64f97c3421c371b4219c15c,.pdf,01-01-2015,12-31-2015,06-30-2016
c367b2e5c081620fe014502efd4d28e5,Richmont Mines Incorporated,Canada,https://s3.us-east-2.amazonaws.com/rp-20-sources/mandatory-disclosure-reportc367b2e5c081620fe014502efd4d28e5,.pdf,01-01-2016,12-31-2016,05-25-2017
40ff22094440de97be66f9d5f8ee8d22-55ac30aeaaf03f6ce95f0d086e48692d-84f4ae653d1c696b2055346c84454f3f-b39291ad1dde15b87fb39f5954374bf0,Rio Tinto plc,United Kingdom of Great Britain and Northern Ireland,https://s3.us-east-2.amazonaws.com/rp-20-sources/mandatory-disclosure-report40ff22094440de97be66f9d5f8ee8d22-55ac30aeaaf03f6ce95f0d086e48692d-84f4ae653d1c696b2055346c84454f3f-b39291ad1dde15b87fb39f5954374bf0,.zip,01-01-2015,12-31-2015,06-29-2016
549f51a3e7474401944c705dc7e28eef,Roben Klinkerwerke GmbH & Co. KG,Germany,https://s3.us-east-2.amazonaws.com/rp-20-sources/mandatory-disclosure-report-549f51a3e7474401944c705dc7e28eef,.html,07-01-2016,06-30-2017,09-30-2019
b7ec4b871dc5604daee68b74dc1b14aa,Rosneft,United Kingdom of Great Britain and Northern Ireland,https://s3.us-east-2.amazonaws.com/rp-20-sources/mandatory-disclosure-reportb7ec4b871dc5604daee68b74dc1b14aa,.pdf,01-01-2016,12-31-2016
74f688eb43935bbbc243baf1a25dc364,SDX Energy Incorporated,Canada,https://s3.us-east-2.amazonaws.com/rp-20-sources/mandatory-disclosure-report-74f688eb43935bbbc243baf1a25dc364,.pdf,01-01-2017,12-31-2017,05-30-2018
28e96e269bc5b99c840ecf006beb2348,Seplat Petroleum Development Company PLC,United Kingdom of Great Britain and Northern Ireland,https://s3.us-east-2.amazonaws.com/rp-20-sources/mandatory-disclosure-report28e96e269bc5b99c840ecf006beb2348,.html,01-01-2015,12-31-2015,06-30-2016
f8e106542847df54c4f54ca7f60d724b,Saint-Gobain S.A.,France,https://s3.us-east-2.amazonaws.com/rp-20-sources/mandatory-disclosure-reportf8e106542847df54c4f54ca7f60d724b,.pdf,01-01-2017,12-31-2017,03-26-2018
c0f3cb523f1ef10004e244ef441a0c28-568877b8c71ecd0034a793b2f3dcc523-10cba7ba8cfb972f442454517cac2e85-bf6306ed3347af583edbb8134288ea01,Serabi Gold plc,United Kingdom of Great Britain and Northern Ireland,https://s3.us-east-2.amazonaws.com/rp-20-sources/mandatory-disclosure-reportc0f3cb523f1ef10004e244ef441a0c28-568877b8c71ecd0034a793b2f3dcc523-10cba7ba8cfb972f442454517cac2e85-bf6306ed3347af583edbb8134288ea01,.zip,01-01-2016,12-31-2016,12-15-2017
9ed0817c5ef2d02926a944ad3976ebee,Severstal,United Kingdom of Great Britain and Northern Ireland,https://s3.us-east-2.amazonaws.com/rp-20-sources/mandatory-disclosure-report9ed0817c5ef2d02926a944ad3976ebee,.pdf,01-01-2017,12-31-2017,06-05-2018
d1aff30184e4b33a15a576cd43c90e28,Shell Canada Energy Limited,Canada,https://s3.us-east-2.amazonaws.com/rp-20-sources/mandatory-disclosure-reportd1aff30184e4b33a15a576cd43c90e28,.pdf,01-01-2016,12-31-2016,05-30-2017
f295f313bdf5dee68dc570920fa4dfc1,Sherritt International Corporation,Canada,https://s3.us-east-2.amazonaws.com/rp-20-sources/mandatory-disclosure-reportf295f313bdf5dee68dc570920fa4dfc1,.pdf,01-01-2016,12-31-2016,05-29-2017
c40c3aa26184047e8652f2f7f34663a1,Silver Bear Resources PLC,Canada,https://s3.us-east-2.amazonaws.com/rp-20-sources/mandatory-disclosure-report-c40c3aa26184047e8652f2f7f34663a1,.pdf,01-01-2018,12-31-2018,05-13-2019
57925f99c17ee1e2da366babb66ebc3a,Silver One Resources Incorporated,Canada,https://s3.us-east-2.amazonaws.com/rp-20-sources/mandatory-disclosure-report57925f99c17ee1e2da366babb66ebc3a,.pdf,01-01-2017,12-31-2017,05-30-2018
a7b1b9123f591034b49a756b9b1e5713,Silver One Resources Incorporated,Canada,https://s3.us-east-2.amazonaws.com/rp-20-sources/mandatory-disclosure-report-a7b1b9123f591034b49a756b9b1e5713,.pdf,01-01-2018,12-31-2018,05-27-2019
cdce64c6697c3f7070f9d7bb207c498a,Sistema PJSFC,United Kingdom of Great Britain and Northern Ireland,https://s3.us-east-2.amazonaws.com/rp-20-sources/mandatory-disclosure-report-cdce64c6697c3f7070f9d7bb207c498a,.pdf,01-01-2015,12-31-2015
a8eb8386f7e91e3e511db3fbbd2e2c3c,Source Energy Services Limited,Canada,https://s3.us-east-2.amazonaws.com/rp-20-sources/mandatory-disclosure-report-a8eb8386f7e91e3e511db3fbbd2e2c3c,.pdf,01-01-2017,12-31-2017,05-28-2018
e0c1ae9935fd2420cef85547881a9639-3218c1032d9b653c8c20e301bf02251a-57fd14265680f31d7d5f0b3359a53033-d85be1989124d3f88c19e5f68966aac7,Pharos Energy Plc,United Kingdom of Great Britain and Northern Ireland,https://s3.us-east-2.amazonaws.com/rp-20-sources/mandatory-disclosure-report-e0c1ae9935fd2420cef85547881a9639-3218c1032d9b653c8c20e301bf02251a-57fd14265680f31d7d5f0b3359a53033-d85be1989124d3f88c19e5f68966aac7,.zip,01-01-2016,12-31-2016,10-16-2017
318bf737b0d125bf2b9ac5ea8427deae,SSR Mining Incorporated,Canada,https://s3.us-east-2.amazonaws.com/rp-20-sources/mandatory-disclosure-report318bf737b0d125bf2b9ac5ea8427deae,.pdf,01-01-2016,12-31-2016,05-30-2017
88c3d883eb8f0f76e473eb31e7fc608d-3653a3e71b418cbad1669e1aa96d9dbf-7f330362e2a871c6b5ec19f9a4167d8e-525ba1362b5dc20383286d21d8034b00,Suncor Energy UK Limited,United Kingdom of Great Britain and Northern Ireland,https://s3.us-east-2.amazonaws.com/rp-20-sources/mandatory-disclosure-report88c3d883eb8f0f76e473eb31e7fc608d-3653a3e71b418cbad1669e1aa96d9dbf-7f330362e2a871c6b5ec19f9a4167d8e-525ba1362b5dc20383286d21d8034b00,.zip,01-01-2016,12-31-2016,07-31-2017
9e1bb556603e5b1310b2ca47d7e07a24,Sudwestdeutsche Salzwerke AG,Germany,https://s3.us-east-2.amazonaws.com/rp-20-sources/mandatory-disclosure-report-9e1bb556603e5b1310b2ca47d7e07a24,.html,01-01-2018,12-31-2018,05-15-2019
00d3874ba38ddcedc029fbc2672c7411,Surge Energy Incorporated,Canada,https://s3.us-east-2.amazonaws.com/rp-20-sources/mandatory-disclosure-report00d3874ba38ddcedc029fbc2672c7411,.pdf,01-01-2016,12-31-2016,05-26-2017
2ad57984880d82d35f76b6cece7ec3b2-aa0200d6a98e14988bdc0bf345de6862-23ca79f1440ad4d81a6b65ba0f9bc1d7-84e1238964599cba87d0aaa1fac0a274,Tomori Exploration and Production Limited,United Kingdom of Great Britain and Northern Ireland,https://s3.us-east-2.amazonaws.com/rp-20-sources/mandatory-disclosure-report-2ad57984880d82d35f76b6cece7ec3b2-aa0200d6a98e14988bdc0bf345de6862-23ca79f1440ad4d81a6b65ba0f9bc1d7-84e1238964599cba87d0aaa1fac0a274,.zip,01-01-2017,12-31-2017,04-16-2019
fbf1656f8e5baa231266ae73782d6651,Tourmaline Oil Corporation,Canada,https://s3.us-east-2.amazonaws.com/rp-20-sources/mandatory-disclosure-report-fbf1656f8e5baa231266ae73782d6651,.pdf,01-01-2016,12-31-2016,05-15-2019
2cf742e67568eebcd545fa9769aa53c1-ae6e9bf03bf8c17d93cc084359349c53-dceda7ab68f83c62b5ceb7622f8f720f-81803dba85254fc6c9cb4139d575c4f8,Trans-Siberian Gold plc,United Kingdom of Great Britain and Northern Ireland,https://s3.us-east-2.amazonaws.com/rp-20-sources/mandatory-disclosure-report2cf742e67568eebcd545fa9769aa53c1-ae6e9bf03bf8c17d93cc084359349c53-dceda7ab68f83c62b5ceb7622f8f720f-81803dba85254fc6c9cb4139d575c4f8,.zip,01-01-2015,12-31-2015,11-30-2016
527fab7e8c432acbfb0fb3af9a8af4ef,Questfire Energy Corporation,Canada,https://s3.us-east-2.amazonaws.com/rp-20-sources/mandatory-disclosure-report527fab7e8c432acbfb0fb3af9a8af4ef,.pdf,01-01-2016,12-31-2016,05-30-2017
1119abc58c19f6877525c47bd9b32044,Red Pine Exploration Incorporated,Canada,https://s3.us-east-2.amazonaws.com/rp-20-sources/mandatory-disclosure-report-1119abc58c19f6877525c47bd9b32044,.pdf,08-01-2016,07-31-2017,12-31-2017
f01749bf1d0e79e90d007f2f8fd6cdaf,Renaissance Oil Corporation,Canada,https://s3.us-east-2.amazonaws.com/rp-20-sources/mandatory-disclosure-report-f01749bf1d0e79e90d007f2f8fd6cdaf,.pdf,01-01-2018,12-31-2018,05-30-2019
9ce35b91d95f04d81534a3510a8a53d6,Rugby Mining Limited,Canada,https://s3.us-east-2.amazonaws.com/rp-20-sources/mandatory-disclosure-report-9ce35b91d95f04d81534a3510a8a53d6,.pdf,03-01-2018,02-28-2019,07-03-2019
04bb378f71729363f6f18bc63a646ce1,Saguaro Resources Limited,Canada,https://s3.us-east-2.amazonaws.com/rp-20-sources/mandatory-disclosure-report04bb378f71729363f6f18bc63a646ce1,.pdf,01-01-2016,12-31-2016,05-30-2017
8e2569614270f3d8b9e7038efac9f116,Sandfire Resources America Incorporated,Canada,https://s3.us-east-2.amazonaws.com/rp-20-sources/mandatory-disclosure-report-8e2569614270f3d8b9e7038efac9f116,.pdf,07-01-2018,06-30-2019,09-30-2019
aeceecda0ba37e703969394f1f4ceefe,SilverCrest Metals Incorporated,Canada,https://s3.us-east-2.amazonaws.com/rp-20-sources/mandatory-disclosure-report-aeceecda0ba37e703969394f1f4ceefe,.pdf,01-01-2018,12-31-2018,05-30-2019
0d0d989d8981101ef3ba41f76bc861c3,Spartan Energy Corporation,Canada,https://s3.us-east-2.amazonaws.com/rp-20-sources/mandatory-disclosure-report0d0d989d8981101ef3ba41f76bc861c3,.pdf,01-01-2016,12-31-2016,05-29-2017
5e4bc4c6b17fa6353af7dc8d84c662f0,Sprott Resource Holdings Incorporated,Canada,https://s3.us-east-2.amazonaws.com/rp-20-sources/mandatory-disclosure-report5e4bc4c6b17fa6353af7dc8d84c662f0,.pdf,01-01-2017,12-31-2017,05-29-2018
34511425207c26b421f6afd179d16fca,Spur Petroleum Limited,Canada,https://s3.us-east-2.amazonaws.com/rp-20-sources/mandatory-disclosure-report-34511425207c26b421f6afd179d16fca,.pdf,01-01-2018,12-31-2018,04-25-2019
7af7e3f3af66e7b98d5d530475043606,Strath Resources Limited,Canada,https://s3.us-east-2.amazonaws.com/rp-20-sources/mandatory-disclosure-report-7af7e3f3af66e7b98d5d530475043606,.pdf,01-01-2018,12-31-2018,04-30-2019
283b31a5ac8fef43bcae70010b04fa02,Torq Resources Incorporated,Canada,https://s3.us-east-2.amazonaws.com/rp-20-sources/mandatory-disclosure-report-283b31a5ac8fef43bcae70010b04fa02,.pdf,01-01-2018,12-31-2018,09-25-2019
3a97dc090b5f8fc57e353639eca5d98e,Touchstone Exploration Incorporated,Canada,https://s3.us-east-2.amazonaws.com/rp-20-sources/mandatory-disclosure-report-3a97dc090b5f8fc57e353639eca5d98e,.pdf,01-01-2018,12-31-2018,05-24-2019
6033f3dc3fef74a54f586d25b332236e,Rosneft,United Kingdom of Great Britain and Northern Ireland,https://s3.us-east-2.amazonaws.com/rp-20-sources/mandatory-disclosure-report6033f3dc3fef74a54f586d25b332236e,.pdf,01-01-2017,12-31-2017,06-29-2018
f9ba5984ebdd9a9c4be1d2f167dbdc0f,Rubicon Minerals Corporation,Canada,https://s3.us-east-2.amazonaws.com/rp-20-sources/mandatory-disclosure-report-f9ba5984ebdd9a9c4be1d2f167dbdc0f,.pdf,01-01-2018,12-31-2018,05-30-2019
d0d782f489d7dca8b7ad1f8c6380c5c0,Rupert Resources Ltd.,Canada,https://s3.us-east-2.amazonaws.com/rp-20-sources/mandatory-disclosure-report-d0d782f489d7dca8b7ad1f8c6380c5c0,.xlsx,03-01-2018,02-28-2019,08-19-2019
c6001f1e7df8e3d522c23121556f1532,Serinus Energy Incorporated,Canada,https://s3.us-east-2.amazonaws.com/rp-20-sources/mandatory-disclosure-report-c6001f1e7df8e3d522c23121556f1532,.pdf,01-01-2018,12-31-2018,05-31-2019
ae1503f0cbca0ac069dfdb1e3ce7aafa,Severni energeticka a.s.,Czechia,https://s3.us-east-2.amazonaws.com/rp-20-sources/mandatory-disclosure-report-ae1503f0cbca0ac069dfdb1e3ce7aafa,.pdf,01-01-2016,12-31-2016
3a07025b41447be679a5bbaa6d17c845,"Sokolovska uhelna, pravni nastupce, a.s.",Czechia,https://s3.us-east-2.amazonaws.com/rp-20-sources/mandatory-disclosure-report-3a07025b41447be679a5bbaa6d17c845,.pdf,01-01-2016,12-31-2016,06-30-2017
bac5f8a4fda18072fd3e6eaa23cefb3b,Stornoway Diamond Corporation,Canada,https://s3.us-east-2.amazonaws.com/rp-20-sources/mandatory-disclosure-report-bac5f8a4fda18072fd3e6eaa23cefb3b,.pdf,01-01-2018,12-31-2018,05-30-2019
a72812661234c91d0731dc12feea6ae4,Superior Gold Incorporated,Canada,https://s3.us-east-2.amazonaws.com/rp-20-sources/mandatory-disclosure-report-a72812661234c91d0731dc12feea6ae4,.pdf,01-01-2018,12-31-2018,05-27-2019
c715dc2337950f96ebcb4e5af621338e,Tamarack Valley Energy Limited,Canada,https://s3.us-east-2.amazonaws.com/rp-20-sources/mandatory-disclosure-reportc715dc2337950f96ebcb4e5af621338e,.pdf,01-01-2016,12-31-2016,05-16-2017
0d8f9afe7d79ab3b6fef184bf7353956-9ce0637a2fbe503fbd49df2d9a8a5eff-2d4d9473b05b7b7ead5cb56c43fe128f-92ff8e53e8cd3a399a98e9b5e5dafacc,TAQA Bratani Limited,United Kingdom of Great Britain and Northern Ireland,https://s3.us-east-2.amazonaws.com/rp-20-sources/mandatory-disclosure-report-0d8f9afe7d79ab3b6fef184bf7353956-9ce0637a2fbe503fbd49df2d9a8a5eff-2d4d9473b05b7b7ead5cb56c43fe128f-92ff8e53e8cd3a399a98e9b5e5dafacc,.zip,01-01-2017,12-31-2017,04-22-2019
46a52688a7a20ebe515328494f4e7e47,Taseko Mines Limited,Canada,https://s3.us-east-2.amazonaws.com/rp-20-sources/mandatory-disclosure-report46a52688a7a20ebe515328494f4e7e47,.pdf,01-01-2016,12-31-2016,05-29-2017
b021bd795e950c37d9f58c9d58d1279c,Tharisa plc,United Kingdom of Great Britain and Northern Ireland,https://s3.us-east-2.amazonaws.com/rp-20-sources/mandatory-disclosure-reportb021bd795e950c37d9f58c9d58d1279c,.pdf,10-01-2015,09-30-2016,01-01-2017
16a8eeb9951061dddf69760bbae78e32,Qmx Gold Corporation,Canada,https://s3.us-east-2.amazonaws.com/rp-20-sources/mandatory-disclosure-report16a8eeb9951061dddf69760bbae78e32,.pdf,01-01-2017,12-31-2017
594bc2484dafcde563f43f1d8dc29f9f,Raging River Exploration Incorporated,Canada,https://s3.us-east-2.amazonaws.com/rp-20-sources/mandatory-disclosure-report594bc2484dafcde563f43f1d8dc29f9f,.pdf,01-01-2017,12-31-2017,05-25-2018
f90dc3b241abc10fc6515f06ea25fab0,Repsol S.A.,Spain,https://s3.us-east-2.amazonaws.com/rp-20-sources/mandatory-disclosure-report-f90dc3b241abc10fc6515f06ea25fab0,.pdf,01-01-2017,12-31-2017,02-18-2018
4b5bbb35fd3681990e1ab644ee26d87f,Rifle Shot Oil Corporation,Canada,https://s3.us-east-2.amazonaws.com/rp-20-sources/mandatory-disclosure-report4b5bbb35fd3681990e1ab644ee26d87f,.pdf,01-01-2017,12-31-2017,05-28-2018
e46d27e7c53bf44be371ff57d3044103,S.N.G.N. RomGaz S.A.,Romania,https://s3.us-east-2.amazonaws.com/rp-20-sources/mandatory-disclosure-reporte46d27e7c53bf44be371ff57d3044103,.pdf,01-01-2016,12-31-2016
6715dc4de070364c178a57a159daccae,Sabina Gold & Silver Corporation,Canada,https://s3.us-east-2.amazonaws.com/rp-20-sources/mandatory-disclosure-report6715dc4de070364c178a57a159daccae,.pdf,01-01-2016,12-31-2016,05-30-2017
762adc2700503ba95f0fe31e2a23a66f,Roxgold Incorporated,Canada,https://s3.us-east-2.amazonaws.com/rp-20-sources/mandatory-disclosure-report-762adc2700503ba95f0fe31e2a23a66f,.pdf,01-01-2018,12-31-2018,05-27-2019
7cc24e6f10fbd5bdf910612b0a12a5f0,SanLing Energy Limited,Canada,https://s3.us-east-2.amazonaws.com/rp-20-sources/mandatory-disclosure-report7cc24e6f10fbd5bdf910612b0a12a5f0,.pdf,01-01-2016,12-31-2016,05-12-2017
270f0c5ae1062606805965b1de94fe8e,Rugby Mining Limited,Canada,https://s3.us-east-2.amazonaws.com/rp-20-sources/mandatory-disclosure-report-270f0c5ae1062606805965b1de94fe8e,.pdf,03-01-2017,02-28-2018,07-11-2018
424d1673d16ad2756e2319d327efe880,S.N.G.N. RomGaz S.A.,Romania,https://s3.us-east-2.amazonaws.com/rp-20-sources/mandatory-disclosure-report424d1673d16ad2756e2319d327efe880,.html,01-01-2017,12-31-2017,04-27-2018
fb4994890f80086c95d49ecbca86e32d,Salazar Resources Ltd.,Canada,https://s3.us-east-2.amazonaws.com/rp-20-sources/mandatory-disclosure-report-fb4994890f80086c95d49ecbca86e32d,.pdf,01-01-2018,12-31-2018,02-25-2019
3c419286f2bcdfe5b12c0e50dbd8800e,SaskPower,Canada,https://s3.us-east-2.amazonaws.com/rp-20-sources/mandatory-disclosure-report-3c419286f2bcdfe5b12c0e50dbd8800e,.pdf,04-01-2016,03-31-2017,07-22-2019
524209c4114c5dd058da308a025d68e0,Sierra Metals Incorporated,Canada,https://s3.us-east-2.amazonaws.com/rp-20-sources/mandatory-disclosure-report524209c4114c5dd058da308a025d68e0,.pdf,01-01-2016,12-31-2016,05-29-2017
ee36bb4241a7f7803b6251b9ddd24823,SilverCrest Metals Incorporated,Canada,https://s3.us-east-2.amazonaws.com/rp-20-sources/mandatory-disclosure-report-ee36bb4241a7f7803b6251b9ddd24823,.pdf,01-01-2017,12-31-2017,05-30-2019
0a5250a4eb3e172f7168efe0546bbe41,Source Energy Services US Limited Partnership,Canada,https://s3.us-east-2.amazonaws.com/rp-20-sources/mandatory-disclosure-report0a5250a4eb3e172f7168efe0546bbe41,.pdf,01-01-2016,12-31-2016,05-29-2017
896da12c322123600699e690cde078d7,SSR Mining Incorporated,Canada,https://s3.us-east-2.amazonaws.com/rp-20-sources/mandatory-disclosure-report-896da12c322123600699e690cde078d7,.pdf,01-01-2018,12-31-2018,05-30-2019
86b614318b308b3eeb86b2733243edca,Storm Resources Limited,Canada,https://s3.us-east-2.amazonaws.com/rp-20-sources/mandatory-disclosure-report86b614318b308b3eeb86b2733243edca,.pdf,01-01-2017,12-31-2017,05-29-2018
0149a82a60d60165370ff1718878aa9a,Striker Exploration Corporation,Canada,https://s3.us-east-2.amazonaws.com/rp-20-sources/mandatory-disclosure-report0149a82a60d60165370ff1718878aa9a,.pdf,01-01-2016,07-27-2016,05-24-2017
4e830f7929aa975eade397c1761a4d89,Tharisa plc,United Kingdom of Great Britain and Northern Ireland,https://s3.us-east-2.amazonaws.com/rp-20-sources/mandatory-disclosure-report-4e830f7929aa975eade397c1761a4d89,.pdf,10-01-2018,09-30-2019
fc1ef37f253481afe4ac1ccd885a0a94,Tangle Creek Energy Limited,Canada,https://s3.us-east-2.amazonaws.com/rp-20-sources/mandatory-disclosure-reportfc1ef37f253481afe4ac1ccd885a0a94,.pdf,01-01-2016,12-31-2016,05-24-2017
1c0123c816dfae3b17a8dff592e52298-a8102e265b53309a20161425f1bb4a0c-b2b2ca33c632fa3e159fe7885bd62a80-7b0dfb84bf8533fa5a69167f72469724,TAQA Bratani Limited,United Kingdom of Great Britain and Northern Ireland,https://s3.us-east-2.amazonaws.com/rp-20-sources/mandatory-disclosure-report-1c0123c816dfae3b17a8dff592e52298-a8102e265b53309a20161425f1bb4a0c-b2b2ca33c632fa3e159fe7885bd62a80-7b0dfb84bf8533fa5a69167f72469724,.zip,01-01-2016,12-31-2016,04-22-2019
e404b2a6293aafe4b551d74a37908428,Thor Explorations Ltd.,Canada,https://s3.us-east-2.amazonaws.com/rp-20-sources/mandatory-disclosure-report-e404b2a6293aafe4b551d74a37908428,.pdf,01-01-2018,12-31-2018,06-24-2019
d4d0883ca589061a8f08a07f0762add8,TORC Oil and Gas Limited,Canada,https://s3.us-east-2.amazonaws.com/rp-20-sources/mandatory-disclosure-reportd4d0883ca589061a8f08a07f0762add8,.pdf,01-01-2017,12-31-2017,05-30-2018
1cee782ff3e052aae70fabc0018257a4,TransGlobe Energy Corporation,Canada,https://s3.us-east-2.amazonaws.com/rp-20-sources/mandatory-disclosure-report1cee782ff3e052aae70fabc0018257a4,.pdf,01-01-2017,12-31-2017,05-23-2018
be9ed99c48693fe55a152f74b4303801-2b7cf906bd0a5f85a37e8830928db985-fb92fc510073c37b31e1b92df6bac99b-f6a84700431781fb92fe3c5da5d79644,Trans-Siberian Gold plc,United Kingdom of Great Britain and Northern Ireland,https://s3.us-east-2.amazonaws.com/rp-20-sources/mandatory-disclosure-report-be9ed99c48693fe55a152f74b4303801-2b7cf906bd0a5f85a37e8830928db985-fb92fc510073c37b31e1b92df6bac99b-f6a84700431781fb92fe3c5da5d79644,.zip,01-01-2016,12-31-2016,06-08-2018
e2afe35715831ddc5fbe792db027116c,TransAlta Corporation,Canada,https://s3.us-east-2.amazonaws.com/rp-20-sources/mandatory-disclosure-reporte2afe35715831ddc5fbe792db027116c,.pdf,01-01-2017,12-31-2017,05-25-2018
61ae23a4c234310fef88fcdee6ef4c06,RAG Anthrazit Ibbenburen GmbH,Germany,https://s3.us-east-2.amazonaws.com/rp-20-sources/mandatory-disclosure-report-61ae23a4c234310fef88fcdee6ef4c06,.html,01-01-2016,12-31-2016,09-20-2017
15feb505d22f777c52e031f004973ee5,Randgold Resources Limited,United Kingdom of Great Britain and Northern Ireland,https://s3.us-east-2.amazonaws.com/rp-20-sources/mandatory-disclosure-report15feb505d22f777c52e031f004973ee5,.html,01-01-2017,12-31-2017,06-29-2018
3b5c4b8ff6323c5398385a8a52da3700,Sabina Gold & Silver Corporation,Canada,https://s3.us-east-2.amazonaws.com/rp-20-sources/mandatory-disclosure-report-3b5c4b8ff6323c5398385a8a52da3700,.pdf,01-01-2017,12-31-2017,05-17-2018
ba87172a83e921efe65517650b59b335,SDX Energy Incorporated,Canada,https://s3.us-east-2.amazonaws.com/rp-20-sources/mandatory-disclosure-reportba87172a83e921efe65517650b59b335,.pdf,01-01-2016,12-31-2016,08-21-2017
3d92db08bc1a84374c01018e96a88beb-78a0fdddafb687f4bb2ab615c0835e9d-5a9e7fd758071982ec27a3eaf4b4f1d1-cadcd98432f1bc6a269c983d534edf7b,Serabi Gold plc,United Kingdom of Great Britain and Northern Ireland,https://s3.us-east-2.amazonaws.com/rp-20-sources/mandatory-disclosure-report-3d92db08bc1a84374c01018e96a88beb-78a0fdddafb687f4bb2ab615c0835e9d-5a9e7fd758071982ec27a3eaf4b4f1d1-cadcd98432f1bc6a269c983d534edf7b,.zip,01-01-2018,12-31-2018,11-27-2019
5d73b17d95ed793fb5f99eea2da39f57,Steelhead Petroleum Limited,Canada,https://s3.us-east-2.amazonaws.com/rp-20-sources/mandatory-disclosure-report-5d73b17d95ed793fb5f99eea2da39f57,.pdf,01-01-2018,12-31-2018,05-28-2019
2af84dab442927d4f8ae89df6c6910b3,TAG Oil Limited,Canada,https://s3.us-east-2.amazonaws.com/rp-20-sources/mandatory-disclosure-report-2af84dab442927d4f8ae89df6c6910b3,.pdf,04-01-2017,03-31-2018,07-25-2018
dbca74b3a9e1216cc0eca276e12db9c4,TAURON Polska Energia,Poland,https://s3.us-east-2.amazonaws.com/rp-20-sources/mandatory-disclosure-reportdbca74b3a9e1216cc0eca276e12db9c4,.pdf,01-01-2017,12-31-2017,03-12-2018
08d437e256be90d6b2cd0caec3fadf2b,TAURON Polska Energia,Poland,https://s3.us-east-2.amazonaws.com/rp-20-sources/mandatory-disclosure-report-08d437e256be90d6b2cd0caec3fadf2b,.pdf,01-01-2018,12-31-2018,03-29-2019
2231088c6eae35ec610694e258d5c7cc,Tharisa plc,Cyprus,https://s3.us-east-2.amazonaws.com/rp-20-sources/mandatory-disclosure-report2231088c6eae35ec610694e258d5c7cc,.pdf,10-01-2016,09-30-2017,01-01-2018
d48e55d076ca568b23a0adee4187b199,TORC Oil and Gas Limited,Canada,https://s3.us-east-2.amazonaws.com/rp-20-sources/mandatory-disclosure-report-d48e55d076ca568b23a0adee4187b199,.pdf,01-01-2018,12-31-2018,05-28-2019
03b0b13d3816e71c425778051ed1c15c,Toro Oil and Gas Limited,Canada,https://s3.us-east-2.amazonaws.com/rp-20-sources/mandatory-disclosure-report03b0b13d3816e71c425778051ed1c15c,.pdf,01-01-2016,12-31-2016,05-15-2017
7ee5c75b9cc29b624fac43ed09d5cf5a-dc6bf0946fb448278572f56dfc6b31aa-338005245609213f6ecbdcf01b3e856f-3f08d34f71a00abcbda08f8c643cf512,Tomori Exploration and Production Limited,United Kingdom of Great Britain and Northern Ireland,https://s3.us-east-2.amazonaws.com/rp-20-sources/mandatory-disclosure-report-7ee5c75b9cc29b624fac43ed09d5cf5a-dc6bf0946fb448278572f56dfc6b31aa-338005245609213f6ecbdcf01b3e856f-3f08d34f71a00abcbda08f8c643cf512,.zip,01-01-2018,12-31-2018,04-16-2019
8d6dacd1dd20ef5821c4ad16f8ecffc0,Transatlantic Mining Corp.,Canada,https://s3.us-east-2.amazonaws.com/rp-20-sources/mandatory-disclosure-report-8d6dacd1dd20ef5821c4ad16f8ecffc0,.pdf,01-01-2016,12-31-2016,09-24-2018
d36415ab4048731a294296758e689a5e,Transatlantic Mining Corp.,Canada,https://s3.us-east-2.amazonaws.com/rp-20-sources/mandatory-disclosure-report-d36415ab4048731a294296758e689a5e,.pdf,01-01-2017,12-31-2017,09-24-2018
d1285ec2569b1c98deb149b66f114478,Ur-Energy Incorporated,Canada,https://s3.us-east-2.amazonaws.com/rp-20-sources/mandatory-disclosure-reportd1285ec2569b1c98deb149b66f114478,.pdf,01-01-2016,12-31-2016,04-26-2017
848e234b376417934eaa133ad659b9f9-19882fbb79d5b30fe773f73e4633daef-9db6104b1d1ce4a80928cc47c7f3a831-363c68ddd76c62e129c7f30faf82bc6a,Tullow Oil PLC,United Kingdom of Great Britain and Northern Ireland,https://s3.us-east-2.amazonaws.com/rp-20-sources/mandatory-disclosure-report848e234b376417934eaa133ad659b9f9-19882fbb79d5b30fe773f73e4633daef-9db6104b1d1ce4a80928cc47c7f3a831-363c68ddd76c62e129c7f30faf82bc6a,.zip,01-01-2015,12-31-2015,11-28-2016
d2436b451f2a849a6607bbb94527db4a,Troilus Gold Corporation,Canada,https://s3.us-east-2.amazonaws.com/rp-20-sources/mandatory-disclosure-report-d2436b451f2a849a6607bbb94527db4a,.pdf,08-01-2017,07-31-2018,11-16-2018
27646b343be8d1020c2b2ad78b8dfbea,Yangarra Resources Limited,Canada,https://s3.us-east-2.amazonaws.com/rp-20-sources/mandatory-disclosure-report27646b343be8d1020c2b2ad78b8dfbea,.pdf,01-01-2017,12-31-2017,05-17-2018
abe5dc15f7a92b6734f0d7e5f9a3a04b,Yara International ASA,Norway,https://s3.us-east-2.amazonaws.com/rp-20-sources/mandatory-disclosure-reportabe5dc15f7a92b6734f0d7e5f9a3a04b,.pdf,01-01-2016,12-31-2016
be7c45afb3a3f368d9413c6704853127,Treasury Metals Incorporated,Canada,https://s3.us-east-2.amazonaws.com/rp-20-sources/mandatory-disclosure-report-be7c45afb3a3f368d9413c6704853127,.pdf,01-01-2018,12-31-2018,04-17-2019
c60d436986877724cd48ef0d43fe3212,United Company RUSAL Plc,France,https://s3.us-east-2.amazonaws.com/rp-20-sources/mandatory-disclosure-reportc60d436986877724cd48ef0d43fe3212,.pdf,01-01-2017,12-31-2017
8ad7c8c2f71b21eeea875dc25bd3550a,Ur-Energy Incorporated,Canada,https://s3.us-east-2.amazonaws.com/rp-20-sources/mandatory-disclosure-report-8ad7c8c2f71b21eeea875dc25bd3550a,.pdf,01-01-2018,12-31-2018,05-07-2019
e233e8c336e5262264c3fd09c3d7e106,Victoria Gold Corporation,Canada,https://s3.us-east-2.amazonaws.com/rp-20-sources/mandatory-disclosure-report-e233e8c336e5262264c3fd09c3d7e106,.pdf,03-01-2017,02-28-2018,07-20-2018
b83d305c37c5af0f70cc9094afdafff9,United Company RUSAL Plc,France,https://s3.us-east-2.amazonaws.com/rp-20-sources/mandatory-disclosure-reportb83d305c37c5af0f70cc9094afdafff9,.pdf,01-01-2015,12-31-2015,06-30-2016
37a1cbc589ce43fbd1fdd54b3c570e58,Wesdome Gold Mines Limited,Canada,https://s3.us-east-2.amazonaws.com/rp-20-sources/mandatory-disclosure-report-37a1cbc589ce43fbd1fdd54b3c570e58,.pdf,01-01-2018,12-31-2018,02-27-2019
95cdd929863aa9f399db2a0ef716de1a,Western Potash Corporation,Canada,https://s3.us-east-2.amazonaws.com/rp-20-sources/mandatory-disclosure-report-95cdd929863aa9f399db2a0ef716de1a,.pdf,10-01-2018,09-30-2019,01-31-2020
b6c982e1bb03cf495bf41c224fe5e948,Rochester Resources Limited,Canada,https://s3.us-east-2.amazonaws.com/rp-20-sources/mandatory-disclosure-report-b6c982e1bb03cf495bf41c224fe5e948,.xlsx,06-01-2018,05-31-2019,12-02-2019
c920ac793a0f40ba2676d071355b10fb,Yamana Gold Incorporated,Canada,https://s3.us-east-2.amazonaws.com/rp-20-sources/mandatory-disclosure-reportc920ac793a0f40ba2676d071355b10fb,.pdf,01-01-2016,12-31-2016,05-30-2017
cbce1d116dca75c3c9c33308f75a39e5,BEB Erdgas und Erdol GmbH and Company KG,Germany,https://s3.us-east-2.amazonaws.com/rp-20-sources/mandatory-disclosure-report-cbce1d116dca75c3c9c33308f75a39e5,.html,01-01-2018,12-31-2018,01-24-2020
63ff86674187925de60f7fb35450d086,NovaGold Resources Incorporated,Canada,https://s3.us-east-2.amazonaws.com/rp-20-sources/mandatory-disclosure-report-63ff86674187925de60f7fb35450d086,.pdf,12-01-2018,11-30-2019,03-25-2020
f2e7c9d0e86c78acecd8148b2f719266,Discovery Metals Corporation,Canada,https://s3.us-east-2.amazonaws.com/rp-20-sources/mandatory-disclosure-report-f2e7c9d0e86c78acecd8148b2f719266,.pdf,01-01-2018,12-31-2018,05-09-2019
cfbba447b81b49a09309654e714088f1,"Polar Star Canadian Oil and Gas Holding, Incorporated",Canada,https://s3.us-east-2.amazonaws.com/rp-20-sources/mandatory-disclosure-report-cfbba447b81b49a09309654e714088f1,.pdf,01-31-2019,12-31-2019,05-01-2020
04fa1472696ce45f3c2439a39af79d87,NV Gold Corporation,Canada,https://s3.us-east-2.amazonaws.com/rp-20-sources/mandatory-disclosure-report-04fa1472696ce45f3c2439a39af79d87,.xlsx,09-01-2018,08-31-2019,12-19-2019
ccaab8e19cce26978b6646d9f42680f0,Vitol Holding II S.A.,Luxembourg,https://s3.us-east-2.amazonaws.com/rp-20-sources/mandatory-disclosure-report-ccaab8e19cce26978b6646d9f42680f0,.pdf,01-01-2018,12-31-2018
2b248112a79f3244fabc371040384eea,West Kirkland Mining Incorporated,Canada,https://s3.us-east-2.amazonaws.com/rp-20-sources/mandatory-disclosure-report-2b248112a79f3244fabc371040384eea,.pdf,01-01-2019,12-31-2019,01-30-2020
6f31ad51cbf9faa2c98da9332b04d882,Itafos,Canada,https://s3.us-east-2.amazonaws.com/rp-20-sources/mandatory-disclosure-report-6f31ad51cbf9faa2c98da9332b04d882,.pdf,01-01-2019,12-31-2019,04-01-2020
7f3c34ca9c00b97ee9ba4390194c46e9,CruzSur Energy Corporation,Canada,https://s3.us-east-2.amazonaws.com/rp-20-sources/mandatory-disclosure-report-7f3c34ca9c00b97ee9ba4390194c46e9,.pdf,01-01-2019,12-31-2019,05-21-2020
2f7fff5eab6b230c1697794aef7c58a1,Sinopec Daylight Energy Limited,Canada,https://s3.us-east-2.amazonaws.com/rp-20-sources/mandatory-disclosure-report-2f7fff5eab6b230c1697794aef7c58a1,.pdf,01-01-2019,12-31-2019,04-27-2020
b67f183960ef2dc58821385e58127d14,Stornoway Diamond Corporation,Canada,https://s3.us-east-2.amazonaws.com/rp-20-sources/mandatory-disclosure-report-b67f183960ef2dc58821385e58127d14,.pdf,01-01-2019,12-31-2019,04-03-2020
e68b6e08db77efee5617ff8c2d70bbc1,Leucrotta Exploration Incorporated,Canada,https://s3.us-east-2.amazonaws.com/rp-20-sources/mandatory-disclosure-report-e68b6e08db77efee5617ff8c2d70bbc1,.pdf,01-01-2019,12-31-2019,05-27-2020
d77b8da4f29f67aae722b1121e4a6497,Rambler Metals and Mining Canada Limited,Canada,https://s3.us-east-2.amazonaws.com/rp-20-sources/mandatory-disclosure-report-d77b8da4f29f67aae722b1121e4a6497,.pdf,01-01-2019,12-31-2019,05-07-2020
1db576f7c87a85c9d32d0fcc7fd39129,Yamana Gold Incorporated,Canada,https://s3.us-east-2.amazonaws.com/rp-20-sources/mandatory-disclosure-report-1db576f7c87a85c9d32d0fcc7fd39129,.pdf,01-01-2019,12-31-2019,06-05-2020
19959e3edd42f61d143ef8d45870437a,Rolling Hills Energy Limited,Canada,https://s3.us-east-2.amazonaws.com/rp-20-sources/mandatory-disclosure-report-19959e3edd42f61d143ef8d45870437a,.pdf,01-01-2019,12-31-2019,05-22-2020
3fad15f6ae8126b7b0b637af91fdb1e8,Aquila Resources Incorporated,Canada,https://s3.us-east-2.amazonaws.com/rp-20-sources/mandatory-disclosure-report-3fad15f6ae8126b7b0b637af91fdb1e8,.pdf,01-01-2019,12-31-2019,05-31-2020
e9934cf0792e98241f257b6521d96ba9,Longshore Resources Limited,Canada,https://s3.us-east-2.amazonaws.com/rp-20-sources/mandatory-disclosure-report-e9934cf0792e98241f257b6521d96ba9,.pdf,01-01-2019,12-31-2019,05-29-2020
4f3dc78220416a75fb3d7253654fea1a,Galane Gold Limited,Canada,https://s3.us-east-2.amazonaws.com/rp-20-sources/mandatory-disclosure-report-4f3dc78220416a75fb3d7253654fea1a,.pdf,01-01-2019,12-31-2019,05-28-2020
53c218ff57559aee62795ba955fb57ce,Vermilion Energy Incorporated,Canada,https://s3.us-east-2.amazonaws.com/rp-20-sources/mandatory-disclosure-report-53c218ff57559aee62795ba955fb57ce,.pdf,01-01-2018,12-31-2018,12-10-2019
759ffada83381fee40a75ecfef830d8a,Vital Energy Incorporated,Canada,https://s3.us-east-2.amazonaws.com/rp-20-sources/mandatory-disclosure-report759ffada83381fee40a75ecfef830d8a,.pdf,01-01-2017,12-31-2017,05-11-2018
d2ff7c829877cff4cd0b448be72362e2,Vista Gold Corporation,Canada,https://s3.us-east-2.amazonaws.com/rp-20-sources/mandatory-disclosure-reportd2ff7c829877cff4cd0b448be72362e2,.pdf,01-01-2016,12-31-2016,05-29-2017
a1288543b66d3097ff596c364288e030,Vitol Holding II S.A.,Luxembourg,https://s3.us-east-2.amazonaws.com/rp-20-sources/mandatory-disclosure-reporta1288543b66d3097ff596c364288e030,.pdf,01-01-2016,12-31-2016
2ae6b4261e8368aa09bcb15c8c3b4387,VNG - Verbundnetz Gas Aktiengesellschaft,Germany,https://s3.us-east-2.amazonaws.com/rp-20-sources/mandatory-disclosure-report-2ae6b4261e8368aa09bcb15c8c3b4387,.html,01-01-2017,05-17-2017,10-04-2018
b19372560a2be8aedf20c8f63bd9db29,William Day Construction Limited,Canada,https://s3.us-east-2.amazonaws.com/rp-20-sources/mandatory-disclosure-report-b19372560a2be8aedf20c8f63bd9db29,.html,04-01-2018,03-31-2019,12-06-2019
868766b56e2d81c2eeabae3ceb66bf10,ZE PAK S.A.,Poland,https://s3.us-east-2.amazonaws.com/rp-20-sources/mandatory-disclosure-report-868766b56e2d81c2eeabae3ceb66bf10,.pdf,01-01-2016,12-31-2016,03-21-2017
3a4447d389ff38e9647358c28fff9d69,Mawson Resources Limited,Canada,https://s3.us-east-2.amazonaws.com/rp-20-sources/mandatory-disclosure-report-3a4447d389ff38e9647358c28fff9d69,.pdf,06-01-2017,05-31-2018,11-28-2018
a53d3962cd99513a705243f1196e43b2,OMV,Austria,https://s3.us-east-2.amazonaws.com/rp-20-sources/mandatory-disclosure-report-a53d3962cd99513a705243f1196e43b2,.html,01-01-2019,12-31-2019,03-11-2020
2a6d15a4608622fd5ec692a569e006a7,B2Gold Corporation,Canada,https://www.b2gold.com/_resources/estma/ESTMA-B2Gold-2019-Annual-Report.pdf,.pdf,01-01-2019,12-31-2019,04-17-2020
2c0d4155490de9583f5b996668c6fec5,Chinook Energy Incorporated,Canada,https://s3.us-east-2.amazonaws.com/rp-20-sources/mandatory-disclosure-report-2c0d4155490de9583f5b996668c6fec5,.pdf,01-01-2019,12-31-2019,04-01-2020
661b800fcaf042520161d669916564b5,Caledonia Mining Corporation plc,Canada,https://s3.us-east-2.amazonaws.com/rp-20-sources/mandatory-disclosure-report-661b800fcaf042520161d669916564b5,.pdf,01-01-2019,12-31-2019,05-29-2020
955042fb0115469c3425d3b247ecb011,Iamgold Corporation,Canada,https://s3.us-east-2.amazonaws.com/rp-20-sources/mandatory-disclosure-report-955042fb0115469c3425d3b247ecb011,.pdf,01-01-2019,12-31-2019,05-29-2020
aaabd8032558cb9ac339cc453222b62a,Eldorado Gold Corporation,Canada,https://s3.us-east-2.amazonaws.com/rp-20-sources/mandatory-disclosure-report-aaabd8032558cb9ac339cc453222b62a,.pdf,01-01-2019,12-31-2019,05-29-2020
84f47b3f4db2a4e437dad4a0ed998219,Vermilion Energy Incorporated,Canada,https://s3.us-east-2.amazonaws.com/rp-20-sources/mandatory-disclosure-report-84f47b3f4db2a4e437dad4a0ed998219,.pdf,01-01-2019,12-31-2019,05-05-2020
374cdbff35c2478c27c80a7ae9a801e4,Endeavour Mining Corporation,Canada,https://s3.us-east-2.amazonaws.com/rp-20-sources/mandatory-disclosure-report-374cdbff35c2478c27c80a7ae9a801e4,.pdf,01-01-2019,12-31-2019,06-11-2020
3a59691556591bd3a992cf9bdaad1df5,Orezone Gold Corporation,Canada,https://s3.us-east-2.amazonaws.com/rp-20-sources/mandatory-disclosure-report-3a59691556591bd3a992cf9bdaad1df5,.pdf,01-01-2019,12-31-2019,05-27-2020
7f735e9f921fdc8d30a12c74b266b383-0302e042e9c7aaedecb2cde7b87c7c6a-df5a11443a64f4beab0f81ddcd79bc6e-4fd644c49710ad0d5974fdf5e5223721,Pharos Energy Plc,United Kingdom of Great Britain and Northern Ireland,https://s3.us-east-2.amazonaws.com/rp-20-sources/mandatory-disclosure-report-7f735e9f921fdc8d30a12c74b266b383-0302e042e9c7aaedecb2cde7b87c7c6a-df5a11443a64f4beab0f81ddcd79bc6e-4fd644c49710ad0d5974fdf5e5223721,.zip,01-01-2019,12-31-2019,06-25-2020
4c815a5875f58fe6755f5f6cfacc178b,Superior Gold Incorporated,Canada,https://s3.us-east-2.amazonaws.com/rp-20-sources/mandatory-disclosure-report-4c815a5875f58fe6755f5f6cfacc178b,.pdf,01-01-2019,12-31-2019,05-21-2020
91631f5b0557d3819acbfe27421ebad9,Mountain Province Diamonds Incorporated,Canada,https://s3.us-east-2.amazonaws.com/rp-20-sources/mandatory-disclosure-report-91631f5b0557d3819acbfe27421ebad9,.pdf,01-01-2019,12-31-2019,05-22-2020
e97e64eef4dfe20314209ea4e9b83000,Panoro Minerals Limited,Canada,https://s3.us-east-2.amazonaws.com/rp-20-sources/mandatory-disclosure-report-e97e64eef4dfe20314209ea4e9b83000,.pdf,01-01-2019,12-31-2019,06-04-2020
7ff2e650531f8d11ac215c4495d790a4,Fresnillo plc,United Kingdom of Great Britain and Northern Ireland,https://s3.us-east-2.amazonaws.com/rp-20-sources/mandatory-disclosure-report-7ff2e650531f8d11ac215c4495d790a4,.html,01-01-2019,12-31-2019,06-12-2020
54ba88c68189fee1a61a72a236de29bc,Frontera Energy Corporation,Canada,https://s3.us-east-2.amazonaws.com/rp-20-sources/mandatory-disclosure-report-54ba88c68189fee1a61a72a236de29bc,.pdf,01-01-2019,12-31-2019,05-29-2020
c851555d5e82bfef7ae7e87b2a2246d5,Uranium One Incorporated,Canada,https://s3.us-east-2.amazonaws.com/rp-20-sources/mandatory-disclosure-report-c851555d5e82bfef7ae7e87b2a2246d5,.pdf,01-01-2018,12-31-2018,06-10-2019
b4414ec137578edff52517d06d15bdb2,Vedanta Resources Limited,United Kingdom of Great Britain and Northern Ireland,https://s3.us-east-2.amazonaws.com/rp-20-sources/mandatory-disclosure-report-b4414ec137578edff52517d06d15bdb2,.pdf,04-01-2015,03-31-2016,09-30-2016
8501c7b86b55ad27e5f18d38fd92eb91,Vista Gold Corporation,Canada,https://s3.us-east-2.amazonaws.com/rp-20-sources/mandatory-disclosure-report-8501c7b86b55ad27e5f18d38fd92eb91,.pdf,01-01-2018,12-31-2018,05-22-2019
82d1dce095245e7b5403360dc213f422,Wentworth Resources Limited,Norway,https://s3.us-east-2.amazonaws.com/rp-20-sources/mandatory-disclosure-report82d1dce095245e7b5403360dc213f422,.pdf,01-01-2017,12-31-2017,03-28-2018
d4f8f397f03bb867c6f9fd79cfd1296c,Werhahn Industrieholding SE,Germany,https://s3.us-east-2.amazonaws.com/rp-20-sources/mandatory-disclosure-report-d4f8f397f03bb867c6f9fd79cfd1296c,.html,01-01-2017,12-31-2017,07-05-2018
cd0f491485e1603eb821dc62a07d51e1,Whitecap Resources Incorporated,Canada,https://s3.us-east-2.amazonaws.com/rp-20-sources/mandatory-disclosure-reportcd0f491485e1603eb821dc62a07d51e1,.pdf,01-01-2016,12-31-2016,05-30-2017
0572a4a09fc7a1240210c7dcd31151fb,Wildsky Resources Inc.,Canada,https://s3.us-east-2.amazonaws.com/rp-20-sources/mandatory-disclosure-report-0572a4a09fc7a1240210c7dcd31151fb,.pdf,12-01-2018,11-30-2019,03-04-2020
5a0951d10a58632351877a3a0c6603ff,Wentworth Resources Limited,Norway,https://s3.us-east-2.amazonaws.com/rp-20-sources/mandatory-disclosure-report5a0951d10a58632351877a3a0c6603ff,.pdf,01-01-2016,12-31-2016,03-21-2017
8b07754025dfabfc6e7cb39eeb47aa42,Rife Resources Limited,Canada,https://s3.us-east-2.amazonaws.com/rp-20-sources/mandatory-disclosure-report-8b07754025dfabfc6e7cb39eeb47aa42,.pdf,01-01-2018,12-31-2018,03-22-2019
cb4d3e213d482a5cfa6882c17897d1af,Rincon Limited,Canada,https://s3.us-east-2.amazonaws.com/rp-20-sources/mandatory-disclosure-report-cb4d3e213d482a5cfa6882c17897d1af,.pdf,01-01-2018,12-31-2018,05-31-2019
2a37fc9ab85e2ed03d6447ad8ace426d,Schlumberger Limited,United Kingdom of Great Britain and Northern Ireland,https://s3.us-east-2.amazonaws.com/rp-20-sources/mandatory-disclosure-report2a37fc9ab85e2ed03d6447ad8ace426d,.pdf,01-01-2017,12-31-2017,06-29-2018
27e9f173cd81b9ffd8dfa7861d5866d3,Suedbayerisches Portland-Zementwerk Gebr Wiesboeck & Company GmbH,Germany,https://s3.us-east-2.amazonaws.com/rp-20-sources/mandatory-disclosure-report-27e9f173cd81b9ffd8dfa7861d5866d3,.html,01-01-2017,12-31-2017,10-19-2018
246d3aca4c7864c546f7f8cfbf05b911,TAG Oil Limited,Canada,https://s3.us-east-2.amazonaws.com/rp-20-sources/mandatory-disclosure-report-246d3aca4c7864c546f7f8cfbf05b911,.pdf,04-01-2018,03-31-2019,06-27-2019
25fbcc22e8bcf0678a496af21c13e8dd,Teck Resources Limited,Canada,https://s3.us-east-2.amazonaws.com/rp-20-sources/mandatory-disclosure-report25fbcc22e8bcf0678a496af21c13e8dd,.pdf,01-01-2017,12-31-2017,05-29-2018
551bd0ada6f857888cdfdfd1a9e1b600-65c563d8397aa2b12620c4f32e33d112-d7e7f9903736caa02d228639d95df641-b058851b6d57720e4300c1de8d8370e5,Tethys Petroleum Limited,United Kingdom of Great Britain and Northern Ireland,https://s3.us-east-2.amazonaws.com/rp-20-sources/mandatory-disclosure-report-551bd0ada6f857888cdfdfd1a9e1b600-65c563d8397aa2b12620c4f32e33d112-d7e7f9903736caa02d228639d95df641-b058851b6d57720e4300c1de8d8370e5,.zip,01-01-2015,12-31-2015,09-01-2016
48063b6d08165e365096ce2081f9be1f,Pure Gold Mining Incorporated,Canada,https://s3.us-east-2.amazonaws.com/rp-20-sources/mandatory-disclosure-report-48063b6d08165e365096ce2081f9be1f,.pdf,04-01-2018,12-31-2018,04-11-2019
0c67eb56dde8e475a6bd770c3469e568,Questerre Energy Corporation,Canada,https://s3.us-east-2.amazonaws.com/rp-20-sources/Questerre Energy Corporation-0c67eb56dde8e475a6bd770c3469e568-report,.pdf,01-01-2017,12-31-2017
3e2af5f4b3cf0db7295c1fa5582d4e04,RAG Anthrazit Ibbenburen GmbH,Germany,https://s3.us-east-2.amazonaws.com/rp-20-sources/mandatory-disclosure-report-3e2af5f4b3cf0db7295c1fa5582d4e04,.html,01-01-2017,12-31-2017,07-27-2018
ea1398367a1698db50d4b693a78d64e3,Royal Nickel Corporation,Canada,https://s3.us-east-2.amazonaws.com/rp-20-sources/mandatory-disclosure-report-ea1398367a1698db50d4b693a78d64e3,.pdf,01-01-2018,12-31-2018,05-29-2019
f1a71ebe13b046ed8f8accce8fa723c9,Rupert Resources Ltd.,Canada,https://s3.us-east-2.amazonaws.com/rp-20-sources/mandatory-disclosure-report-f1a71ebe13b046ed8f8accce8fa723c9,.xlsx,03-01-2017,02-28-2018,09-28-2018
a9816b7a0f22e2ee06fa5b3dfbe5ba7a,Saint-Gobain S.A.,France,https://s3.us-east-2.amazonaws.com/rp-20-sources/mandatory-disclosure-report-a9816b7a0f22e2ee06fa5b3dfbe5ba7a,.pdf,01-01-2015,12-31-2015
21df7e0cecb2d401e0858516715c2c2e,Sandspring Resources Limited,Canada,https://s3.us-east-2.amazonaws.com/rp-20-sources/mandatory-disclosure-report21df7e0cecb2d401e0858516715c2c2e,.pdf,01-01-2017,12-31-2017,06-01-2018
5460512fe4ad73a9762377fa755bb834,Serinus Energy Incorporated,Canada,https://s3.us-east-2.amazonaws.com/rp-20-sources/mandatory-disclosure-report5460512fe4ad73a9762377fa755bb834,.pdf,01-01-2017,12-31-2017,05-30-2018
d7ecc6f3b7f6f448cd198bfaaf6dda2b,Sandstorm Gold Limited,Canada,https://s3.us-east-2.amazonaws.com/rp-20-sources/mandatory-disclosure-report-d7ecc6f3b7f6f448cd198bfaaf6dda2b,.pdf,01-01-2018,12-31-2018,05-29-2019
931f8ce202ffc3acd699ff000ab5290a,Silver Bull Resources Incorporated,Canada,https://s3.us-east-2.amazonaws.com/rp-20-sources/mandatory-disclosure-report-931f8ce202ffc3acd699ff000ab5290a,.pdf,11-01-2017,10-31-2018,04-02-2019
d7b38116faa71f09d9d50277741b1232,SolGold PLC,Canada,https://s3.us-east-2.amazonaws.com/rp-20-sources/mandatory-disclosure-report-d7b38116faa71f09d9d50277741b1232,.pdf,07-01-2017,06-30-2018,04-30-2019
bcd6aab9fdbf963e05f8e8b03fac71f7,Solvay S.A.,Belgium,https://s3.us-east-2.amazonaws.com/rp-20-sources/mandatory-disclosure-reportbcd6aab9fdbf963e05f8e8b03fac71f7,.pdf,01-01-2017,12-31-2017,03-04-2018
f6082cf39da87c08e49d2e5fd492c8e5-36c0c539e9f654cc9d61fa26324d2437-576a6dce7de95903d88f7d9d4b4d5855-0ddce6e5ee32e8cb4cb7a5711feeea44,Pharos Energy Plc,United Kingdom of Great Britain and Northern Ireland,https://s3.us-east-2.amazonaws.com/rp-20-sources/mandatory-disclosure-reportf6082cf39da87c08e49d2e5fd492c8e5-36c0c539e9f654cc9d61fa26324d2437-576a6dce7de95903d88f7d9d4b4d5855-0ddce6e5ee32e8cb4cb7a5711feeea44,.zip,01-01-2015,12-31-2015,07-13-2016
fa9b438ca9946d4e8dfa663c5d986aac,SSR Mining Incorporated,Canada,https://s3.us-east-2.amazonaws.com/rp-20-sources/mandatory-disclosure-reportfa9b438ca9946d4e8dfa663c5d986aac,.pdf,01-01-2017,12-31-2017,05-15-2018
06611fe76255b32843b451b1523e192d,SouthGobi Resources Limited,Canada,https://s3.us-east-2.amazonaws.com/rp-20-sources/mandatory-disclosure-report06611fe76255b32843b451b1523e192d,.pdf,01-01-2017,12-31-2017,05-30-2018
6e84787e4bf88ac4b8a341d6dcaba9ab,Steelhead Petroleum Limited,Canada,https://s3.us-east-2.amazonaws.com/rp-20-sources/mandatory-disclosure-report6e84787e4bf88ac4b8a341d6dcaba9ab,.pdf,01-01-2017,12-31-2017,05-07-2018
0039301d4dbf40fe03a54ef5b7def067,Strategic Oil and Gas Limited,Canada,https://s3.us-east-2.amazonaws.com/rp-20-sources/mandatory-disclosure-report0039301d4dbf40fe03a54ef5b7def067,.pdf,01-01-2017,12-31-2017,05-30-2018
8b037df4259017a822e3d0df94354688,Sudwestdeutsche Salzwerke AG,Germany,https://s3.us-east-2.amazonaws.com/rp-20-sources/mandatory-disclosure-report8b037df4259017a822e3d0df94354688,.pdf,01-01-2016,12-31-2016,06-08-2017
4a2ad507d5e3d2d5cc3cb359255e1468,Superior Gold Incorporated,Canada,https://s3.us-east-2.amazonaws.com/rp-20-sources/mandatory-disclosure-report4a2ad507d5e3d2d5cc3cb359255e1468,.pdf,01-01-2017,12-31-2017,05-28-2018
5c453c4188852040457c7c956b7d732a,Tango Mining Limited,Canada,https://s3.us-east-2.amazonaws.com/rp-20-sources/mandatory-disclosure-report-5c453c4188852040457c7c956b7d732a,.xlsx,09-01-2017,08-31-2018,01-29-2019
ff0cb5e3cfe054a811d986d61fef7a0a,Sudwestdeutsche Salzwerke AG,Germany,https://s3.us-east-2.amazonaws.com/rp-20-sources/mandatory-disclosure-report-ff0cb5e3cfe054a811d986d61fef7a0a,.html,01-01-2017,12-31-2017,05-24-2018
e8aa3e0d31f8874a5092a922da4db5db,Teine Energy Limited,Canada,https://s3.us-east-2.amazonaws.com/rp-20-sources/mandatory-disclosure-reporte8aa3e0d31f8874a5092a922da4db5db,.pdf,01-01-2017,12-31-2017,03-26-2018
03735f756d40912e6d5f83260f3a5a57,Syncrude Canada Limited,Canada,https://s3.us-east-2.amazonaws.com/rp-20-sources/mandatory-disclosure-report03735f756d40912e6d5f83260f3a5a57,.pdf,01-01-2016,12-31-2016,05-10-2017
2fbd344c3ab4834160c5950323b85a40,Tmac Resources Incorporated,Canada,https://s3.us-east-2.amazonaws.com/rp-20-sources/mandatory-disclosure-report2fbd344c3ab4834160c5950323b85a40,.pdf,01-01-2017,12-31-2017,05-23-2018
743b73db5c618deb7dacbc4d1b3824e8,TransGlobe Energy Corporation,Canada,https://s3.us-east-2.amazonaws.com/rp-20-sources/mandatory-disclosure-report-743b73db5c618deb7dacbc4d1b3824e8,.pdf,01-01-2018,12-31-2018,05-28-2019
976e4fa20499ae228c47fc2cd3a52804,Trilogy Metals Incorporated,Canada,https://s3.us-east-2.amazonaws.com/rp-20-sources/mandatory-disclosure-report-976e4fa20499ae228c47fc2cd3a52804,.pdf,12-01-2017,11-30-2018,04-26-2019
94c1327bf868cbc07cf8ccb1f0feceb6,Rampart Oil Incorporated,Canada,https://s3.us-east-2.amazonaws.com/rp-20-sources/mandatory-disclosure-report-94c1327bf868cbc07cf8ccb1f0feceb6,.html,01-01-2018,12-31-2018,11-25-2019
6826d3345cc93bcb5ca90bc166b8428a,Red Eagle Mining Corporation,Canada,https://s3.us-east-2.amazonaws.com/rp-20-sources/mandatory-disclosure-report6826d3345cc93bcb5ca90bc166b8428a,.pdf,01-01-2017,12-31-2017,05-29-2018
464aa045d91f18d40304da75ac02a7da-0a6676902ce35711fa1fd8f53cdc9602-a7e3bc6984b47d7015f5e7d122ea1325-238403941781ba3b6f3cd11719115b64,Repsol Sinopec Resources UK Limited,United Kingdom of Great Britain and Northern Ireland,https://s3.us-east-2.amazonaws.com/rp-20-sources/mandatory-disclosure-report-464aa045d91f18d40304da75ac02a7da-0a6676902ce35711fa1fd8f53cdc9602-a7e3bc6984b47d7015f5e7d122ea1325-238403941781ba3b6f3cd11719115b64,.zip,01-01-2018,12-31-2018,11-20-2019
c58c5c4642850eda08dc700468c006a9,Rosneft,United Kingdom of Great Britain and Northern Ireland,https://s3.us-east-2.amazonaws.com/rp-20-sources/mandatory-disclosure-report-c58c5c4642850eda08dc700468c006a9,.pdf,01-01-2018,12-31-2018
74f648e6025d1bfb2c8612ec86f02b95,Saint-Gobain S.A.,France,https://s3.us-east-2.amazonaws.com/rp-20-sources/mandatory-disclosure-report-74f648e6025d1bfb2c8612ec86f02b95,.pdf,01-01-2018,12-31-2018,03-21-2019
00e400921eecf85c7f10a38590b7b130,SolGold PLC,Canada,https://s3.us-east-2.amazonaws.com/rp-20-sources/mandatory-disclosure-report-00e400921eecf85c7f10a38590b7b130,.pdf,07-01-2018,06-30-2019,10-25-2019
d11870bb722bb6354d402f7989ef456f,Solvay S.A.,Belgium,https://s3.us-east-2.amazonaws.com/rp-20-sources/mandatory-disclosure-report-d11870bb722bb6354d402f7989ef456f,.pdf,01-01-2018,12-31-2018
11c896509c0326b014dd8fd9d221d932,Stornoway Diamond Corporation,Canada,https://s3.us-east-2.amazonaws.com/rp-20-sources/mandatory-disclosure-report11c896509c0326b014dd8fd9d221d932,.pdf,01-01-2016,12-31-2016,05-31-2017
0088eb0b232207c13aef677524deefee,Tangle Creek Energy Limited,Canada,https://s3.us-east-2.amazonaws.com/rp-20-sources/mandatory-disclosure-report-0088eb0b232207c13aef677524deefee,.pdf,01-01-2018,12-31-2018,05-29-2019
43b7fc5936866b54d16d67bc83f77441,TAQA North Limited,Canada,https://s3.us-east-2.amazonaws.com/rp-20-sources/mandatory-disclosure-report-43b7fc5936866b54d16d67bc83f77441,.pdf,01-01-2016,12-31-2016,07-27-2018
75a0d7a148665544ea2198143021721c,Tmac Resources Incorporated,Canada,https://s3.us-east-2.amazonaws.com/rp-20-sources/mandatory-disclosure-report-75a0d7a148665544ea2198143021721c,.pdf,01-01-2018,12-31-2018,05-23-2019
6a46e004af6d26e7ad65051f08f26f89,Transatlantic Mining Corp.,Canada,https://s3.us-east-2.amazonaws.com/rp-20-sources/mandatory-disclosure-report-6a46e004af6d26e7ad65051f08f26f89,.pdf,01-01-2018,12-31-2018,05-09-2019
c2deb658cc813f6577751ad4992a7fff,TransGlobe Energy Corporation,Canada,https://s3.us-east-2.amazonaws.com/rp-20-sources/mandatory-disclosure-reportc2deb658cc813f6577751ad4992a7fff,.pdf,01-01-2016,12-31-2016,05-23-2017
b302e3b274d318970629796707b5ce63,TimberRock Energy Corporation,Canada,https://s3.us-east-2.amazonaws.com/rp-20-sources/mandatory-disclosure-report-b302e3b274d318970629796707b5ce63,.pdf,01-01-2018,12-31-2018,04-24-2019
4a516f067de7b291aaf85b406d7ca658,Tinka Resources Limited,Canada,https://s3.us-east-2.amazonaws.com/rp-20-sources/mandatory-disclosure-report-4a516f067de7b291aaf85b406d7ca658,.pdf,10-01-2017,09-30-2018,01-31-2019
2b57594d68780d8ba16e0487e6147b60,Touchstone Exploration Incorporated,Canada,https://s3.us-east-2.amazonaws.com/rp-20-sources/mandatory-disclosure-report2b57594d68780d8ba16e0487e6147b60,.pdf,01-01-2016,12-31-2016,05-29-2017
7b0ddf820fad67862713a3620fcda595,Tourmaline Oil Corporation,Canada,https://s3.us-east-2.amazonaws.com/rp-20-sources/mandatory-disclosure-report-7b0ddf820fad67862713a3620fcda595,.pdf,01-01-2018,12-31-2018,05-16-2019
ca05a42595a2ddee84e02081adbd02e9-f801261c7dc9fdef21fa259282f9b933-9e5fcc8f5f715b0f0238359cd7ae9633-e3bb2c04151ad538b08d99c73ffb1443,Tullow Oil PLC,United Kingdom of Great Britain and Northern Ireland,https://s3.us-east-2.amazonaws.com/rp-20-sources/mandatory-disclosure-report-ca05a42595a2ddee84e02081adbd02e9-f801261c7dc9fdef21fa259282f9b933-9e5fcc8f5f715b0f0238359cd7ae9633-e3bb2c04151ad538b08d99c73ffb1443,.zip,01-01-2017,12-31-2017,02-14-2019
b17aab395e5a8067ec89ec3aafb41642,Vista Gold Corporation,Canada,https://s3.us-east-2.amazonaws.com/rp-20-sources/mandatory-disclosure-reportb17aab395e5a8067ec89ec3aafb41642,.pdf,01-01-2017,12-31-2017,05-23-2018
d9cb5dc2821207b6b5333103f0c9f8cf,Valeura Energy Incorporated,Canada,https://s3.us-east-2.amazonaws.com/rp-20-sources/mandatory-disclosure-report-d9cb5dc2821207b6b5333103f0c9f8cf,.pdf,01-01-2016,12-31-2016,05-23-2017
dbe21c26c9926a36461bd030f50bf24e,West Kirkland Mining Incorporated,Canada,https://s3.us-east-2.amazonaws.com/rp-20-sources/mandatory-disclosure-reportdbe21c26c9926a36461bd030f50bf24e,.pdf,01-01-2017,12-31-2017,05-25-2018
1a7f9c08d414e5a1b644ffaa2f9f23c8,Yamana Gold Incorporated,Canada,https://s3.us-east-2.amazonaws.com/rp-20-sources/mandatory-disclosure-report-1a7f9c08d414e5a1b644ffaa2f9f23c8,.pdf,01-01-2018,12-31-2018,05-30-2019
a2933a87c5ce0330cea28bd44e640dbc,Minera Alamos Inc.,Canada,https://s3.us-east-2.amazonaws.com/rp-20-sources/mandatory-disclosure-report-a2933a87c5ce0330cea28bd44e640dbc,.pdf,01-01-2019,12-31-2019,03-10-2020
00bbf6ca851e435e68fdfb21b426537b,Outlier Resources Ltd.,Canada,https://s3.us-east-2.amazonaws.com/rp-20-sources/mandatory-disclosure-report-00bbf6ca851e435e68fdfb21b426537b,.pdf,01-01-2019,12-31-2019,03-30-2020
367a6637ac91d7cd47e8443ae0465a29-204eb825d7442dfb82860ad245a04075-0486fef03282fa0d6de4ea17d0d9dd2a-c3834657b9a4fec2205aafa660ed5f31,Rio Tinto plc,United Kingdom of Great Britain and Northern Ireland,https://s3.us-east-2.amazonaws.com/rp-20-sources/mandatory-disclosure-report367a6637ac91d7cd47e8443ae0465a29-204eb825d7442dfb82860ad245a04075-0486fef03282fa0d6de4ea17d0d9dd2a-c3834657b9a4fec2205aafa660ed5f31,.zip,01-01-2016,12-31-2016,06-28-2017
46d75eb8d97fa91b2dcc5dfa02bee446-be869daa255ea5fcf384cb2938457660-61afde35fd362510f53fd408931deb10-dad90651187697dfcbb9b146bd45f8c1,Royal Dutch Shell plc,United Kingdom of Great Britain and Northern Ireland,https://s3.us-east-2.amazonaws.com/rp-20-sources/mandatory-disclosure-report46d75eb8d97fa91b2dcc5dfa02bee446-be869daa255ea5fcf384cb2938457660-61afde35fd362510f53fd408931deb10-dad90651187697dfcbb9b146bd45f8c1,.zip,01-01-2016,12-31-2016,06-13-2017
415582bd6583d6739973c3e82d4d2b86,RWE Aktiengesellschaft,Germany,https://s3.us-east-2.amazonaws.com/rp-20-sources/mandatory-disclosure-report-415582bd6583d6739973c3e82d4d2b86,.pdf,01-01-2018,12-31-2018,06-17-2019
62fd2cedd2c75091f7ade9d39c775527,Salazar Resources Ltd.,Canada,https://s3.us-east-2.amazonaws.com/rp-20-sources/mandatory-disclosure-report-62fd2cedd2c75091f7ade9d39c775527,.pdf,01-01-2016,12-31-2016,02-25-2019
9bfdb3b3b7182a63bfebed302dd00d91,Schlumberger Limited,United Kingdom of Great Britain and Northern Ireland,https://s3.us-east-2.amazonaws.com/rp-20-sources/mandatory-disclosure-report-9bfdb3b3b7182a63bfebed302dd00d91,.pdf,01-01-2018,12-31-2018
f149cc6fa37d4a23eebf66612a110510,Seplat Petroleum Development Company PLC,United Kingdom of Great Britain and Northern Ireland,https://s3.us-east-2.amazonaws.com/rp-20-sources/mandatory-disclosure-reportf149cc6fa37d4a23eebf66612a110510,.pdf,01-01-2016,12-31-2016
834843beca72deda37ceb79efa730130,Serafina Energy Limited,Canada,https://s3.us-east-2.amazonaws.com/rp-20-sources/mandatory-disclosure-report-834843beca72deda37ceb79efa730130,.pdf,01-01-2018,12-31-2018,05-24-2019
41d73c3d176831b924aaefa69becde5d,Shamaran Petroleum Corporation,Canada,https://s3.us-east-2.amazonaws.com/rp-20-sources/mandatory-disclosure-report-41d73c3d176831b924aaefa69becde5d,.pdf,01-01-2018,12-31-2018,05-24-2019
d94676545a4725ae35ff2ce1f63cee60,SilverCrest Metals Incorporated,Canada,https://s3.us-east-2.amazonaws.com/rp-20-sources/mandatory-disclosure-report-d94676545a4725ae35ff2ce1f63cee60,.pdf,01-01-2016,12-31-2016,05-30-2019
fea408c98462b9bce523a492fced6fe9-4d35b01b9f6ed0a94f6ac45f04a51868-74aa0db1167d4738f1d66f8ba44abf6c-2d5638ef73a3b9765923fbc31bb7e354,Suncor Energy UK Limited,United Kingdom of Great Britain and Northern Ireland,https://s3.us-east-2.amazonaws.com/rp-20-sources/mandatory-disclosure-reportfea408c98462b9bce523a492fced6fe9-4d35b01b9f6ed0a94f6ac45f04a51868-74aa0db1167d4738f1d66f8ba44abf6c-2d5638ef73a3b9765923fbc31bb7e354,.zip,01-01-2015,12-31-2015,12-20-2016
2cf02f3fda2cea41508f65f72997cbe3,TAQA North Limited,Canada,https://s3.us-east-2.amazonaws.com/rp-20-sources/mandatory-disclosure-report-2cf02f3fda2cea41508f65f72997cbe3,.pdf,01-01-2017,12-31-2017,05-28-2018
e389d39a3ed9bd8d1735ccca880285a1,Tethys Petroleum Limited,Canada,https://s3.us-east-2.amazonaws.com/rp-20-sources/mandatory-disclosure-report-e389d39a3ed9bd8d1735ccca880285a1,.pdf,01-01-2018,12-31-2018,05-31-2019
890234b68730bba07e37996baf6458b4,THEMAC Resources Group Limited,Canada,https://s3.us-east-2.amazonaws.com/rp-20-sources/mandatory-disclosure-report-890234b68730bba07e37996baf6458b4,.pdf,07-01-2017,06-30-2018,01-04-2019
930bd76411e9f66419a0965fc419caf5-b156ef5074d426f6548bfb6bd17b2f3b-f9fc37212b93b42f7cea5e85e616d913-c2a9c17ff8eee0930198ef4d882186c0,RAK Petroleum Public Company Limited,United Kingdom of Great Britain and Northern Ireland,https://s3.us-east-2.amazonaws.com/rp-20-sources/mandatory-disclosure-report-930bd76411e9f66419a0965fc419caf5-b156ef5074d426f6548bfb6bd17b2f3b-f9fc37212b93b42f7cea5e85e616d913-c2a9c17ff8eee0930198ef4d882186c0,.zip,01-01-2017,12-31-2017,06-04-2019
40b34079aea3b300c797762ad0c3bd75,R.W. Tomlinson Limited,Canada,https://s3.us-east-2.amazonaws.com/rp-20-sources/mandatory-disclosure-report-40b34079aea3b300c797762ad0c3bd75,.pdf,11-01-2015,10-31-2016,07-27-2017
36378dcda09d9cd443bbe276f404d5dc,Razor Energy Corporation,Canada,https://s3.us-east-2.amazonaws.com/rp-20-sources/mandatory-disclosure-report-36378dcda09d9cd443bbe276f404d5dc,.pdf,01-01-2018,12-31-2018,05-27-2019
9c6cee24e0f386737bcabcffbd08d67f-989e00700271c5eafab7bf4ae2b0ad32-1518fa0b31f7e72e2d0aeca8ed4fa305-55c30a9ab1a38c6c4c3caf2c2ae45726,Repsol Sinopec Resources UK Limited,United Kingdom of Great Britain and Northern Ireland,https://s3.us-east-2.amazonaws.com/rp-20-sources/mandatory-disclosure-report9c6cee24e0f386737bcabcffbd08d67f-989e00700271c5eafab7bf4ae2b0ad32-1518fa0b31f7e72e2d0aeca8ed4fa305-55c30a9ab1a38c6c4c3caf2c2ae45726,.zip,01-01-2015,12-31-2015,11-28-2016
174b534222c0c1dae0b35f8839b8d8f6,Resources Metanor Incorporated,Canada,https://s3.us-east-2.amazonaws.com/rp-20-sources/mandatory-disclosure-report-174b534222c0c1dae0b35f8839b8d8f6,.pdf,01-12-2017,12-31-2017,05-30-2018
985ffff0df1e7b4cadab8dd320ed19c5,Iron Bridge Resources Incorporated,Canada,https://s3.us-east-2.amazonaws.com/rp-20-sources/mandatory-disclosure-report985ffff0df1e7b4cadab8dd320ed19c5,.pdf,01-01-2016,12-31-2016,05-04-2017
e7067df53e5128b32275598da4275ad9,Santacruz Silver Mining Limited,Canada,https://s3.us-east-2.amazonaws.com/rp-20-sources/mandatory-disclosure-reporte7067df53e5128b32275598da4275ad9,.pdf,01-01-2016,12-31-2016,05-29-2017
7c33f3bbae57722f46473415ecc5b4a5,Santacruz Silver Mining Limited,Canada,https://s3.us-east-2.amazonaws.com/rp-20-sources/mandatory-disclosure-report7c33f3bbae57722f46473415ecc5b4a5,.pdf,01-01-2017,12-31-2017,05-28-2018
56e88403b05b79e22bf24eff7bb3c8c3,Sabina Gold & Silver Corporation,Canada,https://s3.us-east-2.amazonaws.com/rp-20-sources/mandatory-disclosure-report-56e88403b05b79e22bf24eff7bb3c8c3,.pdf,01-01-2018,12-31-2018,05-08-2019
2ac42e01f9969e00eab2b3654dcaa15b,Sandstorm Gold Limited,Canada,https://s3.us-east-2.amazonaws.com/rp-20-sources/mandatory-disclosure-report2ac42e01f9969e00eab2b3654dcaa15b,.pdf,01-01-2017,12-31-2017,05-30-2018
6d2ce60cf4ff2d0a4a5d4ad60905bbe6,Sibelco Deutschland GmbH,Germany,https://s3.us-east-2.amazonaws.com/rp-20-sources/mandatory-disclosure-report-6d2ce60cf4ff2d0a4a5d4ad60905bbe6,.html,01-01-2016,12-31-2016,01-23-2019
c633aa6bde588f06c41e8b3e572f227d,Strategic Metals Limited,Canada,https://s3.us-east-2.amazonaws.com/rp-20-sources/mandatory-disclosure-report-c633aa6bde588f06c41e8b3e572f227d,.pdf,01-01-2018,12-31-2018,02-14-2019
4724a15e7ccf7f994a02d05956d598a8,Strategic Oil and Gas Limited,Canada,https://s3.us-east-2.amazonaws.com/rp-20-sources/mandatory-disclosure-report-4724a15e7ccf7f994a02d05956d598a8,.pdf,01-01-2018,12-31-2018,05-30-2019
3051f7c247e820b79ec803d9c1474b8c,Strath Resources Limited,Canada,https://s3.us-east-2.amazonaws.com/rp-20-sources/mandatory-disclosure-report3051f7c247e820b79ec803d9c1474b8c,.pdf,01-01-2017,12-31-2017,05-28-2018
6499798d16bccc32e2daf4db733ea2d0,Torex Gold Resources Incorporated,Canada,https://s3.us-east-2.amazonaws.com/rp-20-sources/mandatory-disclosure-report-6499798d16bccc32e2daf4db733ea2d0,.pdf,01-01-2018,12-31-2018,05-29-2019
60dae0778683ab423ef7b7d39e592caf-28148d0447e79393f8f606111a577459-81bfe0364b723150d5716959b271556b-ece696e82e3665d2ee3d3dc2b3439ff8,Tomori Exploration and Production Limited,United Kingdom of Great Britain and Northern Ireland,https://s3.us-east-2.amazonaws.com/rp-20-sources/mandatory-disclosure-report60dae0778683ab423ef7b7d39e592caf-28148d0447e79393f8f606111a577459-81bfe0364b723150d5716959b271556b-ece696e82e3665d2ee3d3dc2b3439ff8,.zip,01-01-2016,12-31-2016,12-15-2017
c1020864e82298a0733ed8da88ca8621,TotalEnergies SE (formerly Total S.A.),France,https://s3.us-east-2.amazonaws.com/rp-20-sources/mandatory-disclosure-report-c1020864e82298a0733ed8da88ca8621,.pdf,01-01-2017,12-31-2017,03-16-2018
2c3a79575dd486d6f7e59bcfb85fa551,Tourbieres Berger Ltee Les,Canada,https://s3.us-east-2.amazonaws.com/rp-20-sources/mandatory-disclosure-report2c3a79575dd486d6f7e59bcfb85fa551,.pdf,01-01-2017,12-31-2017,06-07-2018
7e794f5f0ccd7c7c32345077f392195b,Treasury Metals Incorporated,Canada,https://s3.us-east-2.amazonaws.com/rp-20-sources/mandatory-disclosure-report7e794f5f0ccd7c7c32345077f392195b,.pdf,01-01-2016,12-31-2016,05-24-2017
db12458b3072b88c452c913fd614f596,Trevali Mining Corporation,Canada,https://s3.us-east-2.amazonaws.com/rp-20-sources/mandatory-disclosure-reportdb12458b3072b88c452c913fd614f596,.pdf,01-01-2016,12-31-2016,05-23-2017
eceb2e3b4c15b0f49a7e69df5407a946,Trevali Mining Corporation,Canada,https://s3.us-east-2.amazonaws.com/rp-20-sources/mandatory-disclosure-report-eceb2e3b4c15b0f49a7e69df5407a946,.pdf,01-01-2018,12-31-2018,05-30-2019
387dae8eee3c8813b65830c86bab0b3e,Trilogy Metals Incorporated,Canada,https://s3.us-east-2.amazonaws.com/rp-20-sources/mandatory-disclosure-report387dae8eee3c8813b65830c86bab0b3e,.pdf,12-01-2016,11-30-2017,04-24-2018
0dbf19e77f651f3f6c6d34f138e3031d,Trilogy Metals Incorporated,Canada,https://s3.us-east-2.amazonaws.com/rp-20-sources/mandatory-disclosure-report-0dbf19e77f651f3f6c6d34f138e3031d,.pdf,12-01-2015,11-30-2016,04-27-2017
7431dd2351d578a294ec84e20e88310d,SEMAFO Incorporated,Canada,https://s3.us-east-2.amazonaws.com/rp-20-sources/mandatory-disclosure-report-7431dd2351d578a294ec84e20e88310d,.pdf,01-01-2018,12-31-2018,05-23-2019
b4d26da3e779265c30d2f763e2bf79ac-6378cb6cb850fb0199d9e9f790deb9b0-a84c03a86c3843057874cf5bcb299261-ad3371461390c31e2f055b7443d5b8ea,Serabi Gold plc,United Kingdom of Great Britain and Northern Ireland,https://s3.us-east-2.amazonaws.com/rp-20-sources/mandatory-disclosure-report-b4d26da3e779265c30d2f763e2bf79ac-6378cb6cb850fb0199d9e9f790deb9b0-a84c03a86c3843057874cf5bcb299261-ad3371461390c31e2f055b7443d5b8ea,.zip,01-01-2017,12-31-2017,09-27-2018
02247c29d86933147908cbfa06e572ef,Seven Generations Energy Limited,Canada,https://s3.us-east-2.amazonaws.com/rp-20-sources/mandatory-disclosure-report-02247c29d86933147908cbfa06e572ef,.pdf,01-01-2017,12-31-2017,03-15-2019
1b8841a50a8bd81f8a0dee39f3c79288,Shamaran Petroleum Corporation,Canada,https://s3.us-east-2.amazonaws.com/rp-20-sources/mandatory-disclosure-report1b8841a50a8bd81f8a0dee39f3c79288,.pdf,01-01-2017,12-31-2017,05-25-2018
76937766564e4f76594c71b1411b310a-1fcc128c1775f39b9a9f2f0f592ad6cd-d8d897ba9fdba6b50d485855ef39181a-7fdefc68c1e87db4c879adc7a7e4cddc,Tailwind Mistral Limited,United Kingdom of Great Britain and Northern Ireland,https://s3.us-east-2.amazonaws.com/rp-20-sources/mandatory-disclosure-report-76937766564e4f76594c71b1411b310a-1fcc128c1775f39b9a9f2f0f592ad6cd-d8d897ba9fdba6b50d485855ef39181a-7fdefc68c1e87db4c879adc7a7e4cddc,.zip,01-01-2018,12-31-2018,11-29-2019
ea483f711719060cdaae8b674c222550,Teck Resources Limited,Canada,https://s3.us-east-2.amazonaws.com/rp-20-sources/mandatory-disclosure-reportea483f711719060cdaae8b674c222550,.pdf,01-01-2016,12-31-2016,05-29-2017
946bc7c9f4401cd65f89c057094e1a7d,Thor Explorations Ltd.,Canada,https://s3.us-east-2.amazonaws.com/rp-20-sources/mandatory-disclosure-report-946bc7c9f4401cd65f89c057094e1a7d,.pdf,01-01-2016,12-31-2016,01-10-2019
c30fed7a9a5668cccd948853ff03966f,Tinka Resources Limited,Canada,https://s3.us-east-2.amazonaws.com/rp-20-sources/mandatory-disclosure-report-c30fed7a9a5668cccd948853ff03966f,.pdf,10-01-2015,09-30-2016,10-03-2019
ede8c42cb84ce28d5dd8c662c739bbfb,Titan Mining Corporation,Canada,https://s3.us-east-2.amazonaws.com/rp-20-sources/mandatory-disclosure-reportede8c42cb84ce28d5dd8c662c739bbfb,.pdf,01-01-2017,12-31-2017,05-25-2018
23a3fd8ec17e44a497d9218507e36f93,Tmac Resources Incorporated,Canada,https://s3.us-east-2.amazonaws.com/rp-20-sources/mandatory-disclosure-report23a3fd8ec17e44a497d9218507e36f93,.pdf,01-01-2016,12-31-2016,05-19-2017
3612fff5e3a2154230688cd9c1573fac,Torex Gold Resources Incorporated,Canada,https://s3.us-east-2.amazonaws.com/rp-20-sources/mandatory-disclosure-report3612fff5e3a2154230688cd9c1573fac,.pdf,01-01-2017,12-31-2017,05-30-2018
9aa0b94046299183596b0eef663a12e1,Tundra Oil and Gas Limited,Canada,https://s3.us-east-2.amazonaws.com/rp-20-sources/mandatory-disclosure-report9aa0b94046299183596b0eef663a12e1,.pdf,01-01-2017,12-31-2017,05-30-2018
ffc60b3a0bca81a025da8c0a85f824c1,Vereinigte Kreidewerke Dammann GmbH & Co. KG,Germany,https://s3.us-east-2.amazonaws.com/rp-20-sources/mandatory-disclosure-report-ffc60b3a0bca81a025da8c0a85f824c1,.html,01-01-2016,12-31-2016,01-09-2018
b35f3f1316632184006dd9a3caa820f2,Wellgreen Platinum Limited,Canada,https://s3.us-east-2.amazonaws.com/rp-20-sources/mandatory-disclosure-report-b35f3f1316632184006dd9a3caa820f2,.pdf,01-01-2016,12-31-2016,05-29-2017
2dcba4990e2b09c3ef29b67ff1d96626,Westmoreland Canada Holdings Incorporated,Canada,https://s3.us-east-2.amazonaws.com/rp-20-sources/mandatory-disclosure-report2dcba4990e2b09c3ef29b67ff1d96626,.pdf,01-01-2017,12-31-2017,05-30-2018
bb79b6b292b29a3dc01839adc16bf7f0,Seven Generations Energy Limited,Canada,https://s3.us-east-2.amazonaws.com/rp-20-sources/mandatory-disclosure-report-bb79b6b292b29a3dc01839adc16bf7f0,.pdf,01-01-2019,12-31-2019,04-02-2020
cf8b4c52c9a40f7b2972e4e8d386919a,Capital Power Corporation,Canada,https://s3.us-east-2.amazonaws.com/rp-20-sources/mandatory-disclosure-report-cf8b4c52c9a40f7b2972e4e8d386919a,.pdf,01-01-2018,12-31-2018,03-20-2019
afb278befc0449a3377951fd13944209,TotalEnergies SE (formerly Total S.A.),France,https://s3.us-east-2.amazonaws.com/rp-20-sources/mandatory-disclosure-report-afb278befc0449a3377951fd13944209,.pdf,01-01-2019,12-31-2019,03-20-2020
6b2c8ee8ead8c9acfc496026cc5aebe1,Miramont Resources Corp.,Canada,https://s3.us-east-2.amazonaws.com/rp-20-sources/mandatory-disclosure-report-6b2c8ee8ead8c9acfc496026cc5aebe1,.pdf,08-01-2018,07-31-2019,04-23-2020
7f4a67466443477969e92bc61d7ff237,Tourmaline Oil Corporation,Canada,https://s3.us-east-2.amazonaws.com/rp-20-sources/mandatory-disclosure-report-7f4a67466443477969e92bc61d7ff237,.pdf,01-01-2019,12-31-2019,05-14-2020
5cd0398ab9aeec44d8b352033816e0ef,Contact Gold Corporation,Canada,https://s3.us-east-2.amazonaws.com/rp-20-sources/mandatory-disclosure-report-5cd0398ab9aeec44d8b352033816e0ef,.pdf,01-01-2019,12-31-2019,03-30-2020
42f934e5fc7840f86a2bf4005155627f,McEwen Mining Incorporated,Canada,https://s3.us-east-2.amazonaws.com/rp-20-sources/mandatory-disclosure-report-42f934e5fc7840f86a2bf4005155627f,.pdf,01-01-2019,12-31-2019,05-29-2020
52ad39bddea464888fdcfdbd488d78b0,Energy Fuels Incorporated,Canada,https://s3.us-east-2.amazonaws.com/rp-20-sources/mandatory-disclosure-report-52ad39bddea464888fdcfdbd488d78b0,.pdf,01-01-2019,12-31-2019,05-29-2020
fce1e3e406c2f0855d497c7756b07c2a,Alacer Gold Corporation,Canada,https://s3.us-east-2.amazonaws.com/rp-20-sources/mandatory-disclosure-report-fce1e3e406c2f0855d497c7756b07c2a,.pdf,01-01-2019,12-31-2019,03-31-2020
5c8255b8b270bc68d7ebde2750d631e1,Xto Energy Canada ULC,Canada,https://s3.us-east-2.amazonaws.com/rp-20-sources/mandatory-disclosure-report-5c8255b8b270bc68d7ebde2750d631e1,.pdf,12-01-2019,12-31-2019,04-27-2020
b84bbae942557b72ed3c58703bf0ab20,Sabre Oil and Gas Limited,Canada,https://sabreenergy-my.sharepoint.com/:x:/g/personal/jmolcak_sabre-energy_com/EY0jjH_Gr4lGlyZybssfzKsBJVYzjvhSfvSMUYjUzYrrTw?e=d0wRtB,.html,01-01-2018,12-31-2018,04-30-2019
05684a59466a5d0c04b3adecca78e500,Centerra Gold Incorporated,Canada,https://s3.us-east-2.amazonaws.com/rp-20-sources/mandatory-disclosure-report-05684a59466a5d0c04b3adecca78e500,.pdf,01-01-2019,12-31-2019,05-31-2020
bb2af92873f2ff9e2c48da67bb32fd09,Enerplus Corporation,Canada,https://s3.us-east-2.amazonaws.com/rp-20-sources/mandatory-disclosure-report-bb2af92873f2ff9e2c48da67bb32fd09,.pdf,01-01-2019,12-31-2019,05-21-2020
e5958578a75ce234fc67e0ea934b0212,Ressources Robex Incorporated,Canada,https://s3.us-east-2.amazonaws.com/rp-20-sources/mandatory-disclosure-report-e5958578a75ce234fc67e0ea934b0212,.pdf,01-01-2018,12-31-2018,05-27-2020
1d16a1da31c4b48a07e760e467517197,Boliden AB,Sweden,https://s3.us-east-2.amazonaws.com/rp-20-sources/mandatory-disclosure-report-1d16a1da31c4b48a07e760e467517197,.pdf,01-01-2019,12-31-2019
5f4b723676f01dfb97d6eb6e6f559ce6,Serafina Energy Limited,Canada,https://s3.us-east-2.amazonaws.com/rp-20-sources/mandatory-disclosure-report-5f4b723676f01dfb97d6eb6e6f559ce6,.pdf,01-01-2019,12-31-2019,06-09-2020
8116783ea28b88d4a1c688ae62b7f6e2,Westbrick Energy Limited,Canada,https://s3.us-east-2.amazonaws.com/rp-20-sources/mandatory-disclosure-report-8116783ea28b88d4a1c688ae62b7f6e2,.pdf,01-01-2019,12-31-2019,06-04-2020
dad3e46dd2ccacddf9799f08153dadfd,Maya Gold & Silver Incorporated,Canada,https://s3.us-east-2.amazonaws.com/rp-20-sources/mandatory-disclosure-report-dad3e46dd2ccacddf9799f08153dadfd,.pdf,01-01-2019,12-31-2019,05-29-2020
81e149a01864390115fc662c9e5f6ee8,Luminex Resources Corp.,Canada,https://s3.us-east-2.amazonaws.com/rp-20-sources/mandatory-disclosure-report-81e149a01864390115fc662c9e5f6ee8,.pdf,01-01-2019,12-31-2019,05-27-2020
83ef2202b0cd16d1e59266720ac28ee6,ExxonMobil Canada Energy Limited,Canada,https://s3.us-east-2.amazonaws.com/rp-20-sources/mandatory-disclosure-report-83ef2202b0cd16d1e59266720ac28ee6,.pdf,12-01-2019,12-31-2019,04-27-2020
07070a965bbea7b3a6ebefa4da83ea0b,West Lake Energy Corporation,Canada,https://s3.us-east-2.amazonaws.com/rp-20-sources/mandatory-disclosure-report-07070a965bbea7b3a6ebefa4da83ea0b,.pdf,01-01-2019,12-31-2019,05-14-2020
115af9f918aac178dc6464a1a4fba030,Auryn Resources Incorporated,Canada,https://s3.us-east-2.amazonaws.com/rp-20-sources/mandatory-disclosure-report-115af9f918aac178dc6464a1a4fba030,.pdf,01-01-2019,12-31-2019,05-30-2020
7ed78c88af178cfb63f8cbab670309cf,Rio Tinto plc,United Kingdom of Great Britain and Northern Ireland,https://s3.us-east-2.amazonaws.com/rp-20-sources/mandatory-disclosure-report-7ed78c88af178cfb63f8cbab670309cf,.html,01-01-2019,12-31-2019,06-16-2020
a1706ed951e9651308d31a9e95de414e,Uranium One Incorporated,Canada,https://s3.us-east-2.amazonaws.com/rp-20-sources/mandatory-disclosure-reporta1706ed951e9651308d31a9e95de414e,.pdf,01-01-2016,12-31-2016,05-31-2017
dcf59049fcd26ff4255208d614682f09,Venturion Oil Limited,Canada,https://s3.us-east-2.amazonaws.com/rp-20-sources/mandatory-disclosure-report-dcf59049fcd26ff4255208d614682f09,.pdf,11-01-2015,10-31-2016,03-29-2017
d948dc3b2848988f0af81b3143b320e7,Xto Energy Canada ULC,Canada,https://s3.us-east-2.amazonaws.com/rp-20-sources/mandatory-disclosure-report-d948dc3b2848988f0af81b3143b320e7,.pdf,01-01-2016,12-31-2016,04-24-2017
219980f122efca577ea3d4dd40c08aa0-07cc3f247d5038a9ef05bc74ffbf36c6-7c19715cc523805f10493594c79ddd19-3b009c5180025fc928c1ae670c27f543,Equion Energia Limited,United Kingdom of Great Britain and Northern Ireland,https://s3.us-east-2.amazonaws.com/rp-20-sources/mandatory-disclosure-report-219980f122efca577ea3d4dd40c08aa0-07cc3f247d5038a9ef05bc74ffbf36c6-7c19715cc523805f10493594c79ddd19-3b009c5180025fc928c1ae670c27f543,.zip,01-01-2018,12-31-2018,11-05-2019
2c3b03eccf145a22edb4172144ac3b31,Peyto Exploration and Development Corporation,Canada,https://s3.us-east-2.amazonaws.com/rp-20-sources/mandatory-disclosure-report-2c3b03eccf145a22edb4172144ac3b31,.pdf,01-01-2019,12-31-2019,05-04-2020
ff24da563d6292579df1de8fd2f1c534,Genel Energy PLC,United Kingdom of Great Britain and Northern Ireland,https://s3.us-east-2.amazonaws.com/rp-20-sources/mandatory-disclosure-report-ff24da563d6292579df1de8fd2f1c534,.pdf,01-01-2019,12-31-2019
402042aa3bc17b2a8dd7aae524a38d0f,Velocity Minerals Ltd.,Canada,https://s3.us-east-2.amazonaws.com/rp-20-sources/mandatory-disclosure-report-402042aa3bc17b2a8dd7aae524a38d0f,.pdf,01-01-2019,12-31-2019,05-29-2020
59a71b6708a7c2c77c098000e1b5d71d,Lithium Americas Corporation,Canada,https://s3.us-east-2.amazonaws.com/rp-20-sources/mandatory-disclosure-report-59a71b6708a7c2c77c098000e1b5d71d,.pdf,01-01-2019,12-31-2019,05-29-2020
fb4d84cb7180fea45a0809ed5d98a556,Capstone Mining Corporation,Canada,https://s3.us-east-2.amazonaws.com/rp-20-sources/mandatory-disclosure-report-fb4d84cb7180fea45a0809ed5d98a556,.pdf,01-01-2019,12-31-2019,04-28-2020
a4bd4fe3db3420008df570baf7ed99f6,Shell Canada Energy Limited,Canada,https://s3.us-east-2.amazonaws.com/rp-20-sources/mandatory-disclosure-report-a4bd4fe3db3420008df570baf7ed99f6,.pdf,01-01-2019,12-31-2019,05-28-2020
efb0479503d403436e9384e289bb1cf0,Discovery Metals Corporation,Canada,https://s3.us-east-2.amazonaws.com/rp-20-sources/mandatory-disclosure-report-efb0479503d403436e9384e289bb1cf0,.pdf,01-01-2019,12-31-2019,05-28-2020
458e883a38566e3c1df3f41cfffab5f7,Seplat Petroleum Development Company PLC,United Kingdom of Great Britain and Northern Ireland,https://s3.us-east-2.amazonaws.com/rp-20-sources/mandatory-disclosure-report-458e883a38566e3c1df3f41cfffab5f7,.pdf,01-01-2019,12-31-2019
4a7abf7427dadd3e12d58db528ed05eb,Americas Gold and Silver Corporation,Canada,https://s3.us-east-2.amazonaws.com/rp-20-sources/mandatory-disclosure-report-4a7abf7427dadd3e12d58db528ed05eb,.pdf,01-01-2019,12-31-2019,06-05-2020
1ed50d0c521f129f1116d146669374d5,Jadestone Energy Incorporated,Canada,https://s3.us-east-2.amazonaws.com/rp-20-sources/mandatory-disclosure-report-1ed50d0c521f129f1116d146669374d5,.pdf,01-01-2019,12-31-2019,05-29-2020
fc115d337533e5d8d3f5385fe438d4ef-00d06d5d4fffa87c7c175a7dc46cb039-37e3177381c6f33a3e44aeff80730977-46d8a43cc829c67065adae51a6c20186,BP plc,United Kingdom of Great Britain and Northern Ireland,https://s3.us-east-2.amazonaws.com/rp-20-sources/mandatory-disclosure-report-fc115d337533e5d8d3f5385fe438d4ef-00d06d5d4fffa87c7c175a7dc46cb039-37e3177381c6f33a3e44aeff80730977-46d8a43cc829c67065adae51a6c20186,.zip,01-01-2019,12-31-2019,06-10-2020
c9e95a6e7623438f89326e183eb0c48f,Golden Star Resources Limited,Canada,https://s3.us-east-2.amazonaws.com/rp-20-sources/mandatory-disclosure-report-c9e95a6e7623438f89326e183eb0c48f,.pdf,01-01-2019,12-31-2019,05-28-2020
d0e222a661c79d59649d0e90cc1031be,Crescent Point Energy Corporation,Canada,https://s3.us-east-2.amazonaws.com/rp-20-sources/mandatory-disclosure-report-d0e222a661c79d59649d0e90cc1031be,.pdf,01-01-2019,12-31-2019,05-29-2020
d92855d76b876bb1d5bcd4d9053a0592,Lumina Gold Corporation,Canada,https://s3.us-east-2.amazonaws.com/rp-20-sources/mandatory-disclosure-report-d92855d76b876bb1d5bcd4d9053a0592,.pdf,01-01-2019,12-31-2019,05-22-2020
f71d1a17319b7c0fcdb6fe89a6632dbb,Titan Mining Corporation,Canada,https://s3.us-east-2.amazonaws.com/rp-20-sources/mandatory-disclosure-report-f71d1a17319b7c0fcdb6fe89a6632dbb,.pdf,01-01-2019,12-31-2019,05-20-2020
1fc454a3b1695827feebd9a2fed99ff7,Vale Canada Limited,Canada,https://s3.us-east-2.amazonaws.com/rp-20-sources/mandatory-disclosure-report-1fc454a3b1695827feebd9a2fed99ff7,.pdf,01-01-2018,12-31-2018,06-06-2019
a14e9bf9f87c71e07d3315039b0015d4,Valet U. Ott GmbH & Co. KG Kies- Und Sandwerke,Germany,https://s3.us-east-2.amazonaws.com/rp-20-sources/mandatory-disclosure-report-a14e9bf9f87c71e07d3315039b0015d4,.html,01-01-2017,12-31-2017,07-24-2018
2c50e0811cb9b138894e5a96e5435aa8,Valeura Energy Incorporated,Canada,https://s3.us-east-2.amazonaws.com/rp-20-sources/mandatory-disclosure-report-2c50e0811cb9b138894e5a96e5435aa8,.pdf,01-01-2017,12-31-2017,08-09-2018
90e6f6bf0021ad2c276ac5ea2f32205a-7a9768a7ea4a81c47d9769a85e0757b8-dba8444418c87c34aec7fceffb6d63b6-5409d72045f195486dd07634942a2d73,Vedanta Resources Limited,United Kingdom of Great Britain and Northern Ireland,https://s3.us-east-2.amazonaws.com/rp-20-sources/mandatory-disclosure-report-90e6f6bf0021ad2c276ac5ea2f32205a-7a9768a7ea4a81c47d9769a85e0757b8-dba8444418c87c34aec7fceffb6d63b6-5409d72045f195486dd07634942a2d73,.zip,04-01-2017,03-31-2018,09-13-2018
09d750157728481d09dfe9fdf3d13b22,Vermilion Energy Incorporated,Canada,https://s3.us-east-2.amazonaws.com/rp-20-sources/mandatory-disclosure-report09d750157728481d09dfe9fdf3d13b22,.pdf,01-01-2016,12-31-2016,04-27-2017
ad466ba342391feb4a71e6f4a9bc24ec,Vesta Energy Corporation,Canada,https://s3.us-east-2.amazonaws.com/rp-20-sources/mandatory-disclosure-reportad466ba342391feb4a71e6f4a9bc24ec,.pdf,01-01-2017,12-31-2017,06-12-2018
087f455d954a539c13fff9a41c8209d1,Vinci S.A.,France,https://s3.us-east-2.amazonaws.com/rp-20-sources/mandatory-disclosure-report-087f455d954a539c13fff9a41c8209d1,.pdf,01-01-2018,12-31-2018,06-14-2019
b310b0b8136ae590d808c25bd112dbb2,Votorantim Cement North America Incorporated,Canada,https://s3.us-east-2.amazonaws.com/rp-20-sources/mandatory-disclosure-reportb310b0b8136ae590d808c25bd112dbb2,.pdf,01-01-2016,12-31-2016,05-29-2017
c3d8a4113a937e4e1f6c08ee0233ea8b,Wienerberger GmbH,Germany,https://s3.us-east-2.amazonaws.com/rp-20-sources/mandatory-disclosure-report-c3d8a4113a937e4e1f6c08ee0233ea8b,.html,01-01-2016,12-31-2016,01-31-2019
147a9f8b549b240772132949482da485,Werhahn Industrieholding SE,Germany,https://s3.us-east-2.amazonaws.com/rp-20-sources/mandatory-disclosure-report-147a9f8b549b240772132949482da485,.html,01-01-2016,12-31-2016,01-03-2018
f9cd6ea37c06251d54dd4ccc88fc44ad,Yangarra Resources Limited,Canada,https://s3.us-east-2.amazonaws.com/rp-20-sources/mandatory-disclosure-report-f9cd6ea37c06251d54dd4ccc88fc44ad,.pdf,01-01-2018,12-31-2018,03-29-2019
5aabeda1de58acb6d0267a7a5e1f1447,Yara International ASA,Norway,https://s3.us-east-2.amazonaws.com/rp-20-sources/mandatory-disclosure-report-5aabeda1de58acb6d0267a7a5e1f1447,.pdf,01-01-2018,12-31-2018
06b22899da503c830bfc011c26486584,Spur Petroleum Limited,Canada,https://secureservercdn.net/198.71.233.254/epq.a54.myftpupload.com/html/wp-content/uploads/2020/04/20200415-ESTMA-Report-for-Release.pdf,.pdf,01-01-2019,12-31-2019,04-14-2020
c2cdfaa4728c1370c92c390a7597c2c6,Quaterra Resources Incorporated,Canada,https://s3.us-east-2.amazonaws.com/rp-20-sources/mandatory-disclosure-report-c2cdfaa4728c1370c92c390a7597c2c6,.pdf,01-01-2019,12-31-2019,05-11-2020
177c9401fe2fc1eae7787dff1e4935e9,Renaissance Oil Corporation,Canada,https://s3.us-east-2.amazonaws.com/rp-20-sources/mandatory-disclosure-report-177c9401fe2fc1eae7787dff1e4935e9,.pdf,01-01-2019,12-31-2019,06-02-2020
acc60013602eeab228f716343c69ab64,Nutrien Limited,Canada,https://s3.us-east-2.amazonaws.com/rp-20-sources/mandatory-disclosure-report-acc60013602eeab228f716343c69ab64,.pdf,01-01-2019,12-31-2019,05-27-2020
21fb551861454d528ba5b9d65ef3c194,Harte Gold Corporation,Canada,https://s3.us-east-2.amazonaws.com/rp-20-sources/mandatory-disclosure-report-21fb551861454d528ba5b9d65ef3c194,.pdf,01-01-2019,12-31-2019,05-28-2020
27ef7f3aee5089c02bcdbca085ec93de,Firenze Energy Limited,Canada,https://s3.us-east-2.amazonaws.com/rp-20-sources/mandatory-disclosure-report-27ef7f3aee5089c02bcdbca085ec93de,.pdf,01-01-2019,12-31-2019,05-27-2020
f1688953576c820fdc56bee0b423fdba,WesternZagros Development Unlimited Liability Company,Canada,https://s3.us-east-2.amazonaws.com/rp-20-sources/mandatory-disclosure-reportf1688953576c820fdc56bee0b423fdba,.pdf,01-01-2017,12-31-2017,05-28-2018
35283c339360573b8304f0aef535bb0c,Zinc One Resources Incorporated,Canada,https://s3.us-east-2.amazonaws.com/rp-20-sources/mandatory-disclosure-report-35283c339360573b8304f0aef535bb0c,.pdf,03-01-2017,02-28-2018,08-02-2018
c594afa3fe2a1a4d01f9e45e32ed0caf,William Day Construction Limited,Canada,https://s3.us-east-2.amazonaws.com/rp-20-sources/mandatory-disclosure-report-c594afa3fe2a1a4d01f9e45e32ed0caf,.xlsx,04-01-2017,03-31-2018,01-10-2019
5caaa15b1b69b2b45a76b04356fbaff1,Neptune Energy Deutschland GmbH,Germany,https://s3.us-east-2.amazonaws.com/rp-20-sources/mandatory-disclosure-report-5caaa15b1b69b2b45a76b04356fbaff1,.html,01-01-2016,12-31-2016,01-30-2019
1e848f55db0fb539d7eaab103127b922,Burnco Rock Products Limited,Canada,https://www.burnco.com/wp-content/uploads/2020/04/ESTMA-May-2017-to-April-2018.pdf,.pdf,05-01-2017,04-30-2018,09-28-2018
b5db656eb50a4219ac388c66ca18cdd2,Getchell Gold Corp.,Canada,https://s3.us-east-2.amazonaws.com/rp-20-sources/mandatory-disclosure-report-b5db656eb50a4219ac388c66ca18cdd2,.pdf,04-01-2018,03-31-2019,05-01-2020
91b76efbd6606bf51eab0e108e7d9d4a,Nexa Resources S.A.,Canada,https://s3.us-east-2.amazonaws.com/rp-20-sources/mandatory-disclosure-report-91b76efbd6606bf51eab0e108e7d9d4a,.pdf,01-01-2019,12-31-2019,05-11-2020
96b006e29db0807343fd2f8b515923de,Belo Sun Mining Corporation,Canada,https://s3.us-east-2.amazonaws.com/rp-20-sources/mandatory-disclosure-report-96b006e29db0807343fd2f8b515923de,.pdf,01-01-2019,12-31-2019,05-27-2020
c62f60d653401ca8169838b0ff71778d-de1afa598cc9f413e934a56d2fcb9eac-93f5ba421a0ddc0dea71fa0071eaee61-01045382e1b2a529972e7feb641bdfbe,JKX Oil & Gas plc,United Kingdom of Great Britain and Northern Ireland,https://s3.us-east-2.amazonaws.com/rp-20-sources/mandatory-disclosure-report-c62f60d653401ca8169838b0ff71778d-de1afa598cc9f413e934a56d2fcb9eac-93f5ba421a0ddc0dea71fa0071eaee61-01045382e1b2a529972e7feb641bdfbe,.zip,01-01-2019,12-31-2019,05-29-2020
bcfe47cd1fea72e332a6d74ab66fd3f6,Liberty Gold Corporation,Canada,https://s3.us-east-2.amazonaws.com/rp-20-sources/mandatory-disclosure-report-bcfe47cd1fea72e332a6d74ab66fd3f6,.pdf,01-01-2019,12-31-2019,05-22-2020
cee51666a3222cd36322b5d61cfc73c0,Ovintic Incorporated,Canada,https://s3.us-east-2.amazonaws.com/rp-20-sources/mandatory-disclosure-report-cee51666a3222cd36322b5d61cfc73c0,.pdf,01-01-2019,12-31-2019,05-28-2020
dfd158aaea940c3efadbfd3d1eb1ebcc,China Gold International Resources Corporation Limited,Canada,https://s3.us-east-2.amazonaws.com/rp-20-sources/mandatory-disclosure-report-dfd158aaea940c3efadbfd3d1eb1ebcc,.pdf,01-01-2019,12-31-2019,05-28-2020
f183342fb9a80c09fe017e0c3566c003,Avrupa Minerals Limited,Canada,https://s3.us-east-2.amazonaws.com/rp-20-sources/mandatory-disclosure-report-f183342fb9a80c09fe017e0c3566c003,.pdf,01-01-2016,12-31-2016,05-26-2017
7d5462d67dfdf34ea5fc28960ec86f16,Eldorado Gold Corporation,Canada,https://s3.us-east-2.amazonaws.com/rp-20-sources/mandatory-disclosure-report-7d5462d67dfdf34ea5fc28960ec86f16,.pdf,01-01-2017,12-31-2017,05-29-2020
b8dc2936b265126dec9e1acd5cda61c3,Yamana Gold Incorporated,Canada,https://s3.us-east-2.amazonaws.com/rp-20-sources/mandatory-disclosure-reportb8dc2936b265126dec9e1acd5cda61c3,.pdf,01-01-2017,12-31-2017,05-30-2018
1f9c8d81147944108844a6125505875f,Wintershall Aktiengesellschaft,Germany,https://s3.us-east-2.amazonaws.com/rp-20-sources/mandatory-disclosure-report-1f9c8d81147944108844a6125505875f,.html,01-01-2018,12-31-2018,06-25-2019
7acb0751b2103a467ce45025f4342fd7,Xto Energy Canada ULC,Canada,https://s3.us-east-2.amazonaws.com/rp-20-sources/mandatory-disclosure-report-7acb0751b2103a467ce45025f4342fd7,.pdf,01-01-2017,12-31-2017,04-23-2018
818fdff0f9b7302f05bbde83728af661,White Gold Corporation,Canada,https://s3.us-east-2.amazonaws.com/rp-20-sources/mandatory-disclosure-report-818fdff0f9b7302f05bbde83728af661,.pdf,01-01-2018,12-31-2018,03-23-2020
98793e91888f0eb3814b7e9497f8cf60,Yangarra Resources Limited,Canada,https://s3.us-east-2.amazonaws.com/rp-20-sources/mandatory-disclosure-report-98793e91888f0eb3814b7e9497f8cf60,.pdf,01-01-2019,12-31-2019,03-12-2020
3af167f50ad38ccbacdb40717bc24296,Altan Rio Minerals Limited,Canada,https://s3.us-east-2.amazonaws.com/rp-20-sources/mandatory-disclosure-report-3af167f50ad38ccbacdb40717bc24296,.xlsx,01-01-2016,12-31-2016,09-04-2019
ebf6d32601b48f46f73f6540687c38cd,Zincore Metals Incorporated,Canada,https://s3.us-east-2.amazonaws.com/rp-20-sources/mandatory-disclosure-report-ebf6d32601b48f46f73f6540687c38cd,.xlsx,01-01-2016,12-31-2016,05-30-2017
309c6d690d3a61e238097dc09678cbb7,Pan Orient Energy Corporation,Canada,https://s3.us-east-2.amazonaws.com/rp-20-sources/mandatory-disclosure-report-309c6d690d3a61e238097dc09678cbb7,.pdf,01-01-2019,12-31-2019,05-14-2020
45e1a67ef46c9a65dc96b32d068e8e73,ORLEN Upstream Canada Limited,Canada,https://s3.us-east-2.amazonaws.com/rp-20-sources/mandatory-disclosure-report-45e1a67ef46c9a65dc96b32d068e8e73,.pdf,01-01-2019,12-31-2019,05-25-2020
92ce1819a2ab1a78405af9eef0f55912,PETRONAS Energy Canada Limited,Canada,https://s3.us-east-2.amazonaws.com/rp-20-sources/mandatory-disclosure-report-92ce1819a2ab1a78405af9eef0f55912,.pdf,01-01-2019,12-31-2019,05-20-2020
f03f22c156296ef07a2cec436d0a71cc,GoldMining Incorporated,Canada,https://s3.us-east-2.amazonaws.com/rp-20-sources/mandatory-disclosure-report-f03f22c156296ef07a2cec436d0a71cc,.pdf,12-01-2018,11-30-2019,04-27-2020
b6123f9614be1c7a935e02c276d301d9,Inter-Rock Minerals Inc.,Canada,https://s3.us-east-2.amazonaws.com/rp-20-sources/mandatory-disclosure-report-b6123f9614be1c7a935e02c276d301d9,.pdf,01-01-2019,12-31-2019,04-24-2020
cf00dea4cae75a110d0fce629634c503,Black Swan Energy Limited,Canada,https://s3.us-east-2.amazonaws.com/rp-20-sources/mandatory-disclosure-report-cf00dea4cae75a110d0fce629634c503,.pdf,01-01-2019,12-31-2019,05-15-2020
f368f76fb366350aecabcbe700ec9af1,GoviEx Uranium Incorporated,Canada,https://s3.us-east-2.amazonaws.com/rp-20-sources/mandatory-disclosure-report-f368f76fb366350aecabcbe700ec9af1,.pdf,01-01-2019,12-31-2019,05-29-2020
9cabc83ad259fbb6410e63a5bf14b3d9,Crown Point Energy Incorporated,Canada,https://s3.us-east-2.amazonaws.com/rp-20-sources/mandatory-disclosure-report-9cabc83ad259fbb6410e63a5bf14b3d9,.pdf,01-01-2019,12-31-2019,05-20-2020
acabe653dc59431a0ce2bcf448060c0c,Ero Copper Corporation,Canada,https://s3.us-east-2.amazonaws.com/rp-20-sources/mandatory-disclosure-report-acabe653dc59431a0ce2bcf448060c0c,.pdf,01-01-2019,12-31-2019,05-26-2020
568bbfed3188898cad02714fd7097d34,West Lake Energy Corporation,Canada,https://s3.us-east-2.amazonaws.com/rp-20-sources/mandatory-disclosure-report-568bbfed3188898cad02714fd7097d34,.pdf,01-01-2018,12-31-2018,04-16-2019
b3073c8fcdc0d0b330579a9d29f6a97c,Zinc One Resources Incorporated,Canada,https://s3.us-east-2.amazonaws.com/rp-20-sources/mandatory-disclosure-reportb3073c8fcdc0d0b330579a9d29f6a97c,.pdf,01-01-2016,12-31-2016,05-24-2017
c5387f16123b1df4fa0612333286e224,Altan Rio Minerals Limited,Canada,https://s3.us-east-2.amazonaws.com/rp-20-sources/mandatory-disclosure-report-c5387f16123b1df4fa0612333286e224,.xlsx,01-01-2017,12-31-2017,09-04-2019
10b94e6112b331321af058db3a47e726,Silver Bull Resources Incorporated,Canada,https://s3.us-east-2.amazonaws.com/rp-20-sources/mandatory-disclosure-report-10b94e6112b331321af058db3a47e726,.pdf,11-01-2018,10-31-2019,03-10-2020
3399206326b59c57acb229ff03f4f568,Minera Alamos Inc.,Canada,https://s3.us-east-2.amazonaws.com/rp-20-sources/mandatory-disclosure-report-3399206326b59c57acb229ff03f4f568,.pdf,01-01-2018,12-31-2018,03-10-2020
e5550af7790aa1fc96ccb29819f7f431,Bonterra Energy Corporation,Canada,https://s3.us-east-2.amazonaws.com/rp-20-sources/mandatory-disclosure-report-e5550af7790aa1fc96ccb29819f7f431,.pdf,01-01-2019,12-31-2019,03-13-2020
2af2b390999062f4cf5484270c130cea,TransAlta Corporation,Canada,https://s3.us-east-2.amazonaws.com/rp-20-sources/mandatory-disclosure-report-2af2b390999062f4cf5484270c130cea,.pdf,01-01-2019,12-31-2019,05-01-2020
50214d1140d0794b84af434d5d67beeb-91198821ab277b389472f1a59fa4a83a-b75c7db5d3c1eedf9b871a2440a712b1-5477562e7e281ede69fd009978b93fd5,The Hills Group Limited,United Kingdom of Great Britain and Northern Ireland,https://s3.us-east-2.amazonaws.com/rp-20-sources/mandatory-disclosure-report-50214d1140d0794b84af434d5d67beeb-91198821ab277b389472f1a59fa4a83a-b75c7db5d3c1eedf9b871a2440a712b1-5477562e7e281ede69fd009978b93fd5,.zip,05-01-2018,04-30-2019,03-05-2020
7037e6ae341fd39fa48f90150bf394e1,Itafos,Canada,https://s3.us-east-2.amazonaws.com/rp-20-sources/mandatory-disclosure-report-7037e6ae341fd39fa48f90150bf394e1,.pdf,01-01-2017,12-31-2017,04-01-2020
46967dc38c1a7f9fb4886fc329f28fda,Strath Resources Limited,Canada,https://s3.us-east-2.amazonaws.com/rp-20-sources/mandatory-disclosure-report-46967dc38c1a7f9fb4886fc329f28fda,.pdf,01-01-2019,12-31-2019,04-30-2020
65d1fcfcd784452b8211580c2772000d,Ur-Energy Incorporated,Canada,https://s3.us-east-2.amazonaws.com/rp-20-sources/mandatory-disclosure-report-65d1fcfcd784452b8211580c2772000d,.pdf,01-01-2019,12-31-2019,06-04-2020
c2fa8e45de75db9250539e1ea7c3e891,BW Energy Limited,Norway,https://s3.us-east-2.amazonaws.com/rp-20-sources/mandatory-disclosure-report-c2fa8e45de75db9250539e1ea7c3e891,.pdf,01-01-2019,12-31-2019
b48ce10b82c48db8a40163fe7b791605,Severstal,United Kingdom of Great Britain and Northern Ireland,https://s3.us-east-2.amazonaws.com/rp-20-sources/mandatory-disclosure-report-b48ce10b82c48db8a40163fe7b791605,.pdf,01-01-2018,12-31-2018,05-29-2019
b52fdc92e1cf5dd241cd81f7f27d31f5,Velocity Minerals Ltd.,Canada,https://s3.us-east-2.amazonaws.com/rp-20-sources/mandatory-disclosure-report-b52fdc92e1cf5dd241cd81f7f27d31f5,.pdf,01-01-2017,12-31-2017,05-29-2020
5c98ec4ef0c9e02de834c4e90bec3c15,Gem Diamonds Limited,United Kingdom of Great Britain and Northern Ireland,https://s3.us-east-2.amazonaws.com/rp-20-sources/mandatory-disclosure-report-5c98ec4ef0c9e02de834c4e90bec3c15,.html,01-01-2019,12-31-2019,06-09-2020
7d1157f112570b0fd72646faa04430bd,Antioquia Gold Inc.,Canada,https://s3.us-east-2.amazonaws.com/rp-20-sources/mandatory-disclosure-report-7d1157f112570b0fd72646faa04430bd,.pdf,01-01-2019,12-31-2019,06-03-2020
9347ccc852c46f509f71e3296a974c0b,Vermilion Energy Incorporated,Canada,https://s3.us-east-2.amazonaws.com/rp-20-sources/mandatory-disclosure-report9347ccc852c46f509f71e3296a974c0b,.pdf,01-01-2017,12-31-2017,05-04-2018
e5c717f2a2fe1ebe1e65e3b64c5402ad,West Kirkland Mining Incorporated,Canada,https://s3.us-east-2.amazonaws.com/rp-20-sources/mandatory-disclosure-report-e5c717f2a2fe1ebe1e65e3b64c5402ad,.pdf,01-01-2018,12-31-2018,05-23-2019
d7cbef6ead9f1ee627a7b178fbdf0b51,WesternZagros Development Unlimited Liability Company,Canada,https://s3.us-east-2.amazonaws.com/rp-20-sources/mandatory-disclosure-reportd7cbef6ead9f1ee627a7b178fbdf0b51,.pdf,01-01-2016,12-31-2016,05-26-2017
c81b982477f3874cb6b59723fe78852b,Whitecap Resources Incorporated,Canada,https://s3.us-east-2.amazonaws.com/rp-20-sources/mandatory-disclosure-reportc81b982477f3874cb6b59723fe78852b,.pdf,01-01-2017,12-31-2017,05-29-2018
24d005e6ac34b3061807e3f91c5d2018,WesternZagros Development Unlimited Liability Company,Canada,https://s3.us-east-2.amazonaws.com/rp-20-sources/mandatory-disclosure-report-24d005e6ac34b3061807e3f91c5d2018,.pdf,01-01-2018,12-31-2018,05-29-2019
ec803ed1ef32b5661c2dc739a15f8a84,Xtra-Gold Resources Corporation,Canada,https://s3.us-east-2.amazonaws.com/rp-20-sources/mandatory-disclosure-report-ec803ed1ef32b5661c2dc739a15f8a84,.pdf,01-01-2018,12-31-2018,05-13-2019
bcfcef62ecf2554ea2747e98c075a076,Repsol S.A.,Spain,https://s3.us-east-2.amazonaws.com/rp-20-sources/mandatory-disclosure-report-bcfcef62ecf2554ea2747e98c075a076,.xlsx,01-01-2019,12-31-2019
8ed17848096180d5b4dc0c76bc41c2a1-ea22be4595c1dfd0c4588a91d0815f89-2208f83b44ca9dcb773c69193da4bac4-e2999df230690fd929f942b8e912c594,Hunting PLC,United Kingdom of Great Britain and Northern Ireland,https://s3.us-east-2.amazonaws.com/rp-20-sources/mandatory-disclosure-report-8ed17848096180d5b4dc0c76bc41c2a1-ea22be4595c1dfd0c4588a91d0815f89-2208f83b44ca9dcb773c69193da4bac4-e2999df230690fd929f942b8e912c594,.zip,01-01-2019,12-31-2019,05-01-2020
0cd57267c3794db0db2b4748a1468b1c,Buffalo Coal Corporation,Canada,https://s3.us-east-2.amazonaws.com/rp-20-sources/mandatory-disclosure-report-0cd57267c3794db0db2b4748a1468b1c,.pdf,01-01-2018,12-31-2018,05-08-2020
319159b5f931e16730a5c67c7c5d1458,Eni S.p.A.,Italy,https://s3.us-east-2.amazonaws.com/rp-20-sources/mandatory-disclosure-report-319159b5f931e16730a5c67c7c5d1458,.pdf,01-01-2018,12-31-2018,12-05-2019
168e9bbe5adc1353a881385b1f8df94a,InPlay Oil Corporation,Canada,https://s3.us-east-2.amazonaws.com/rp-20-sources/mandatory-disclosure-report-168e9bbe5adc1353a881385b1f8df94a,.pdf,01-01-2019,12-31-2019,05-28-2020
57c1ff1aa0955cd8735231a8ad3f8b4b,Advantage Oil and Gas Limited,Canada,https://s3.us-east-2.amazonaws.com/rp-20-sources/mandatory-disclosure-report-57c1ff1aa0955cd8735231a8ad3f8b4b,.pdf,01-01-2019,12-31-2019,05-27-2020
7af8dc95b914d3ae7283cb05bd95f1a5,ExxonMobil Canada Investments Company,Canada,https://s3.us-east-2.amazonaws.com/rp-20-sources/mandatory-disclosure-report-7af8dc95b914d3ae7283cb05bd95f1a5,.pdf,12-01-2018,11-30-2019,04-27-2020
21294db70d4430baa55e4938888c7d9e,Kenmare Resources plc,Ireland,https://s3.us-east-2.amazonaws.com/rp-20-sources/mandatory-disclosure-report-21294db70d4430baa55e4938888c7d9e,.pdf,01-01-2019,12-31-2019,05-25-2020
81b1e37c1513d853d873b429cb4afce3,Pengrowth Energy Corporation,Canada,https://s3.us-east-2.amazonaws.com/rp-20-sources/mandatory-disclosure-report-81b1e37c1513d853d873b429cb4afce3,.pdf,01-01-2019,12-31-2019,05-27-2020
ca0062ed92edadbaa4c148c5452a7c62,Tangle Creek Energy Limited,Canada,https://s3.us-east-2.amazonaws.com/rp-20-sources/mandatory-disclosure-report-ca0062ed92edadbaa4c148c5452a7c62,.pdf,01-01-2019,12-31-2019,05-26-2020
fef1a7c3069871f222348992d23d76de,Alio Gold Incorporated,Canada,https://s3.us-east-2.amazonaws.com/rp-20-sources/mandatory-disclosure-report-fef1a7c3069871f222348992d23d76de,.pdf,01-01-2019,12-31-2019,05-28-2020
86982bf725a1cb84ba97763c298d95db,Telson Mining Corporation,Canada,https://s3.us-east-2.amazonaws.com/rp-20-sources/mandatory-disclosure-report-86982bf725a1cb84ba97763c298d95db,.pdf,01-01-2019,12-31-2019,05-30-2020
959d0c94ec4ca062ced1443fe0c7a131,Reconnaissance Energy Africa Ltd.,Canada,https://s3.us-east-2.amazonaws.com/rp-20-sources/mandatory-disclosure-report-959d0c94ec4ca062ced1443fe0c7a131,.pdf,01-01-2019,12-31-2019,06-04-2020
5f716b27b90b552689f6d808e6e7b2bd,White Gold Corporation,Canada,https://s3.us-east-2.amazonaws.com/rp-20-sources/mandatory-disclosure-report5f716b27b90b552689f6d808e6e7b2bd,.pdf,01-01-2017,12-31-2017,05-31-2018
dca8ef1cd96b777272a2ba21f9a74ac6,Zargon Oil and Gas Limited,Canada,https://s3.us-east-2.amazonaws.com/rp-20-sources/mandatory-disclosure-reportdca8ef1cd96b777272a2ba21f9a74ac6,.pdf,01-01-2017,12-31-2017,05-30-2018
c96af6edeeea5b6662b301bf73a4b104,First Majestic Silver Corporation,Canada,https://s3.us-east-2.amazonaws.com/rp-20-sources/mandatory-disclosure-report-c96af6edeeea5b6662b301bf73a4b104,.pdf,01-01-2019,12-31-2019,05-05-2020
a49520ae5ad06b431e25b11787588d65,Bonavista Energy Corporation,Canada,https://s3.us-east-2.amazonaws.com/rp-20-sources/mandatory-disclosure-report-a49520ae5ad06b431e25b11787588d65,.pdf,01-01-2019,12-31-2019,04-01-2020
704ec7beee220cc7f75cd340b604e525,Rainbow Rare Earths Limited,United Kingdom of Great Britain and Northern Ireland,https://s3.us-east-2.amazonaws.com/rp-20-sources/mandatory-disclosure-report-704ec7beee220cc7f75cd340b604e525,.pdf,07-01-2018,06-30-2019,10-30-2019
8e5d2f41326ee28de99d6aa8d8a2bb76,Canadian Spirit Resources Incorporated,Canada,https://s3.us-east-2.amazonaws.com/rp-20-sources/mandatory-disclosure-report-8e5d2f41326ee28de99d6aa8d8a2bb76,.pdf,01-01-2019,12-31-2019,06-08-2020
c4e07233c8f9eb1661991eb4b0b3fd10,Tundra Oil and Gas Limited,Canada,https://s3.us-east-2.amazonaws.com/rp-20-sources/mandatory-disclosure-report-c4e07233c8f9eb1661991eb4b0b3fd10,.pdf,01-01-2018,12-31-2018,05-30-2019
0f9b1de72fbf6617863e82e1157c1121,Valet U. Ott GmbH & Co. KG Kies- Und Sandwerke,Germany,https://s3.us-east-2.amazonaws.com/rp-20-sources/mandatory-disclosure-report-0f9b1de72fbf6617863e82e1157c1121,.html,01-01-2018,12-31-2018,10-29-2019
81fada08193d05cee4cfb5abb4610e1f,Werhahn Industrieholding SE,Germany,https://s3.us-east-2.amazonaws.com/rp-20-sources/mandatory-disclosure-report-81fada08193d05cee4cfb5abb4610e1f,.html,01-01-2018,12-31-2018,09-04-2019
37c28d5de8a27c156f2a408082c792a2,Wienerberger Deutschland Service GmbH,Germany,https://s3.us-east-2.amazonaws.com/rp-20-sources/mandatory-disclosure-report-37c28d5de8a27c156f2a408082c792a2,.html,01-01-2017,12-31-2017,01-31-2019
7311bcd9d9832cf6edd64e992d6d96d1,Evrim Resources Corp.,Canada,https://s3.us-east-2.amazonaws.com/rp-20-sources/mandatory-disclosure-report-7311bcd9d9832cf6edd64e992d6d96d1,.pdf,01-01-2019,12-31-2019,05-06-2020
e4f9f4b968fdf2edf8644903bd40ba6d,INV Metals Incorporated,Canada,https://s3.us-east-2.amazonaws.com/rp-20-sources/mandatory-disclosure-report-e4f9f4b968fdf2edf8644903bd40ba6d,.pdf,01-01-2019,12-31-2019,05-20-2020
e206a990a170ec92e90fcb70d2bafb54,Scorpio Gold Corporation,Canada,https://s3.us-east-2.amazonaws.com/rp-20-sources/mandatory-disclosure-report-e206a990a170ec92e90fcb70d2bafb54,.pdf,01-01-2018,12-31-2018,02-20-2019
50e22f9ab1a67d9a36d28d21c7d3e9e0,Noront Resources Ltd.,Canada,https://s3.us-east-2.amazonaws.com/rp-20-sources/mandatory-disclosure-report-50e22f9ab1a67d9a36d28d21c7d3e9e0,.pdf,01-01-2019,12-31-2019,05-29-2020
3c6c40ef1d961f5b156cb54000fcd1ec,Sprott Resource Holdings Incorporated,Canada,https://s3.us-east-2.amazonaws.com/rp-20-sources/mandatory-disclosure-report-3c6c40ef1d961f5b156cb54000fcd1ec,.pdf,01-01-2019,12-31-2019,05-29-2020
cdb0f7f67462008f0bbc5f29180a3188,CNOOC Limited,Canada,https://s3.us-east-2.amazonaws.com/rp-20-sources/mandatory-disclosure-report-cdb0f7f67462008f0bbc5f29180a3188,.pdf,01-01-2019,12-31-2019,05-26-2020
71883129962df468091d2b042d4ea24a,JSC National Atomic Company Kazatomprom,United Kingdom of Great Britain and Northern Ireland,https://s3.us-east-2.amazonaws.com/rp-20-sources/mandatory-disclosure-report-71883129962df468091d2b042d4ea24a,.html,01-01-2019,12-31-2019,06-25-2020
23f0eb53d3fa03d4670b6747f75d0161-63fc571dba48e59f7b6b0b0db768e6fe-42c67e5393fbc826c543ad59a3153408-12a2cc625afe0eb1d1acc3071758131a,Tullow Oil PLC,United Kingdom of Great Britain and Northern Ireland,https://s3.us-east-2.amazonaws.com/rp-20-sources/mandatory-disclosure-report23f0eb53d3fa03d4670b6747f75d0161-63fc571dba48e59f7b6b0b0db768e6fe-42c67e5393fbc826c543ad59a3153408-12a2cc625afe0eb1d1acc3071758131a,.zip,01-01-2016,12-31-2016,11-01-2017
99534546a7f47106b0b2cec2d1c19a11,Tundra Oil and Gas Limited,Canada,https://s3.us-east-2.amazonaws.com/rp-20-sources/mandatory-disclosure-report99534546a7f47106b0b2cec2d1c19a11,.pdf,01-01-2016,12-31-2016,05-26-2017
26c881b83346eee1593becf23b335260,Vitol Holding II S.A.,Luxembourg,https://s3.us-east-2.amazonaws.com/rp-20-sources/mandatory-disclosure-report-26c881b83346eee1593becf23b335260,.pdf,01-01-2017,12-31-2017
86e7a6ffa98a92859c8bbdff8b8cf566,Westbrick Energy Limited,Canada,https://s3.us-east-2.amazonaws.com/rp-20-sources/mandatory-disclosure-report-86e7a6ffa98a92859c8bbdff8b8cf566,.pdf,01-01-2018,12-31-2018,05-21-2019
8c46ab71978b74bba29d36e4b25cf37b,Aurania Resources Limited,Canada,https://s3.us-east-2.amazonaws.com/rp-20-sources/mandatory-disclosure-report-8c46ab71978b74bba29d36e4b25cf37b,.pdf,01-01-2019,12-31-2019,01-31-2020
7b85a5f814b6865def5023454a85b83a,Condor Petroleum Incorporated,Canada,https://s3.us-east-2.amazonaws.com/rp-20-sources/mandatory-disclosure-report-7b85a5f814b6865def5023454a85b83a,.pdf,01-01-2019,12-31-2019,04-07-2020
1b37dc7a73b9400bf5448f348f59993f,Lafarge Canada Incorporated,Canada,https://s3.us-east-2.amazonaws.com/rp-20-sources/mandatory-disclosure-report-1b37dc7a73b9400bf5448f348f59993f,.pdf,01-01-2019,12-31-2019,05-21-2020
e0ffa9a4ece9cb5457aa817aa1988740,TORC Oil and Gas Limited,Canada,https://s3.us-east-2.amazonaws.com/rp-20-sources/mandatory-disclosure-report-e0ffa9a4ece9cb5457aa817aa1988740,.pdf,01-01-2019,12-31-2019,05-29-2020
1ef75e7dbf93179900fe8e90b0149ca0,Kosmos Energy,United Kingdom of Great Britain and Northern Ireland,https://s3.us-east-2.amazonaws.com/rp-20-sources/mandatory-disclosure-report-1ef75e7dbf93179900fe8e90b0149ca0,.pdf,01-01-2019,12-31-2019
0bedac98b64827503a41ea7a6c424cdf-365fe13e15000f2e6367b6f4801a9344-87abb9b15103663d43930748228edb0e-d739d2fa2c54d9ffc40929040bbbdcb9,London & Associated Properties PLC,United Kingdom of Great Britain and Northern Ireland,https://s3.us-east-2.amazonaws.com/rp-20-sources/mandatory-disclosure-report-0bedac98b64827503a41ea7a6c424cdf-365fe13e15000f2e6367b6f4801a9344-87abb9b15103663d43930748228edb0e-d739d2fa2c54d9ffc40929040bbbdcb9,.zip,01-01-2019,12-31-2019,06-23-2020
74b2a4fcaa5d2f121e079149213a4f0a,Avrupa Minerals Limited,Canada,https://s3.us-east-2.amazonaws.com/rp-20-sources/mandatory-disclosure-report-74b2a4fcaa5d2f121e079149213a4f0a,.pdf,01-01-2019,12-31-2019,06-03-2020
8c6881bdff5e9a9120d799b2d456010d,Blackspur Oil Corporation,Canada,https://s3.us-east-2.amazonaws.com/rp-20-sources/mandatory-disclosure-report-8c6881bdff5e9a9120d799b2d456010d,.pdf,01-01-2019,12-31-2019,06-01-2020
07816a266683e86c840d9f3e8fa8cc4f,Yara International ASA,Norway,https://s3.us-east-2.amazonaws.com/rp-20-sources/mandatory-disclosure-report-07816a266683e86c840d9f3e8fa8cc4f,.pdf,01-01-2019,12-31-2019
09ea2e21ee69fb364e0ac182d1b896a8,Sabina Gold & Silver Corporation,Canada,https://s3.us-east-2.amazonaws.com/rp-20-sources/mandatory-disclosure-report-09ea2e21ee69fb364e0ac182d1b896a8,.pdf,01-01-2019,12-31-2019,05-28-2020
814f8fc19ecdd1fbd10e195a15503e1b,Teranga Gold Corporation,Canada,https://s3.us-east-2.amazonaws.com/rp-20-sources/mandatory-disclosure-report-814f8fc19ecdd1fbd10e195a15503e1b,.pdf,01-01-2019,12-31-2019,06-16-2020
ecac17a45c6c1c0038d1a37fc5ce5e0a,New Zealand Energy Corporation,Canada,https://s3.us-east-2.amazonaws.com/rp-20-sources/mandatory-disclosure-report-ecac17a45c6c1c0038d1a37fc5ce5e0a,.pdf,01-01-2019,12-31-2019,06-15-2020
026ceea58c22980f2ff2cf2988c27501,Reunion Gold Corporation,Canada,https://s3.us-east-2.amazonaws.com/rp-20-sources/mandatory-disclosure-report-026ceea58c22980f2ff2cf2988c27501,.pdf,04-01-2019,12-31-2019,06-25-2020
d72eec7f43caccf351ac954654fd90a4,Perpetual Energy Incorporated,Canada,https://s3.us-east-2.amazonaws.com/rp-20-sources/mandatory-disclosure-report-d72eec7f43caccf351ac954654fd90a4,.pdf,01-01-2019,12-31-2019,07-02-2020
4e24c8b0e267f7cb8fd48ba1ac913f9b,Kiwetinohk Resources Corporation,Canada,https://s3.us-east-2.amazonaws.com/rp-20-sources/mandatory-disclosure-report-4e24c8b0e267f7cb8fd48ba1ac913f9b,.pdf,01-01-2019,12-31-2019,06-19-2020
888d533f64b7d395a24852aeb33589fb,Questerre Energy Corporation,Canada,https://s3.us-east-2.amazonaws.com/rp-20-sources/mandatory-disclosure-report-888d533f64b7d395a24852aeb33589fb,.pdf,01-01-2019,12-31-2019,05-28-2020
1efa21aa1719ae357afcd68af542af9b,Acacia Mining Plc,United Kingdom of Great Britain and Northern Ireland,https://s3.us-east-2.amazonaws.com/rp-20-sources/mandatory-disclosure-report1efa21aa1719ae357afcd68af542af9b,.pdf,01-01-2015,12-31-2015
42dc83829b43976edc5740aa05647ef4,TotalEnergies SE (formerly Total S.A.),France,https://s3.us-east-2.amazonaws.com/rp-20-sources/mandatory-disclosure-report42dc83829b43976edc5740aa05647ef4,.pdf,01-01-2015,12-31-2015,03-15-2016
1e62824bebc6c35d54bf7e0d5e7931ae,Guyana Goldfields Incorporated,Canada,https://s3.us-east-2.amazonaws.com/rp-20-sources/mandatory-disclosure-report-1e62824bebc6c35d54bf7e0d5e7931ae,.pdf,01-01-2019,12-31-2019,08-20-2020
1e3d5ab958db08e0a9951c5c7dbfd171,Baccalieu Energy Incorporated,Canada,https://s3.us-east-2.amazonaws.com/rp-20-sources/mandatory-disclosure-report-1e3d5ab958db08e0a9951c5c7dbfd171,.pdf,01-01-2019,12-31-2019,05-26-2020
7d050b3fa4b9514a9913b9f505612c9d,Vicat S.A.,France,https://s3.us-east-2.amazonaws.com/rp-20-sources/mandatory-disclosure-report-7d050b3fa4b9514a9913b9f505612c9d,.pdf,01-01-2017,12-31-2017,02-13-2018
502a0db966f8a80e4be42dfea286b137,Mosaic I (Canada) Holdings ULC,Canada,https://s3.us-east-2.amazonaws.com/rp-20-sources/mandatory-disclosure-report-502a0db966f8a80e4be42dfea286b137,.xlsx,01-01-2019,12-31-2019,08-06-2020
59f14c73ab55494a4298b70188f770fd,Arcelormittal Canada Holdings Inc.,Canada,https://s3.us-east-2.amazonaws.com/rp-20-sources/mandatory-disclosure-report-59f14c73ab55494a4298b70188f770fd,.pdf,01-01-2019,12-31-2019,06-08-2020
f6c5a7555f0183d39fd29f460fc2580f,MAG Silver Corporation,Canada,https://s3.us-east-2.amazonaws.com/rp-20-sources/mandatory-disclosure-report-f6c5a7555f0183d39fd29f460fc2580f,.pdf,01-01-2019,12-31-2019,09-28-2020
2acae992e7eee33e7d014b5b2fee9366,Cement Roadstone Holdings Canada Group Incorporated,Canada,https://s3.us-east-2.amazonaws.com/rp-20-sources/mandatory-disclosure-report-2acae992e7eee33e7d014b5b2fee9366,.pdf,01-01-2019,12-31-2019,09-29-2020
253158722f0cef539216d9505582935c,Metallic Minerals Corp.,Canada,https://s3.us-east-2.amazonaws.com/rp-20-sources/mandatory-disclosure-report-253158722f0cef539216d9505582935c,.pdf,08-01-2019,07-31-2020,12-18-2020
ba339e0c9e1caa18895c74143147506b,Nemaska Lithium Incorporated,Canada,https://s3.us-east-2.amazonaws.com/rp-20-sources/mandatory-disclosure-report-ba339e0c9e1caa18895c74143147506b,.pdf,07-01-2017,06-30-2018,11-29-2018
ce690ef812c4f43e44eed9982fe6a650,Schlumberger Limited,France,https://s3.us-east-2.amazonaws.com/rp-20-sources/mandatory-disclosure-report-ce690ef812c4f43e44eed9982fe6a650,.pdf,01-01-2019,12-31-2019,06-30-2020
271fd363516805f6c42b83bb9f56691f,Pan American Silver Corporation,Canada,https://s3.us-east-2.amazonaws.com/rp-20-sources/mandatory-disclosure-report-271fd363516805f6c42b83bb9f56691f,.pdf,01-01-2019,12-31-2019,06-26-2020
93eee83e0c7f6a037f16cce50c41f379,Hecla Quebec Incorporated,Canada,https://s3.us-east-2.amazonaws.com/rp-20-sources/mandatory-disclosure-report-93eee83e0c7f6a037f16cce50c41f379,.html,01-01-2019,12-31-2019,05-18-2020
0693f493e997a613c9a3e8eba0fd4d7d,Glenogle Energy Incorporated,Canada,https://s3.us-east-2.amazonaws.com/rp-20-sources/mandatory-disclosure-report-0693f493e997a613c9a3e8eba0fd4d7d,.pdf,01-01-2019,12-31-2019,07-21-2020
a9374c77a5cef9ea5b2b004d899b13a5,Galp Energia,Portugal,https://s3.us-east-2.amazonaws.com/rp-20-sources/mandatory-disclosure-report-a9374c77a5cef9ea5b2b004d899b13a5,.pdf,01-01-2019,12-31-2019
4ee56c9760b4390dff972d60137f4bad,STRABAG SE,Austria,https://s3.us-east-2.amazonaws.com/rp-20-sources/mandatory-disclosure-report-4ee56c9760b4390dff972d60137f4bad,.pdf,01-01-2016,12-31-2016,04-07-2017
7a30d1b2932817bf48d7807af9ac1ec0,Headwater Exploration Inc.,Canada,https://s3.us-east-2.amazonaws.com/rp-20-sources/mandatory-disclosure-report-7a30d1b2932817bf48d7807af9ac1ec0,.pdf,01-01-2018,12-31-2018,08-12-2020
835c26a6bf3e1eb391f15bebc18d28d2,Nord Gold SE,Canada,https://s3.us-east-2.amazonaws.com/rp-20-sources/mandatory-disclosure-report-835c26a6bf3e1eb391f15bebc18d28d2,.pdf,01-01-2019,12-31-2019,06-25-2020
83490c5daaf0918468de233292651942,Great Eastern Energy Corporation Limited,United Kingdom of Great Britain and Northern Ireland,https://s3.us-east-2.amazonaws.com/rp-20-sources/mandatory-disclosure-report-83490c5daaf0918468de233292651942,.pdf,04-01-2019,03-31-2020,09-02-2020
baa90f57fa43a7bc517406449455c55c,Surge Energy Incorporated,Canada,https://s3.us-east-2.amazonaws.com/rp-20-sources/mandatory-disclosure-report-baa90f57fa43a7bc517406449455c55c,.pdf,01-01-2019,12-31-2019,07-14-2020
0e240600f4efb3b1a5ad97391fd1f135,Meridian Mining SE,Canada,https://s3.us-east-2.amazonaws.com/rp-20-sources/mandatory-disclosure-report-0e240600f4efb3b1a5ad97391fd1f135,.pdf,01-01-2019,12-31-2019,09-18-2020
87b4c1409d3cdfc42dcc0180f49f5fa8,Rubicon Minerals Corporation,Canada,https://s3.us-east-2.amazonaws.com/rp-20-sources/mandatory-disclosure-report-87b4c1409d3cdfc42dcc0180f49f5fa8,.pdf,01-01-2019,12-31-2019,07-06-2020
a36b293120db0371d2d7d295acd953b8,Alphamin Resources Corporation,Canada,https://s3.us-east-2.amazonaws.com/rp-20-sources/mandatory-disclosure-report-a36b293120db0371d2d7d295acd953b8,.pdf,01-01-2016,12-31-2016,01-19-2018
feefa9036e7c7d12e8eb1f2c38a3dd21,Atlantic Mining NS,Canada,https://s3.us-east-2.amazonaws.com/rp-20-sources/mandatory-disclosure-report-feefa9036e7c7d12e8eb1f2c38a3dd21,.pdf,01-01-2019,12-31-2019,10-22-2020
6357bf8c36f351e8ad75dcfd5b685ac7,Bankers Petroleum Limited,Canada,https://s3.us-east-2.amazonaws.com/rp-20-sources/mandatory-disclosure-report-6357bf8c36f351e8ad75dcfd5b685ac7,.pdf,01-01-2019,12-31-2019,07-14-2020
71c9e65c96cbb668cb43196dda103005,Irving Resources Incorporated,Canada,https://s3.us-east-2.amazonaws.com/rp-20-sources/mandatory-disclosure-report-71c9e65c96cbb668cb43196dda103005,.pdf,03-01-2019,02-29-2020,07-20-2020
8edf4b81800d965e01bf2357e108c4db,STRABAG SE,Austria,https://s3.us-east-2.amazonaws.com/rp-20-sources/mandatory-disclosure-report-8edf4b81800d965e01bf2357e108c4db,.pdf,01-01-2017,12-31-2017,04-09-2018
bf243788e4f54ded87c9d2fb26f7b41e,Centamin plc,United Kingdom of Great Britain and Northern Ireland,https://s3.us-east-2.amazonaws.com/rp-20-sources/mandatory-disclosure-report-bf243788e4f54ded87c9d2fb26f7b41e,.html,01-01-2018,12-31-2018,02-25-2019
8215c91151d53b23ddbefd7ed62d5815,Nalcor Energy,Canada,https://s3.us-east-2.amazonaws.com/rp-20-sources/mandatory-disclosure-report-8215c91151d53b23ddbefd7ed62d5815,.pdf,01-01-2016,12-31-2016,07-13-2020
79c7c4ce3a5845306874dbfc7ac69022,Labrador Iron Ore Royalty Corporation,Canada,https://s3.us-east-2.amazonaws.com/rp-20-sources/mandatory-disclosure-report-79c7c4ce3a5845306874dbfc7ac69022,.pdf,01-01-2019,12-31-2019,08-28-2020
7c1f8b8968c14964b77a24faaebba012,K92 Mining Incorporated,Canada,https://s3.us-east-2.amazonaws.com/rp-20-sources/mandatory-disclosure-report-7c1f8b8968c14964b77a24faaebba012,.pdf,01-01-2019,12-31-2019,04-14-2020
da7454d29a3e6cf0289f49c2cde16110,Entrada Resources Incorporated,Canada,https://s3.us-east-2.amazonaws.com/rp-20-sources/mandatory-disclosure-report-da7454d29a3e6cf0289f49c2cde16110,.pdf,01-01-2019,12-31-2019,09-08-2020
a8a4a9db096d8eb3e84b2cae0023ee1a,Orca Exploration Group Incorporated,Canada,https://s3.us-east-2.amazonaws.com/rp-20-sources/mandatory-disclosure-report-a8a4a9db096d8eb3e84b2cae0023ee1a,.xlsx,01-01-2019,12-31-2019,08-03-2020
7215f2f059d34ee0f95eaa8641ec854b,Rupert Resources Ltd.,Canada,https://s3.us-east-2.amazonaws.com/rp-20-sources/mandatory-disclosure-report-7215f2f059d34ee0f95eaa8641ec854b,.xlsx,03-01-2019,02-29-2020,08-25-2020
a142f3996496ac7c19c986dd05e684a3,PetroTal Corporation,Canada,https://s3.us-east-2.amazonaws.com/rp-20-sources/mandatory-disclosure-report-a142f3996496ac7c19c986dd05e684a3,.pdf,01-01-2018,12-31-2018,09-16-2020
6d1f33ccc4d2d2fb8f88628211fb26aa,Rockcliff Metals Corporation,Canada,https://s3.us-east-2.amazonaws.com/rp-20-sources/mandatory-disclosure-report-6d1f33ccc4d2d2fb8f88628211fb26aa,.pdf,04-01-2018,03-31-2019,10-06-2020
fd1192ab04e457f08866d49ed92c9d3b,Novus Energy Incorporated,Canada,https://s3.us-east-2.amazonaws.com/rp-20-sources/mandatory-disclosure-report-fd1192ab04e457f08866d49ed92c9d3b,.pdf,01-01-2019,12-31-2019,10-07-2020
b809929551920824b69f230dba4feace-f68086c0cb4299bdbacf6d36dbcb64ff-e21478410633574011629cf56fa6d49c-d06d5a064e63fa0e29bc446ffbf1e124,ESSO Exploration and Production UK Limited,United Kingdom of Great Britain and Northern Ireland,https://s3.us-east-2.amazonaws.com/rp-20-sources/mandatory-disclosure-report-b809929551920824b69f230dba4feace-f68086c0cb4299bdbacf6d36dbcb64ff-e21478410633574011629cf56fa6d49c-d06d5a064e63fa0e29bc446ffbf1e124,.zip,01-01-2019,12-31-2019,11-05-2020
ac3aeae9fa875eaf2558c82e13dbe325-f47ee5df3821c3dd6eb79ede17a00589-2c0ce28729f8a7b2df1640545f00730d-52ee59a2a603350e9fbe95738e7fff6a,Neptune Energy Group Limited,United Kingdom of Great Britain and Northern Ireland,https://s3.us-east-2.amazonaws.com/rp-20-sources/mandatory-disclosure-report-ac3aeae9fa875eaf2558c82e13dbe325-f47ee5df3821c3dd6eb79ede17a00589-2c0ce28729f8a7b2df1640545f00730d-52ee59a2a603350e9fbe95738e7fff6a,.zip,01-01-2019,12-31-2019,11-17-2020
55e019026b6195e267a2da591c4d150a,R.W. Tomlinson Limited,Canada,https://s3.us-east-2.amazonaws.com/rp-20-sources/mandatory-disclosure-report-55e019026b6195e267a2da591c4d150a,.pdf,11-01-2018,10-31-2019,06-11-2020
cb54ca5d60a4742f8b91b220eb584f46,Xtra-Gold Resources Corporation,Canada,https://s3.us-east-2.amazonaws.com/rp-20-sources/mandatory-disclosure-report-cb54ca5d60a4742f8b91b220eb584f46,.pdf,01-01-2019,12-31-2019,05-29-2020
ba1af45c3edc2ea49c10010d4f9b879a,Modern Resources Incorporated,Canada,https://s3.us-east-2.amazonaws.com/rp-20-sources/mandatory-disclosure-report-ba1af45c3edc2ea49c10010d4f9b879a,.pdf,01-01-2019,12-31-2019,06-05-2020
2fe30fb6e6a449d9ea19c9fd051fdb0b,Trimetals Mining Incorporated,Canada,https://s3.us-east-2.amazonaws.com/rp-20-sources/mandatory-disclosure-report-2fe30fb6e6a449d9ea19c9fd051fdb0b,.pdf,01-01-2016,12-31-2016,05-17-2017
cf2a1bae2d4ae7f729105ffac760e04a,Zincore Metals Incorporated,Canada,https://s3.us-east-2.amazonaws.com/rp-20-sources/mandatory-disclosure-report-cf2a1bae2d4ae7f729105ffac760e04a,.xlsx,01-01-2017,12-31-2017,05-30-2018
609f981769241cdb0208ce27ac882458-e7392ce3ca2719b137b93d6a8f31b76d-a49b8892ce4d6acd528d784be64b0b97-67fe72867c8e06177175bc0e9f362c0c,Anglo Asian Mining Plc,United Kingdom of Great Britain and Northern Ireland,https://s3.us-east-2.amazonaws.com/rp-20-sources/mandatory-disclosure-report-609f981769241cdb0208ce27ac882458-e7392ce3ca2719b137b93d6a8f31b76d-a49b8892ce4d6acd528d784be64b0b97-67fe72867c8e06177175bc0e9f362c0c,.zip,01-01-2018,12-31-2018,02-29-2020
af99e6cf2cfed6d08852d503214782ae,Oil and Gas Development Company Limited (OGDCL),United Kingdom of Great Britain and Northern Ireland,https://s3.us-east-2.amazonaws.com/rp-20-sources/mandatory-disclosure-report-af99e6cf2cfed6d08852d503214782ae,.pdf,07-01-2018,06-30-2019
bf4d587425b53cbf42b8096506a7b0f4,Hammerhead Resources Incorporated,Canada,https://www.hhres.com/sites/default/files/pdfs/2019ESTMAReport.pdf,.pdf,01-01-2019,12-31-2019,04-21-2020
d230de88036e7aff2e8639fc00eebe57-44dfc357f0c84be867a39584d197cd26-4ef248e38bb437da44f62742c5cf3c5c-3c70412372e14f810d7ae93baa634ef8,Antofagasta PLC,United Kingdom of Great Britain and Northern Ireland,https://s3.us-east-2.amazonaws.com/rp-20-sources/mandatory-disclosure-report-d230de88036e7aff2e8639fc00eebe57-44dfc357f0c84be867a39584d197cd26-4ef248e38bb437da44f62742c5cf3c5c-3c70412372e14f810d7ae93baa634ef8,.zip,01-01-2016,12-31-2016,11-29-2017
d09a292dcca9c0f55f97771ddd4ba1a5,Capital Power Corporation,Canada,https://s3.us-east-2.amazonaws.com/rp-20-sources/mandatory-disclosure-report-d09a292dcca9c0f55f97771ddd4ba1a5,.pdf,01-01-2019,12-31-2019,04-17-2020
75d2784358cae0ed074b826c6e7a64c2-3c6d15f9fc2d2082405f8cf0f022dbb5-b3ed986d0bb5f53994ceb39bb5f37bb0-b2d2e623c1913545a44d18a1c894a129,Ping Petroleum UK Limited,United Kingdom of Great Britain and Northern Ireland,https://s3.us-east-2.amazonaws.com/rp-20-sources/mandatory-disclosure-report-75d2784358cae0ed074b826c6e7a64c2-3c6d15f9fc2d2082405f8cf0f022dbb5-b3ed986d0bb5f53994ceb39bb5f37bb0-b2d2e623c1913545a44d18a1c894a129,.zip,07-01-2018,06-30-2019,06-04-2020
1ee983603e6387edb8ed79853448ed5c,ARC Resources Limited,Canada,https://s3.us-east-2.amazonaws.com/rp-20-sources/mandatory-disclosure-report-1ee983603e6387edb8ed79853448ed5c,.pdf,01-01-2019,12-31-2019,05-27-2020
3759c4706d24434703da4b04a31154d0,Excelsior Mining Corporation,Canada,https://s3.us-east-2.amazonaws.com/rp-20-sources/mandatory-disclosure-report-3759c4706d24434703da4b04a31154d0,.pdf,01-01-2019,12-31-2019,05-26-2020
75fa398ade0923fe916e566588f933bf,Dundee Precious Metals Incorporated,Canada,https://s3.us-east-2.amazonaws.com/rp-20-sources/mandatory-disclosure-report-75fa398ade0923fe916e566588f933bf,.pdf,01-01-2019,12-31-2019,05-28-2020
fddb3e9eedf7a93e3d6c45f458bc56aa,Oryx Petroleum Corporation Limited,Canada,https://s3.us-east-2.amazonaws.com/rp-20-sources/mandatory-disclosure-report-fddb3e9eedf7a93e3d6c45f458bc56aa,.pdf,01-01-2019,12-31-2019,05-29-2020
0faa38d7defae19ba1ca0f668e0420b8,First Quantum Minerals Limited,Canada,https://s3.us-east-2.amazonaws.com/rp-20-sources/mandatory-disclosure-report-0faa38d7defae19ba1ca0f668e0420b8,.pdf,01-01-2019,12-31-2019,06-09-2020
f3d2f0c15250b84c2977e7989ac2c652,Avino Silver and Gold Mines Limited,Canada,https://s3.us-east-2.amazonaws.com/rp-20-sources/mandatory-disclosure-report-f3d2f0c15250b84c2977e7989ac2c652,.pdf,01-01-2019,12-31-2019,05-29-2020
1f9a0c7ccd4e01f78b1c050c98e9cbf7,Norsk Hydro ASA,Norway,https://s3.us-east-2.amazonaws.com/rp-20-sources/mandatory-disclosure-report-1f9a0c7ccd4e01f78b1c050c98e9cbf7,.pdf,01-01-2019,12-31-2019
60b4a37e34548fe74f0e17cc8bd1a402,DNO ASA,Norway,https://s3.us-east-2.amazonaws.com/rp-20-sources/mandatory-disclosure-report-60b4a37e34548fe74f0e17cc8bd1a402,.pdf,01-01-2019,12-31-2019
89958c107d2aca4e5f55f0b3d3757a28,Ur-Energy Incorporated,Canada,https://s3.us-east-2.amazonaws.com/rp-20-sources/mandatory-disclosure-report89958c107d2aca4e5f55f0b3d3757a28,.pdf,01-01-2017,12-31-2017,04-03-2018
8c337d76bd9545d9124feb62839870a2,Zargon Oil and Gas Limited,Canada,https://s3.us-east-2.amazonaws.com/rp-20-sources/mandatory-disclosure-report-8c337d76bd9545d9124feb62839870a2,.pdf,01-01-2018,12-31-2018,05-30-2019
72e06a7b74ebbc228baee48e772b8aa8,Equinor ASA,Norway,https://s3.us-east-2.amazonaws.com/rp-20-sources/mandatory-disclosure-report-72e06a7b74ebbc228baee48e772b8aa8,.xlsx,01-01-2019,12-31-2019,03-20-2020
67099f437bd3087f22b90cde373163fa,Southstone Minerals Limited,Canada,https://s3.us-east-2.amazonaws.com/rp-20-sources/mandatory-disclosure-report-67099f437bd3087f22b90cde373163fa,.xlsx,09-01-2018,08-31-2019,03-05-2020
4851db70c65993bec072a78c087f6fa7,Itafos,Canada,https://s3.us-east-2.amazonaws.com/rp-20-sources/mandatory-disclosure-report-4851db70c65993bec072a78c087f6fa7,.pdf,01-01-2018,12-31-2018,04-01-2020
0c5187b7a80ad17afc54663f9c70d6a4,Karachaganak Petroleum Operating B.V.,Netherlands,https://s3.us-east-2.amazonaws.com/rp-20-sources/mandatory-disclosure-report-0c5187b7a80ad17afc54663f9c70d6a4,.pdf,01-01-2016,12-31-2016,12-14-2017
08678b1ac4764e5d022c0dbf561b7ec7,Burnco Rock Products Limited,Canada,https://www.burnco.com/wp-content/uploads/2020/04/ESTMA-Amended-February-2018.pdf,.pdf,05-01-2016,04-30-2017,02-05-2018
303cde74962dddd517925bed4f250542,Valeura Energy Incorporated,Canada,https://s3.us-east-2.amazonaws.com/rp-20-sources/mandatory-disclosure-report-303cde74962dddd517925bed4f250542,.pdf,01-01-2019,12-31-2019,05-27-2020
3cb7e4f0a9323df4245226eb2993901e,Ressources Robex Incorporated,Canada,https://s3.us-east-2.amazonaws.com/rp-20-sources/mandatory-disclosure-report-3cb7e4f0a9323df4245226eb2993901e,.pdf,01-01-2016,12-31-2016,06-01-2020
4fc65fd65d81574c174765c4b391878e,1745844 Alberta Ltd.,Canada,https://s3.us-east-2.amazonaws.com/rp-20-sources/mandatory-disclosure-report-4fc65fd65d81574c174765c4b391878e,.pdf,01-01-2019,12-31-2019,05-28-2020
2e66ddc6ef5c8338ffd72a33e2cf27fc,Xtra-Gold Resources Corporation,Canada,https://s3.us-east-2.amazonaws.com/rp-20-sources/mandatory-disclosure-report-2e66ddc6ef5c8338ffd72a33e2cf27fc,.pdf,01-01-2017,12-31-2017,04-23-2018
67ae4c18ca7d0c8b44d3367074a5168a,Obsidian Energy Limited,Canada,https://s3.us-east-2.amazonaws.com/rp-20-sources/mandatory-disclosure-report-67ae4c18ca7d0c8b44d3367074a5168a,.pdf,01-01-2019,12-31-2019,05-29-2020
adf6e95c7f765b6e80d1bc2a91d59d27,Imperial Oil Limited,Canada,https://s3.us-east-2.amazonaws.com/rp-20-sources/mandatory-disclosure-report-adf6e95c7f765b6e80d1bc2a91d59d27,.pdf,01-01-2019,12-31-2019,05-27-2020
bcfcc8fca95311f1497be185e61d071a,Integra Resources Corp.,Canada,https://s3.us-east-2.amazonaws.com/rp-20-sources/mandatory-disclosure-report-bcfcc8fca95311f1497be185e61d071a,.pdf,01-01-2019,12-31-2019,05-20-2020
f18ce8b0b215059daace34386a36ac53,Ressources Robex Incorporated,Canada,https://s3.us-east-2.amazonaws.com/rp-20-sources/mandatory-disclosure-report-f18ce8b0b215059daace34386a36ac53,.pdf,01-01-2019,12-31-2019,05-27-2020
10b2e66bb59a9444942cda00a1308832,LafargeHolcim Limited,France,https://s3.us-east-2.amazonaws.com/rp-20-sources/mandatory-disclosure-report-10b2e66bb59a9444942cda00a1308832,.pdf,01-01-2019,12-31-2019
ec6873e7b68bdce3a485a3a4c845668f,Gazprom,United Kingdom of Great Britain and Northern Ireland,https://s3.us-east-2.amazonaws.com/rp-20-sources/mandatory-disclosure-report-ec6873e7b68bdce3a485a3a4c845668f,.html,01-01-2019,12-31-2019,06-25-2020
2ccc6b62a97b570023af28f3c676daae,Venturion Oil Limited,Canada,https://s3.us-east-2.amazonaws.com/rp-20-sources/mandatory-disclosure-report-2ccc6b62a97b570023af28f3c676daae,.pdf,11-01-2016,07-31-2017,03-23-2018
aa9a59e6e6f68bad064338567cdcc8b3,Vimetco N.V.,Netherlands,https://s3.us-east-2.amazonaws.com/rp-20-sources/mandatory-disclosure-reportaa9a59e6e6f68bad064338567cdcc8b3,.pdf,01-01-2016,12-31-2016
62b7399d81c3c79fccf0f0ed38d882b2,Vital Energy Incorporated,Canada,https://s3.us-east-2.amazonaws.com/rp-20-sources/mandatory-disclosure-report-62b7399d81c3c79fccf0f0ed38d882b2,.pdf,01-01-2018,12-31-2018,05-28-2019
281ce4ea63aa4ab35bf2512dd7dfa5a4,SSR Mining Incorporated,Canada,https://s3.us-east-2.amazonaws.com/rp-20-sources/mandatory-disclosure-report-281ce4ea63aa4ab35bf2512dd7dfa5a4,.pdf,01-01-2019,12-31-2019,05-20-2020
406650da61fa07071503bd2dc993e600,Imperial Metals Corporation,Canada,https://s3.us-east-2.amazonaws.com/rp-20-sources/mandatory-disclosure-report-406650da61fa07071503bd2dc993e600,.pdf,01-01-2019,12-31-2019,05-26-2020
eadda05cb3a31051e647f9a8f0e4528f,Coro Mining Corporation,Canada,https://s3.us-east-2.amazonaws.com/rp-20-sources/mandatory-disclosure-report-eadda05cb3a31051e647f9a8f0e4528f,.pdf,01-01-2019,12-31-2019,06-03-2020
770e40d196c0055868fbdaa2267fd867,Nostrum Oil & Gas Plc,United Kingdom of Great Britain and Northern Ireland,https://s3.us-east-2.amazonaws.com/rp-20-sources/mandatory-disclosure-report-770e40d196c0055868fbdaa2267fd867,.pdf,01-01-2019,12-31-2019
f16e28866743c122b14d7d45b0c4ecfc,UGR Blair Creek Limited,Canada,https://s3.us-east-2.amazonaws.com/rp-20-sources/mandatory-disclosure-reportf16e28866743c122b14d7d45b0c4ecfc,.pdf,01-01-2017,12-31-2017,05-28-2018
8f7a1a28d211abb9216d1d8c88db2c1a,Votorantim Cement North America Incorporated,Canada,https://s3.us-east-2.amazonaws.com/rp-20-sources/mandatory-disclosure-report8f7a1a28d211abb9216d1d8c88db2c1a,.pdf,01-01-2017,12-31-2017,05-30-2018
f0b7f43e823c80b85994fafabfae3b87,Wienerberger Deutschland Service GmbH,Germany,https://s3.us-east-2.amazonaws.com/rp-20-sources/mandatory-disclosure-report-f0b7f43e823c80b85994fafabfae3b87,.html,01-01-2018,12-31-2018,01-31-2019
61ff7875e8b4faeabb8fd2c31da80e2a,Zincore Metals Incorporated,Canada,https://s3.us-east-2.amazonaws.com/rp-20-sources/mandatory-disclosure-report-61ff7875e8b4faeabb8fd2c31da80e2a,.html,01-01-2018,12-31-2018,12-12-2019
d6699a289e25bce5eeadf8d8d021ca85,ZincX Resources Corp.,Canada,https://s3.us-east-2.amazonaws.com/rp-20-sources/mandatory-disclosure-report-d6699a289e25bce5eeadf8d8d021ca85,.pdf,07-01-2017,06-30-2018,11-02-2018
22eba9c03cab43fc2fac56a79d12446f,Sibelco Deutschland GmbH,Germany,https://s3.us-east-2.amazonaws.com/rp-20-sources/mandatory-disclosure-report-22eba9c03cab43fc2fac56a79d12446f,.html,01-01-2018,12-31-2018,01-24-2020
853c2e851d9e7ead5fd725fa45b6b209,Thor Explorations Ltd.,Canada,https://s3.us-east-2.amazonaws.com/rp-20-sources/mandatory-disclosure-report-853c2e851d9e7ead5fd725fa45b6b209,.pdf,01-01-2019,12-31-2019,03-25-2020
c84dd355391c67275fee438331c2a928,Africa Oil Corporation,Canada,https://s3.us-east-2.amazonaws.com/rp-20-sources/mandatory-disclosure-report-c84dd355391c67275fee438331c2a928,.pdf,01-01-2019,12-31-2019,05-26-2020
d1da2d17f6b54fe02f03af24a1fac719,Steelhead Petroleum Limited,Canada,https://s3.us-east-2.amazonaws.com/rp-20-sources/mandatory-disclosure-report-d1da2d17f6b54fe02f03af24a1fac719,.pdf,01-01-2019,12-31-2019,05-30-2020
2c4ffbd2c7ecb8891e415b1fd7423e10,Touchstone Exploration Incorporated,Canada,https://s3.us-east-2.amazonaws.com/rp-20-sources/mandatory-disclosure-report-2c4ffbd2c7ecb8891e415b1fd7423e10,.pdf,01-01-2019,12-31-2019,06-04-2020
4984b4753c08562a07adc85f42b90a77,Mandalay Resources Corporation,Canada,https://s3.us-east-2.amazonaws.com/rp-20-sources/mandatory-disclosure-report-4984b4753c08562a07adc85f42b90a77,.pdf,01-01-2019,12-31-2019,05-01-2020
bbaad7cd472b57a6514afc5dcff2eab7,Galiano Gold Inc. (formerly Asanko Gold),Canada,https://s3.us-east-2.amazonaws.com/rp-20-sources/mandatory-disclosure-report-bbaad7cd472b57a6514afc5dcff2eab7,.pdf,01-01-2019,12-31-2019,06-15-2020
c92e353110f78bfa3e636bdbf6c739be,PJSC Novolipetsk Steel,United Kingdom of Great Britain and Northern Ireland,https://s3.us-east-2.amazonaws.com/rp-20-sources/mandatory-disclosure-report-c92e353110f78bfa3e636bdbf6c739be,.pdf,01-01-2019,12-31-2019
e3ec1f76dd07e71ebd6c542347c19e3e,PolyMet Mining Corporation,Canada,https://s3.us-east-2.amazonaws.com/rp-20-sources/mandatory-disclosure-report-e3ec1f76dd07e71ebd6c542347c19e3e,.pdf,01-01-2019,12-31-2019,05-28-2020
eb108e6fcbbde9bd857e2612333b07e6,Trimetals Mining Incorporated,Canada,https://s3.us-east-2.amazonaws.com/rp-20-sources/mandatory-disclosure-report-eb108e6fcbbde9bd857e2612333b07e6,.pdf,01-01-2018,12-31-2018,05-28-2019
8c769ba61c956bc482eb6494b844d8f4,Vale Canada Limited,Canada,https://s3.us-east-2.amazonaws.com/rp-20-sources/mandatory-disclosure-report8c769ba61c956bc482eb6494b844d8f4,.pdf,01-01-2017,12-31-2017,05-30-2018
4a449ff0f076e5fceb0c509edc8ac5b4,Vedanta Resources Limited,United Kingdom of Great Britain and Northern Ireland,https://s3.us-east-2.amazonaws.com/rp-20-sources/mandatory-disclosure-report-4a449ff0f076e5fceb0c509edc8ac5b4,.pdf,04-01-2016,03-31-2017,09-21-2017
61e027d2fb8ccd48ad834495546514e7,Wildsky Resources Inc.,Canada,https://s3.us-east-2.amazonaws.com/rp-20-sources/mandatory-disclosure-report-61e027d2fb8ccd48ad834495546514e7,.pdf,12-01-2016,11-30-2017,09-19-2019
c42c6f59af50c6b4b5f7def1a0f25308,Wildsky Resources Inc.,Canada,https://s3.us-east-2.amazonaws.com/rp-20-sources/mandatory-disclosure-report-c42c6f59af50c6b4b5f7def1a0f25308,.pdf,12-01-2015,11-30-2016,09-19-2019
4fb54623660784f063bac605001664a3,Yara International ASA,Norway,https://s3.us-east-2.amazonaws.com/rp-20-sources/mandatory-disclosure-report4fb54623660784f063bac605001664a3,.pdf,01-01-2015,12-31-2015
eb0c62e2d6cabf3a2ab554d7a2ca64c6,"Polar Star Canadian Oil and Gas Holding, Incorporated",Canada,https://s3.us-east-2.amazonaws.com/rp-20-sources/mandatory-disclosure-reporteb0c62e2d6cabf3a2ab554d7a2ca64c6,.pdf,01-01-2016,12-31-2016,05-29-2017
1ddcbdde297aa3abe5e1ddc688c11ac0,Rambler Metals and Mining Canada Limited,Canada,https://s3.us-east-2.amazonaws.com/rp-20-sources/mandatory-disclosure-report-1ddcbdde297aa3abe5e1ddc688c11ac0,.pdf,01-01-2018,12-31-2018,05-07-2020
f3d71ccaeb32559b407dbbbffb0ba9a1,En+ Group,United Kingdom of Great Britain and Northern Ireland,https://s3.us-east-2.amazonaws.com/rp-20-sources/mandatory-disclosure-report-f3d71ccaeb32559b407dbbbffb0ba9a1,.pdf,01-01-2018,12-31-2018
365f8967ff6ddfeb75ed274d89fdb977,Largo Resources Limited,Canada,https://s3.us-east-2.amazonaws.com/rp-20-sources/mandatory-disclosure-report-365f8967ff6ddfeb75ed274d89fdb977,.pdf,01-01-2019,12-31-2019,05-14-2020
ec69722dd3c2cb3071fc1024ee28f39d,Josemaria Resources Inc.,Canada,https://s3.us-east-2.amazonaws.com/rp-20-sources/mandatory-disclosure-report-ec69722dd3c2cb3071fc1024ee28f39d,.pdf,01-01-2019,12-31-2019,05-19-2020
aa6c1b17aa016609a81ad61ac0c78bed,Headwater Exploration Inc.,Canada,https://s3.us-east-2.amazonaws.com/rp-20-sources/mandatory-disclosure-report-aa6c1b17aa016609a81ad61ac0c78bed,.pdf,01-01-2019,12-31-2019,05-29-2020
aba209d308ca2772863d637cc271ab2c,NuVista Energy Limited,Canada,https://s3.us-east-2.amazonaws.com/rp-20-sources/mandatory-disclosure-report-aba209d308ca2772863d637cc271ab2c,.pdf,01-01-2019,12-31-2019,06-01-2020
c36d757f3ba145a5a4acdde7312d3b4b,Southern Energy Corporation,Canada,https://s3.us-east-2.amazonaws.com/rp-20-sources/mandatory-disclosure-report-c36d757f3ba145a5a4acdde7312d3b4b,.pdf,01-01-2019,12-31-2019,05-28-2020
c7d9eb4dd3aa6de45302efab66caa5a3,Lundin Gold Incorporated,Canada,https://s3.us-east-2.amazonaws.com/rp-20-sources/mandatory-disclosure-report-c7d9eb4dd3aa6de45302efab66caa5a3,.pdf,01-01-2019,12-31-2019,05-20-2020
2b0d015d78d125992763bbe210999939,Candente Copper Corporation,Canada,https://s3.us-east-2.amazonaws.com/rp-20-sources/mandatory-disclosure-report-2b0d015d78d125992763bbe210999939,.pdf,01-01-2019,12-31-2019,06-11-2020
b9e03cc861f446601a424c167dc29d88,UEX Corporation,Canada,https://s3.us-east-2.amazonaws.com/rp-20-sources/mandatory-disclosure-report-b9e03cc861f446601a424c167dc29d88,.pdf,01-01-2016,12-31-2016,04-06-2017
3886d1c20f9260420ad594e27fd767ae,Westbrick Energy Limited,Canada,https://s3.us-east-2.amazonaws.com/rp-20-sources/mandatory-disclosure-report3886d1c20f9260420ad594e27fd767ae,.pdf,01-01-2016,12-31-2016,05-02-2017
4d9116cf0b5a986ed7e51cb8c7fd42fa,Western Potash Corporation,Canada,https://s3.us-east-2.amazonaws.com/rp-20-sources/mandatory-disclosure-report4d9116cf0b5a986ed7e51cb8c7fd42fa,.pdf,10-01-2015,09-30-2016,02-27-2017
8f60474b019bca403e03f445103b231c,Western Potash Corporation,Canada,https://s3.us-east-2.amazonaws.com/rp-20-sources/mandatory-disclosure-report-8f60474b019bca403e03f445103b231c,.pdf,10-01-2016,09-30-2017,06-14-2019
f59d2a68532923e09bcc1fb09c573b03,Wintershall Aktiengesellschaft,Germany,https://s3.us-east-2.amazonaws.com/rp-20-sources/mandatory-disclosure-report-f59d2a68532923e09bcc1fb09c573b03,.html,01-01-2016,12-31-2016,09-20-2017
505c1cb0fe8064086ee1ecd0dd3e57dc,Wintershall Aktiengesellschaft,Germany,https://s3.us-east-2.amazonaws.com/rp-20-sources/mandatory-disclosure-report-505c1cb0fe8064086ee1ecd0dd3e57dc,.pdf,01-01-2017,12-31-2017,07-19-2018
96622024b802cc64ffb60906a6f83a6c,Neptune Energy Deutschland GmbH,Germany,https://s3.us-east-2.amazonaws.com/rp-20-sources/mandatory-disclosure-report-96622024b802cc64ffb60906a6f83a6c,.html,01-01-2017,12-31-2017,09-03-2019
9b3d6a9a26c7db212e31333cc79e5de0,Yara International ASA,Norway,https://s3.us-east-2.amazonaws.com/rp-20-sources/mandatory-disclosure-report9b3d6a9a26c7db212e31333cc79e5de0,.pdf,01-01-2017,12-31-2017,03-26-2018
340e2e92fba0b8d5a837b07f9ccdecbd,Burnco Rock Products Limited,Canada,https://www.burnco.com/wp-content/uploads/2020/04/ESTMA-Year-ending-April-30-2019-.pdf,.pdf,05-01-2018,04-30-2019,09-30-2019
85238a9e7f6d891080ab9a43ebacd524,Aecon Group Incorporated,Canada,https://s3.us-east-2.amazonaws.com/rp-20-sources/mandatory-disclosure-report-85238a9e7f6d891080ab9a43ebacd524,.pdf,01-01-2016,12-31-2016,05-05-2017
7f4c229b76ae1d5f97ec34a0b4812ab2,Karachaganak Petroleum Operating B.V.,Netherlands,https://s3.us-east-2.amazonaws.com/rp-20-sources/mandatory-disclosure-report-7f4c229b76ae1d5f97ec34a0b4812ab2,.pdf,01-01-2017,12-31-2017,10-01-2018
011178f4f63df473c4761f7941ccfb67,Sabre Energy Limited,Canada,https://sabreenergy-my.sharepoint.com/:x:/g/personal/jmolcak_sabre-energy_com/EVrfIGeTAixGjjDQviCeOg0Bg8rbaV2oIPtQh-OQEk9Jow?e=thtUa7,.html,01-01-2019,12-31-2019,04-02-2020
915f226f10cf4862856b7d8a87fec6b8,Buffalo Coal Corporation,Canada,https://s3.us-east-2.amazonaws.com/rp-20-sources/mandatory-disclosure-report-915f226f10cf4862856b7d8a87fec6b8,.pdf,01-01-2019,12-31-2019,05-08-2020
bc9d9ee99fe54feb966d509e5c1e97eb,Aurcana Corporation,Canada,https://s3.us-east-2.amazonaws.com/rp-20-sources/mandatory-disclosure-report-bc9d9ee99fe54feb966d509e5c1e97eb,.pdf,01-01-2019,12-31-2019,05-04-2020
c3efdab83eda4f2701859a6bd4a1849b,11272420 Canada Inc.,Canada,https://s3.us-east-2.amazonaws.com/rp-20-sources/mandatory-disclosure-report-c3efdab83eda4f2701859a6bd4a1849b,.pdf,01-01-2019,12-31-2019,04-03-2020
11b00d50931c2b472ad3a5f15628a171,Buchans Resources Limited,Canada,https://s3.us-east-2.amazonaws.com/rp-20-sources/mandatory-disclosure-report-11b00d50931c2b472ad3a5f15628a171,.pdf,01-01-2019,12-31-2019,05-27-2020
5507443ce117ec5e5f841f08c8189d0f,Xtra-Gold Resources Corporation,Canada,https://s3.us-east-2.amazonaws.com/rp-20-sources/mandatory-disclosure-report-5507443ce117ec5e5f841f08c8189d0f,.pdf,01-01-2016,12-31-2016,01-01-2020
ff6cf7790472769a5ee185f472140d44,Cenovus Energy Incorporated,Canada,https://s3.us-east-2.amazonaws.com/rp-20-sources/mandatory-disclosure-report-ff6cf7790472769a5ee185f472140d44,.pdf,01-01-2019,12-31-2019,05-28-2020
3b56d61699da3ce5a40792780e1f93da-282a35ddb1eb8127fd70ee6ed4a76abc-0c824a46c433f1e755f38fe8c43814c0-44dfb815588d50d4aef3b094aea574ac,Anglo American PLC,United Kingdom of Great Britain and Northern Ireland,https://s3.us-east-2.amazonaws.com/rp-20-sources/mandatory-disclosure-report-3b56d61699da3ce5a40792780e1f93da-282a35ddb1eb8127fd70ee6ed4a76abc-0c824a46c433f1e755f38fe8c43814c0-44dfb815588d50d4aef3b094aea574ac,.zip,01-01-2019,12-31-2019,06-24-2020
d852be5041790b7a167acd4629b7f1dd,Caltex Resources Limited,Canada,https://s3.us-east-2.amazonaws.com/rp-20-sources/mandatory-disclosure-report-d852be5041790b7a167acd4629b7f1dd,.pdf,01-01-2019,12-31-2019,06-12-2020
7923ede4145e783cb8223d140030a3db,Vinci S.A.,France,https://s3.us-east-2.amazonaws.com/rp-20-sources/mandatory-disclosure-report7923ede4145e783cb8223d140030a3db,.pdf,01-01-2016,12-31-2016
b7989b1e20750f4e5b48a5e6c9d08934,Wacker Chemie AG,Germany,https://s3.us-east-2.amazonaws.com/rp-20-sources/mandatory-disclosure-report-b7989b1e20750f4e5b48a5e6c9d08934,.html,01-01-2016,12-31-2016,08-04-2017
0c3c2032ef5fadf11a5135e7f263d75e,West Kirkland Mining Incorporated,Canada,https://s3.us-east-2.amazonaws.com/rp-20-sources/mandatory-disclosure-report0c3c2032ef5fadf11a5135e7f263d75e,.pdf,01-01-2016,12-31-2016,05-30-2017
902abf1a6e16fa17e87539eefd119835,Whitecap Resources Incorporated,Canada,https://s3.us-east-2.amazonaws.com/rp-20-sources/mandatory-disclosure-report-902abf1a6e16fa17e87539eefd119835,.pdf,01-01-2018,12-31-2018,05-24-2019
2bd47f79131c0f2b14cae5e706026219,Yoho Resources Incorporated,Canada,https://s3.us-east-2.amazonaws.com/rp-20-sources/mandatory-disclosure-report2bd47f79131c0f2b14cae5e706026219,.pdf,10-01-2015,12-31-2016,05-25-2017
b8f8571a543f7efd1dfba25b277ceaad-2fdfbf43e9463ac3164715bd9bd1834d-37f3aa7db953db22d4437c4dd729c43c-f6e702162c8321ef05aeb9feeb5ad302,Anglo Asian Mining Plc,United Kingdom of Great Britain and Northern Ireland,https://s3.us-east-2.amazonaws.com/rp-20-sources/mandatory-disclosure-report-b8f8571a543f7efd1dfba25b277ceaad-2fdfbf43e9463ac3164715bd9bd1834d-37f3aa7db953db22d4437c4dd729c43c-f6e702162c8321ef05aeb9feeb5ad302,.zip,01-01-2019,12-31-2019,02-29-2020
19940eef35901f2dc18f554987f1e642-e3b2063f3d6bcc577a907996945e02cd-25a7cccf524a27bd0b51319c15192ef1-204c501ca4730b0238d26bef0375078a,JX Nippon Exploration and Production (U.K.) Limited,United Kingdom of Great Britain and Northern Ireland,https://s3.us-east-2.amazonaws.com/rp-20-sources/mandatory-disclosure-report-19940eef35901f2dc18f554987f1e642-e3b2063f3d6bcc577a907996945e02cd-25a7cccf524a27bd0b51319c15192ef1-204c501ca4730b0238d26bef0375078a,.zip,04-01-2018,03-31-2019,02-26-2020
4884da36bbb48aa28274dcc7bb28ace5,Critical Elements Lithium Corporation,Canada,https://s3.us-east-2.amazonaws.com/rp-20-sources/mandatory-disclosure-report-4884da36bbb48aa28274dcc7bb28ace5,.xlsx,09-01-2018,08-31-2019,01-09-2020
ddf2af8a5c5ce358609d6437bd47cbe9,Group Ten Metals Inc.,Canada,https://grouptenmetals.com/site/assets/files/3832/pge_-_fiscal_2018_estma_annual_report.pdf,.pdf,04-01-2017,03-31-2018,03-23-2020
17921d248d6d305066d6929c779569e6,KGHM International Limited,Canada,https://kghm.com/sites/kghm2014/files/kghmi_2019_estma_reporting_all.pdf,.pdf,01-01-2019,12-31-2019,03-25-2020
174b4cfa4480aa93cb8753bc142d8215,Northern Dynasty Minerals Limited,Canada,https://s3.us-east-2.amazonaws.com/rp-20-sources/mandatory-disclosure-report-174b4cfa4480aa93cb8753bc142d8215,.pdf,01-01-2019,12-31-2019,05-15-2020
1b242156f4edfc301bce3f5fffc36669,Boulder Energy Limited,Canada,https://s3.us-east-2.amazonaws.com/rp-20-sources/mandatory-disclosure-report-1b242156f4edfc301bce3f5fffc36669,.pdf,01-01-2019,12-31-2019,05-19-2020
83cb2b356fe0f4174c0b350eb91d1aea,Silver One Resources Incorporated,Canada,https://s3.us-east-2.amazonaws.com/rp-20-sources/mandatory-disclosure-report-83cb2b356fe0f4174c0b350eb91d1aea,.pdf,01-01-2019,12-31-2019,05-27-2020
bee6f4009591fadaea430eae5d448c89,Crew Energy Incorporated,Canada,https://s3.us-east-2.amazonaws.com/rp-20-sources/mandatory-disclosure-report-bee6f4009591fadaea430eae5d448c89,.pdf,01-01-2019,12-31-2019,05-19-2020
d9074a1e65266df914d0c9ae3afd3ae8,Storm Resources Limited,Canada,https://s3.us-east-2.amazonaws.com/rp-20-sources/mandatory-disclosure-report-d9074a1e65266df914d0c9ae3afd3ae8,.pdf,01-01-2019,12-31-2019,05-27-2020
e8555a663554887d9a68738948a1fa80-98ee7aad444807dc02876d0918e05db1-45c2377276d6b4eff18759e2277e3f18-230f5d74e23344bb7a16a9d86bd2906d,Bisichi PLC,United Kingdom of Great Britain and Northern Ireland,https://s3.us-east-2.amazonaws.com/rp-20-sources/mandatory-disclosure-report-e8555a663554887d9a68738948a1fa80-98ee7aad444807dc02876d0918e05db1-45c2377276d6b4eff18759e2277e3f18-230f5d74e23344bb7a16a9d86bd2906d,.zip,01-01-2019,12-31-2019,06-23-2020
40fd89c26e8a10e48853703f35caec3c,Detour Gold Corporation,Canada,https://s3.us-east-2.amazonaws.com/rp-20-sources/mandatory-disclosure-report-40fd89c26e8a10e48853703f35caec3c,.pdf,01-01-2016,12-31-2016,05-19-2017
7afb4e30283a036617e9254725f58ed7,Vista Gold Corporation,Canada,https://s3.us-east-2.amazonaws.com/rp-20-sources/mandatory-disclosure-report-7afb4e30283a036617e9254725f58ed7,.pdf,01-01-2019,12-31-2019,06-08-2020
8305bf87c9a697a3d4bbc1fd2cfa4474,Tullow Oil PLC,United Kingdom of Great Britain and Northern Ireland,https://s3.us-east-2.amazonaws.com/rp-20-sources/mandatory-disclosure-report-8305bf87c9a697a3d4bbc1fd2cfa4474,.html,01-01-2018,12-31-2018,06-17-2019
6bbe575d332a8ec7a834af82c8323d72,United Company RUSAL Plc,France,https://s3.us-east-2.amazonaws.com/rp-20-sources/mandatory-disclosure-report6bbe575d332a8ec7a834af82c8323d72,.pdf,01-01-2016,12-31-2016,04-28-2017
1efdad1838b7cb62b62ce79861879609,Uranium One Incorporated,Canada,https://s3.us-east-2.amazonaws.com/rp-20-sources/mandatory-disclosure-report-1efdad1838b7cb62b62ce79861879609,.pdf,01-01-2017,12-31-2017,05-31-2018
3d2d16d2691532ef545cc77168bb1eef,Wesdome Gold Mines Limited,Canada,https://s3.us-east-2.amazonaws.com/rp-20-sources/mandatory-disclosure-report-3d2d16d2691532ef545cc77168bb1eef,.pdf,01-01-2017,12-31-2017,02-27-2019
dc45cb5657529329901923f1a6ec054e,Velvet Energy Limited,Canada,https://s3.us-east-2.amazonaws.com/rp-20-sources/mandatory-disclosure-reportdc45cb5657529329901923f1a6ec054e,.pdf,01-01-2016,12-31-2016,05-26-2017
37f21a7c339a25bbc966b1444ebcbea0,Velvet Energy Limited,Canada,https://s3.us-east-2.amazonaws.com/rp-20-sources/mandatory-disclosure-report37f21a7c339a25bbc966b1444ebcbea0,.pdf,01-01-2017,12-31-2017,05-30-2018
bfb9cbf0f0e9baa3f486281f7bd3e31f,VNG - Verbundnetz Gas Aktiengesellschaft,Germany,https://s3.us-east-2.amazonaws.com/rp-20-sources/mandatory-disclosure-report-bfb9cbf0f0e9baa3f486281f7bd3e31f,.html,01-01-2016,12-31-2016,01-03-2018
e9dece54c339fcc5ee9b4d7e4da703d1-990f7ef709724be2aa4e492d7927a8e0-da5c4230610f28df82220b5c3172f864-c0520a7c4f29c1440bf7fe08ca1fd4e2,Weatherly International PLC,United Kingdom of Great Britain and Northern Ireland,https://s3.us-east-2.amazonaws.com/rp-20-sources/mandatory-disclosure-report-e9dece54c339fcc5ee9b4d7e4da703d1-990f7ef709724be2aa4e492d7927a8e0-da5c4230610f28df82220b5c3172f864-c0520a7c4f29c1440bf7fe08ca1fd4e2,.zip,07-01-2015,06-30-2016,04-26-2017
f0a3c0e948eec611d411b50f91dde5ee,Wildsky Resources Inc.,Canada,https://s3.us-east-2.amazonaws.com/rp-20-sources/mandatory-disclosure-report-f0a3c0e948eec611d411b50f91dde5ee,.pdf,12-01-2017,11-30-2018,09-19-2019
63d12a5745d1516f683dd44bc0125d8d,North American Lithium Incorporated,Canada,https://drive.google.com/file/d/1M-wT3Kioh-vS8bQCUTmKh1UwAw9le_jT/view,.html,01-01-2019,12-31-2019,03-30-2020
c1345c137f33a22e98af601ac079d3f5-4b4d18fab26928bf3e76dbacf39959bf-aefaf9bc7e7488854074b133043a14a7-42d9e5938dfa57eb018a99ea53ec3dc8,Anasuria Hibiscus Uk Limited,United Kingdom of Great Britain and Northern Ireland,https://s3.us-east-2.amazonaws.com/rp-20-sources/mandatory-disclosure-report-c1345c137f33a22e98af601ac079d3f5-4b4d18fab26928bf3e76dbacf39959bf-aefaf9bc7e7488854074b133043a14a7-42d9e5938dfa57eb018a99ea53ec3dc8,.zip,07-01-2018,06-30-2019,06-02-2020
73a8624dc6ee920267259c386b2e0f45,China Petroleum & Chemical Corporation,United Kingdom of Great Britain and Northern Ireland,https://s3.us-east-2.amazonaws.com/rp-20-sources/mandatory-disclosure-report-73a8624dc6ee920267259c386b2e0f45,.html,01-01-2019,12-31-2019,05-28-2020
b18854eda2fada48b886b04ea02f4597,Ascot Resources Ltd.,Canada,https://s3.us-east-2.amazonaws.com/rp-20-sources/mandatory-disclosure-report-b18854eda2fada48b886b04ea02f4597,.pdf,01-01-2019,12-31-2019,05-12-2020
7493bf3542b69ad3cb94399aa04d28d4,RAK Petroleum Public Company Limited,United Kingdom of Great Britain and Northern Ireland,https://s3.us-east-2.amazonaws.com/rp-20-sources/mandatory-disclosure-report-7493bf3542b69ad3cb94399aa04d28d4,.pdf,01-01-2019,12-31-2019,06-10-2020
9e0489621039826745bb4bced46ce356,Husky Energy Incorporated,Canada,https://s3.us-east-2.amazonaws.com/rp-20-sources/mandatory-disclosure-report-9e0489621039826745bb4bced46ce356,.pdf,01-01-2019,12-31-2019
577cbfade73256bbd148cb2ccc6a1f3f,Almadex Minerals Limited,Canada,https://s3.us-east-2.amazonaws.com/rp-20-sources/mandatory-disclosure-report-577cbfade73256bbd148cb2ccc6a1f3f,.pdf,01-01-2019,12-31-2019,06-05-2020
8a45ff625a38d0d909c140d6c76e25f2,Sierra Metals Incorporated,Canada,https://s3.us-east-2.amazonaws.com/rp-20-sources/mandatory-disclosure-report-8a45ff625a38d0d909c140d6c76e25f2,.pdf,01-01-2019,12-31-2019,06-03-2020
a10434dc788c31aae1e964c600ea7c8b,Dynacor Gold Mines,Canada,https://s3.us-east-2.amazonaws.com/rp-20-sources/mandatory-disclosure-report-a10434dc788c31aae1e964c600ea7c8b,.pdf,01-01-2019,12-31-2019,06-04-2020
cbb4da99e8997202c1da489b07dc2486,Vital Energy Incorporated,Canada,https://s3.us-east-2.amazonaws.com/rp-20-sources/mandatory-disclosure-report-cbb4da99e8997202c1da489b07dc2486,.pdf,01-01-2019,12-31-2019,06-18-2020
cc8f87c90b70d08bf67b5afb01d86e44,Canacol Energy Limited,Canada,https://s3.us-east-2.amazonaws.com/rp-20-sources/mandatory-disclosure-report-cc8f87c90b70d08bf67b5afb01d86e44,.pdf,01-01-2019,12-31-2019,07-17-2020
bf1fc2dc8e2bb79dc354a402b3422acb,Eastern Platinum Limited,Canada,https://s3.us-east-2.amazonaws.com/rp-20-sources/mandatory-disclosure-report-bf1fc2dc8e2bb79dc354a402b3422acb,.pdf,01-01-2019,12-31-2019,05-28-2020
04777d8c805b0b30db112272f2088aaa,William Day Construction Limited,Canada,https://s3.us-east-2.amazonaws.com/rp-20-sources/mandatory-disclosure-report-04777d8c805b0b30db112272f2088aaa,.xlsx,04-01-2016,03-31-2017,01-25-2018
78eeda2489c4372a2002bc92a294ab50,Spartan Delta Corp.,Canada,https://s3.us-east-2.amazonaws.com/rp-20-sources/mandatory-disclosure-report-78eeda2489c4372a2002bc92a294ab50,.pdf,01-01-2019,12-31-2019,09-25-2020
521c564f56725e163ac728d17d3d0841,Gain Energy Limited,Canada,https://s3.us-east-2.amazonaws.com/rp-20-sources/mandatory-disclosure-report-521c564f56725e163ac728d17d3d0841,.pdf,01-01-2019,12-31-2019,09-25-2020
ac400012de537ef97dc83c17a71e41c1,GFG Resources Inc.,Canada,https://s3.us-east-2.amazonaws.com/rp-20-sources/mandatory-disclosure-report-ac400012de537ef97dc83c17a71e41c1,.pdf,07-01-2019,06-30-2020,09-30-2020
e91de403300a2b06e370a38ccc1c6436,Lynx Energy ULC,Canada,https://s3.us-east-2.amazonaws.com/rp-20-sources/mandatory-disclosure-report-e91de403300a2b06e370a38ccc1c6436,.pdf,01-01-2016,12-31-2016,10-01-2020
bb3538028b862b0e76d606158aecc34d,Petra Diamonds Limited,United Kingdom of Great Britain and Northern Ireland,https://s3.us-east-2.amazonaws.com/rp-20-sources/mandatory-disclosure-report-bb3538028b862b0e76d606158aecc34d,.html,07-01-2018,06-30-2019,10-15-2019
81a026cee42c94071d52f17b723bc651-c19958e57e172b2c7b5a48ac0edc4838-e609413d31a54f75ea37f21ff02bf1c8-a8cc0bfad6e836706a4232cae646d5bf,Tailwind Energy Ltd,United Kingdom of Great Britain and Northern Ireland,https://s3.us-east-2.amazonaws.com/rp-20-sources/mandatory-disclosure-report-81a026cee42c94071d52f17b723bc651-c19958e57e172b2c7b5a48ac0edc4838-e609413d31a54f75ea37f21ff02bf1c8-a8cc0bfad6e836706a4232cae646d5bf,.zip,01-01-2019,12-31-2019,12-01-2020
8a9cadf2964ce52dc31bfaf1b1ad4591,Canbriam Energy Incorporated,Canada,https://s3.us-east-2.amazonaws.com/rp-20-sources/mandatory-disclosure-report-8a9cadf2964ce52dc31bfaf1b1ad4591,.pdf,01-01-2018,12-31-2018,09-25-2020
c46a617107fad5000a0255b193961f08,Orla Mining Limited,Canada,https://s3.us-east-2.amazonaws.com/rp-20-sources/mandatory-disclosure-report-c46a617107fad5000a0255b193961f08,.pdf,01-01-2019,12-31-2019,12-01-2020
3b0f2dc0906fd1ba9a0ac09d6770db64,Ember Resources Incorporated,Canada,https://s3.us-east-2.amazonaws.com/rp-20-sources/mandatory-disclosure-report-3b0f2dc0906fd1ba9a0ac09d6770db64,.pdf,01-01-2019,12-31-2019,05-20-2020
5463e39948afb8ae54f56244a9505fe4,Vinci S.A.,France,https://s3.us-east-2.amazonaws.com/rp-20-sources/mandatory-disclosure-report-5463e39948afb8ae54f56244a9505fe4,.pdf,01-01-2015,12-31-2015
65de51d143e87e158e6dbd4d2ccd0ca7,Laramide Resources Limited,Canada,https://s3.us-east-2.amazonaws.com/rp-20-sources/mandatory-disclosure-report-65de51d143e87e158e6dbd4d2ccd0ca7,.pdf,01-01-2019,12-31-2019,05-29-2020
b306b1dad89552fd43de0945a2a79104,International Petroleum Corporation,Canada,https://s3.us-east-2.amazonaws.com/rp-20-sources/mandatory-disclosure-report-b306b1dad89552fd43de0945a2a79104,.pdf,01-01-2019,12-31-2019,08-04-2020
a04dbef7fb669e9aa0aee2877d02fa9d,Shanghai Energy Corporation,Canada,https://s3.us-east-2.amazonaws.com/rp-20-sources/mandatory-disclosure-report-a04dbef7fb669e9aa0aee2877d02fa9d,.pdf,01-01-2019,12-31-2019,08-20-2020
7aeb178ce32b931c506f7300f945d4da,Getchell Gold Corp.,Canada,https://s3.us-east-2.amazonaws.com/rp-20-sources/mandatory-disclosure-report-7aeb178ce32b931c506f7300f945d4da,.pdf,04-01-2019,03-31-2020,08-27-2020
1556a7215498b8590b2cb13ff81110e8,Quebec Precious Metals Corporation,Canada,https://s3.us-east-2.amazonaws.com/rp-20-sources/mandatory-disclosure-report-1556a7215498b8590b2cb13ff81110e8,.xlsx,02-01-2019,01-31-2020
8608ba884f51d758e2fa75ce04372d2a,Silvercorp Metals Incorporated,Canada,https://s3.us-east-2.amazonaws.com/rp-20-sources/mandatory-disclosure-report-8608ba884f51d758e2fa75ce04372d2a,.xlsx,04-01-2019,03-31-2020,07-22-2020
d1183ce2506e9ec6bb287af83381629a,Katanga Mining Limited,Canada,https://s3.us-east-2.amazonaws.com/rp-20-sources/mandatory-disclosure-report-d1183ce2506e9ec6bb287af83381629a,.pdf,01-01-2019,12-31-2019,06-30-2020
c7885daffb22bef81eb989f13b0aaa32,Paramount Resources Limited,Canada,https://s3.us-east-2.amazonaws.com/rp-20-sources/mandatory-disclosure-report-c7885daffb22bef81eb989f13b0aaa32,.pdf,01-01-2019,12-31-2019,09-24-2020
1aebdf533c492d3b33179a5ccb63e10d,Corvus Gold Incorporated,Canada,https://s3.us-east-2.amazonaws.com/rp-20-sources/mandatory-disclosure-report-1aebdf533c492d3b33179a5ccb63e10d,.pdf,06-01-2019,05-31-2020,09-28-2020
db65757f4e0803a761d7b9bd2a91e50e,Gran Tierra Energy Incorporated,Canada,https://s3.us-east-2.amazonaws.com/rp-20-sources/mandatory-disclosure-report-db65757f4e0803a761d7b9bd2a91e50e,.pdf,01-01-2019,12-31-2019,06-25-2020
fe201c680a5629cdbaebb2a578f5499b-b840a00a1761a6551cb9f0b91faec3e5-83452aa7f80d809839a234df0bdcc850-dac0d5cb74a68ed74b9f315fac73a9e2,TAQA Bratani Limited,United Kingdom of Great Britain and Northern Ireland,https://s3.us-east-2.amazonaws.com/rp-20-sources/mandatory-disclosure-report-fe201c680a5629cdbaebb2a578f5499b-b840a00a1761a6551cb9f0b91faec3e5-83452aa7f80d809839a234df0bdcc850-dac0d5cb74a68ed74b9f315fac73a9e2,.zip,01-01-2019,12-31-2019,11-10-2020
cf03887eaf068c8894c695116a73005d-b9124712d69d39d52273d898f3c2465d-7621b9aaa4381694340f29e8f369896a-194b6340e537f71d3732ddff9b5b1a1e,Chrysaor Resources (Irish Sea) Limited,United Kingdom of Great Britain and Northern Ireland,https://s3.us-east-2.amazonaws.com/rp-20-sources/mandatory-disclosure-report-cf03887eaf068c8894c695116a73005d-b9124712d69d39d52273d898f3c2465d-7621b9aaa4381694340f29e8f369896a-194b6340e537f71d3732ddff9b5b1a1e,.zip,01-01-2019,12-31-2019,11-17-2020
5f05ebd011ba57453266fcfc6a9c397e,Eastmain Resources Incorporated,Canada,https://s3.us-east-2.amazonaws.com/rp-20-sources/mandatory-disclosure-report-5f05ebd011ba57453266fcfc6a9c397e,.pdf,11-01-2016,10-31-2017,03-19-2018
ab3c84ccd795b24cf490d95e48840e36,Belgravia Capital International Incorporated,Canada,https://s3.us-east-2.amazonaws.com/rp-20-sources/mandatory-disclosure-report-ab3c84ccd795b24cf490d95e48840e36,.pdf,01-01-2016,12-31-2016,04-26-2017
d03998a40c2ab332f3cd6fd72810efac,Astra Oil Corporation,Canada,https://s3.us-east-2.amazonaws.com/rp-20-sources/mandatory-disclosure-report-d03998a40c2ab332f3cd6fd72810efac,.pdf,01-01-2019,12-31-2019,06-22-2020
18d8d6c4cd25faae59178dae82366176,Kelt Exploration Limited,Canada,https://s3.us-east-2.amazonaws.com/rp-20-sources/mandatory-disclosure-report-18d8d6c4cd25faae59178dae82366176,.pdf,01-01-2019,12-31-2019,06-22-2020
14c0aa7c4cd957fed542a3a34e21a845,Taseko Mines Limited,Canada,https://s3.us-east-2.amazonaws.com/rp-20-sources/mandatory-disclosure-report-14c0aa7c4cd957fed542a3a34e21a845,.pdf,01-01-2019,12-31-2019,07-10-2020
3947ad459db0413809b05ed901cc9991,TAQA North Limited,Canada,https://s3.us-east-2.amazonaws.com/rp-20-sources/mandatory-disclosure-report-3947ad459db0413809b05ed901cc9991,.pdf,01-01-2019,12-31-2019,05-07-2020
5503b2624118a0adf303f16a5d2f677e,ConocoPhillips Norge,Norway,https://s3.us-east-2.amazonaws.com/rp-20-sources/mandatory-disclosure-report-5503b2624118a0adf303f16a5d2f677e,.pdf,01-01-2019,12-31-2019
353c27bea27e262e0922d4f588025f4d,Mercuria Energy Group Limited,Cyprus,https://s3.us-east-2.amazonaws.com/rp-20-sources/mandatory-disclosure-report-353c27bea27e262e0922d4f588025f4d,.pdf,01-01-2019,12-31-2019
5569c2da8b144d45a8eda1bd20914781,Tidewater Midstream and Infrastructure Limited,Canada,https://s3.us-east-2.amazonaws.com/rp-20-sources/mandatory-disclosure-report-5569c2da8b144d45a8eda1bd20914781,.pdf,01-01-2019,12-31-2019,06-01-2020
cf98231706a5268a54698519bcdaf761,Seabridge Gold Incorporated,Canada,https://s3.us-east-2.amazonaws.com/rp-20-sources/mandatory-disclosure-report-cf98231706a5268a54698519bcdaf761,.pdf,01-01-2017,12-31-2017,05-30-2018
d29a71a1a27a2bd7b63899c034802fad,ConocoPhillips Canada Resources Corporation,Canada,https://s3.us-east-2.amazonaws.com/rp-20-sources/mandatory-disclosure-report-d29a71a1a27a2bd7b63899c034802fad,.pdf,01-01-2019,12-31-2019,07-27-2020
a606bdb6a572b3b4002e85cb80dc9143,Gear Energy Limited,Canada,https://s3.us-east-2.amazonaws.com/rp-20-sources/mandatory-disclosure-report-a606bdb6a572b3b4002e85cb80dc9143,.pdf,01-01-2019,12-31-2019,09-08-2020
aa18806aea9b854302d53dc1cff8af03,African Gold Group Incorporated,Canada,https://s3.us-east-2.amazonaws.com/rp-20-sources/mandatory-disclosure-report-aa18806aea9b854302d53dc1cff8af03,.xlsx,01-01-2019,12-31-2019,05-27-2020
5d103b2f685b2edacccda99a1b9fa9b8,Erdene Resource Development Corporation,Canada,https://s3.us-east-2.amazonaws.com/rp-20-sources/mandatory-disclosure-report-5d103b2f685b2edacccda99a1b9fa9b8,.pdf,01-01-2019,12-31-2019,09-16-2020
ca7dadde7d4cc03c08c860f697f39225,Majestic Gold Corp.,Canada,https://s3.us-east-2.amazonaws.com/rp-20-sources/mandatory-disclosure-report-ca7dadde7d4cc03c08c860f697f39225,.pdf,01-01-2019,12-31-2019,09-15-2020
afe6e80ba9314414e2b4b52d4a492442-3d7a73cd456e341bd33b665e2bffbe2f-9c640b35cba5a443352e4744c865ee4d-dcca3279e8840c4e1bb68206f0972df4,Apache North Sea Production Limited,United Kingdom of Great Britain and Northern Ireland,https://s3.us-east-2.amazonaws.com/rp-20-sources/mandatory-disclosure-report-afe6e80ba9314414e2b4b52d4a492442-3d7a73cd456e341bd33b665e2bffbe2f-9c640b35cba5a443352e4744c865ee4d-dcca3279e8840c4e1bb68206f0972df4,.zip,01-01-2019,12-31-2019,11-30-2020
0234149c40df348307aae79271ae9fdb,Pipestone Energy Corporation,Canada,https://s3.us-east-2.amazonaws.com/rp-20-sources/mandatory-disclosure-report-0234149c40df348307aae79271ae9fdb,.pdf,01-04-2019,12-31-2019,06-26-2020
037532c2a4c89ccd8cf187f043fb43c9,S.N.G.N. RomGaz S.A.,Romania,https://s3.us-east-2.amazonaws.com/rp-20-sources/mandatory-disclosure-report-037532c2a4c89ccd8cf187f043fb43c9,.html,01-01-2019,12-31-2019,04-23-2020
d194fcaaa8a9bcc3a3e4ca0c9f2058e9,Birchcliff Energy Limited,Canada,https://s3.us-east-2.amazonaws.com/rp-20-sources/mandatory-disclosure-report-d194fcaaa8a9bcc3a3e4ca0c9f2058e9,.pdf,01-01-2019,12-31-2019,09-02-2020
4ae83e8d3f8e31476860d79360258f0f,KORE Mining Ltd.,Canada,https://s3.us-east-2.amazonaws.com/rp-20-sources/mandatory-disclosure-report-4ae83e8d3f8e31476860d79360258f0f,.pdf,01-01-2019,12-31-2019,09-17-2020
85534b14eea9605f91c8f252cfc75366,Austral Gold Limited,Canada,https://s3.us-east-2.amazonaws.com/rp-20-sources/mandatory-disclosure-report-85534b14eea9605f91c8f252cfc75366,.pdf,01-01-2019,12-31-2019,09-24-2020
5ea6a025f678cf46073fcdf704e28900,Athabasca Minerals Incorporated,Canada,https://s3.us-east-2.amazonaws.com/rp-20-sources/mandatory-disclosure-report-5ea6a025f678cf46073fcdf704e28900,.pdf,01-01-2019,12-31-2019,11-03-2020
5563a8177dabbcb272014826e474d129,Hannan Metals Limited,Canada,https://s3.us-east-2.amazonaws.com/rp-20-sources/mandatory-disclosure-report-5563a8177dabbcb272014826e474d129,.pdf,06-01-2019,05-31-2020,10-21-2020
247406040eef045c1864907fabdcefd9,South32,United Kingdom of Great Britain and Northern Ireland,https://s3.us-east-2.amazonaws.com/rp-20-sources/mandatory-disclosure-report-247406040eef045c1864907fabdcefd9,.html,07-01-2019,06-30-2020,10-23-2020
f8b3d4fbb39778b45b44009c7fd5f797-28f73b65a7cd866b379aa18610b430d4-b67ac369f9dcfa486fbf446ccf293e85-c58986f27ed2752ee458968c9ca18ce9,Gemfields Group Limited,United Kingdom of Great Britain and Northern Ireland,https://s3.us-east-2.amazonaws.com/rp-20-sources/mandatory-disclosure-report-f8b3d4fbb39778b45b44009c7fd5f797-28f73b65a7cd866b379aa18610b430d4-b67ac369f9dcfa486fbf446ccf293e85-c58986f27ed2752ee458968c9ca18ce9,.zip,01-01-2019,12-31-2019,11-24-2020
41d1e7de41ea4dcdb88fc267b577b3b0,Canbriam Energy Incorporated,Canada,https://s3.us-east-2.amazonaws.com/rp-20-sources/mandatory-disclosure-report-41d1e7de41ea4dcdb88fc267b577b3b0,.pdf,01-01-2017,12-31-2017,09-25-2020
7edfbbf23b415c8ff7e4f19733c1c064,THEMAC Resources Group Limited,Canada,https://s3.us-east-2.amazonaws.com/rp-20-sources/mandatory-disclosure-report-7edfbbf23b415c8ff7e4f19733c1c064,.pdf,07-01-2019,06-30-2020,11-20-2020
e2fe8fae398f4a055ea799c6116327ac,Austral Gold Limited,Canada,https://s3.us-east-2.amazonaws.com/rp-20-sources/mandatory-disclosure-reporte2fe8fae398f4a055ea799c6116327ac,.pdf,07-01-2017,12-31-2017,05-24-2018
9ab923f148d14c55464f2b6750f4bd92,Gran Colombia Gold Corporation,Canada,https://s3.us-east-2.amazonaws.com/rp-20-sources/mandatory-disclosure-report-9ab923f148d14c55464f2b6750f4bd92,.pdf,01-01-2019,12-31-2019,06-25-2020
8cdac04dc2da93b7ec68a829f54e03a8,CGX Energy Incorporated,Canada,https://s3.us-east-2.amazonaws.com/rp-20-sources/mandatory-disclosure-report-8cdac04dc2da93b7ec68a829f54e03a8,.pdf,01-01-2019,12-31-2019,06-10-2020
55881ed398097be424c018d92afbf844,Fortuna Silver Mines Incorporated,Canada,https://s3.us-east-2.amazonaws.com/rp-20-sources/mandatory-disclosure-report-55881ed398097be424c018d92afbf844,.pdf,01-01-2019,12-31-2019,07-08-2020
e7e236b7b3b3be1ce7777fd79a621cd9,Compania Espanola de Petroleos S.A.U.,Spain,https://s3.us-east-2.amazonaws.com/rp-20-sources/mandatory-disclosure-report-e7e236b7b3b3be1ce7777fd79a621cd9,.pdf,01-01-2019,12-31-2019
e8ad576817e5fffcb87d39bf3cbd2b64,Cornerstone Capital Resources Inc.,Canada,https://s3.us-east-2.amazonaws.com/rp-20-sources/mandatory-disclosure-report-e8ad576817e5fffcb87d39bf3cbd2b64,.pdf,01-01-2019,12-31-2019,08-27-2020
c088d0a4af85b271fd8ddc1fa9627813,Manulife Western Holdings Limited Partnership,Canada,https://s3.us-east-2.amazonaws.com/rp-20-sources/mandatory-disclosure-report-c088d0a4af85b271fd8ddc1fa9627813,.pdf,01-01-2019,12-31-2019,09-16-2020
0d70dec12b6cd6d17a0168f9808e2219-3301268b8c545033f6d56489dd7a4d28-daf26169f84b3363da2dc9e7476953f7-7c9c5432f737f2bf91d5ad36c5c0eec4,Perenco Oil and Gas Colombia Limited,United Kingdom of Great Britain and Northern Ireland,https://s3.us-east-2.amazonaws.com/rp-20-sources/mandatory-disclosure-report-0d70dec12b6cd6d17a0168f9808e2219-3301268b8c545033f6d56489dd7a4d28-daf26169f84b3363da2dc9e7476953f7-7c9c5432f737f2bf91d5ad36c5c0eec4,.zip,01-01-2019,12-31-2019,09-29-2020
2718a43ce2b947a7a780c353d1a1431a,Saguaro Resources Limited,Canada,https://s3.us-east-2.amazonaws.com/rp-20-sources/mandatory-disclosure-report-2718a43ce2b947a7a780c353d1a1431a,.pdf,01-01-2019,12-31-2019,09-25-2020
c223919c3c4f272828a8df5801ad7030-0c1dbd139083c8be55b705ffb6d1b5ee-dc201972e05cb424ae55efbdde3200c5-6130fed27fcee89ecca91c39431a524b,Chrysaor Production (U.K.) Limited,United Kingdom of Great Britain and Northern Ireland,https://s3.us-east-2.amazonaws.com/rp-20-sources/mandatory-disclosure-report-c223919c3c4f272828a8df5801ad7030-0c1dbd139083c8be55b705ffb6d1b5ee-dc201972e05cb424ae55efbdde3200c5-6130fed27fcee89ecca91c39431a524b,.zip,01-01-2019,12-31-2019,11-17-2020
d130d640517387de3785fb2c773bed9a,Source Energy Services Limited,Canada,https://s3.us-east-2.amazonaws.com/rp-20-sources/mandatory-disclosure-report-d130d640517387de3785fb2c773bed9a,.pdf,01-01-2019,12-31-2019,05-27-2020
6d3b08ae73547826a06ffb05766db4e0,Valet U. Ott GmbH & Co. KG Kies- Und Sandwerke,Germany,https://s3.us-east-2.amazonaws.com/rp-20-sources/mandatory-disclosure-report-6d3b08ae73547826a06ffb05766db4e0,.html,01-01-2016,12-31-2016,01-18-2018
e43e5baee239910c270a704344c54df9,Yangarra Resources Limited,Canada,https://s3.us-east-2.amazonaws.com/rp-20-sources/mandatory-disclosure-reporte43e5baee239910c270a704344c54df9,.pdf,01-01-2016,12-31-2016,05-30-2017
f21c8abf56af6f5f83cbf1b1b638aeb4,Zinc One Resources Incorporated,Canada,https://s3.us-east-2.amazonaws.com/rp-20-sources/mandatory-disclosure-report-f21c8abf56af6f5f83cbf1b1b638aeb4,.pdf,03-01-2018,02-28-2019,07-30-2019
268489b85b0aaea77ea6be0cefebd7d6,Levon Resources Limited,Canada,https://s3.us-east-2.amazonaws.com/rp-20-sources/mandatory-disclosure-report-268489b85b0aaea77ea6be0cefebd7d6,.pdf,04-01-2018,03-31-2019,07-26-2019
10029cb28c687d3ecd3e644b6dfdb302,Whitecap Resources Incorporated,Canada,https://s3.us-east-2.amazonaws.com/rp-20-sources/mandatory-disclosure-report-10029cb28c687d3ecd3e644b6dfdb302,.pdf,01-01-2019,12-31-2019,05-08-2020
15e18c29b43b9cf670ead321269cd00e,Cadogan Petroleum plc,United Kingdom of Great Britain and Northern Ireland,https://s3.us-east-2.amazonaws.com/rp-20-sources/mandatory-disclosure-report-15e18c29b43b9cf670ead321269cd00e,.html,01-01-2019,12-31-2019,05-15-2020
b5f7665460c12006bede28e4185d3a10,Ressources Robex Incorporated,Canada,https://s3.us-east-2.amazonaws.com/rp-20-sources/mandatory-disclosure-report-b5f7665460c12006bede28e4185d3a10,.pdf,01-01-2017,12-31-2017,06-01-2020
f19b04c68d9b77a290a0090a62550112,ExxonMobil Canada Properties,Canada,https://s3.us-east-2.amazonaws.com/rp-20-sources/mandatory-disclosure-report-f19b04c68d9b77a290a0090a62550112,.pdf,12-01-2019,12-31-2019,04-27-2020
66af24afdd6db3498f5ee0a49a79b3d7,Detour Gold Corporation,Canada,https://s3.us-east-2.amazonaws.com/rp-20-sources/mandatory-disclosure-report-66af24afdd6db3498f5ee0a49a79b3d7,.pdf,01-01-2017,12-31-2017,05-23-2018
b9d2cc168f1fc755adf31a9f5b921b7e,Twin Butte Energy Ltd.,Canada,https://s3.us-east-2.amazonaws.com/rp-20-sources/mandatory-disclosure-report-b9d2cc168f1fc755adf31a9f5b921b7e,.pdf,01-01-2016,12-31-2016
fc106b84bcb89dab67cfc985a9b3db55,UGR Blair Creek Limited,Canada,https://s3.us-east-2.amazonaws.com/rp-20-sources/mandatory-disclosure-reportfc106b84bcb89dab67cfc985a9b3db55,.pdf,01-01-2016,12-31-2016,05-29-2017
f4f595940180305a580950b85eaaaa52,Vale Canada Limited,Canada,https://s3.us-east-2.amazonaws.com/rp-20-sources/mandatory-disclosure-reportf4f595940180305a580950b85eaaaa52,.pdf,01-01-2016,12-31-2016,05-24-2017
283e1a2cfd86d32d3bf8781ec37b424e,Vantex Resources Limited,Canada,https://s3.us-east-2.amazonaws.com/rp-20-sources/mandatory-disclosure-report-283e1a2cfd86d32d3bf8781ec37b424e,.xlsx,11-01-2017,10-31-2018,05-09-2019
800527dd44bcfbbaab74def5d5d62751,Vinci S.A.,France,https://s3.us-east-2.amazonaws.com/rp-20-sources/mandatory-disclosure-report-800527dd44bcfbbaab74def5d5d62751,.pdf,01-01-2017,12-31-2017,06-19-2018
1290075281a1605f2659b7f9ebcdd5b0,Votorantim Cement North America Incorporated,Canada,https://s3.us-east-2.amazonaws.com/rp-20-sources/mandatory-disclosure-report-1290075281a1605f2659b7f9ebcdd5b0,.pdf,01-01-2018,12-31-2018,05-30-2019
d9e71a20fb46c3192ddb1a7144b0c045,Westmoreland Canada Holdings Incorporated,Canada,https://s3.us-east-2.amazonaws.com/rp-20-sources/mandatory-disclosure-reportd9e71a20fb46c3192ddb1a7144b0c045,.pdf,01-01-2016,12-31-2016,05-30-2017
d5643432c45432d38f5fc24367b78a2e,Devon Canada Corporation,Canada,https://s3.us-east-2.amazonaws.com/rp-20-sources/mandatory-disclosure-report-d5643432c45432d38f5fc24367b78a2e,.pdf,01-01-2016,12-31-2016,05-02-2018
e1e58ff59a8d678a305dfc5ac4bb4aa0,Jaguar Mining Incorporated,Canada,https://s3.us-east-2.amazonaws.com/rp-20-sources/mandatory-disclosure-report-e1e58ff59a8d678a305dfc5ac4bb4aa0,.pdf,01-01-2019,12-31-2019,05-13-2020
26b1181a618d261567fec4e789912689,Bellatrix Exploration Limited,Canada,https://s3.us-east-2.amazonaws.com/rp-20-sources/mandatory-disclosure-report-26b1181a618d261567fec4e789912689,.pdf,01-01-2019,12-31-2019,05-25-2020
b82a07c2b130ac0afa76905da8980b64,Electricite de France S.A.,France,https://s3.us-east-2.amazonaws.com/rp-20-sources/mandatory-disclosure-report-b82a07c2b130ac0afa76905da8980b64,.pdf,01-01-2019,12-31-2019
6aa6e186c3db24dd49fab5cfb8e7637e,TAURON Polska Energia S.A.,Poland,https://s3.us-east-2.amazonaws.com/rp-20-sources/mandatory-disclosure-report-6aa6e186c3db24dd49fab5cfb8e7637e,.pdf,01-01-2019,12-31-2019,04-01-2020
1d4eb94ee724d426068e7e8f5c5b5458,Vattenfall GmbH,Germany,https://s3.us-east-2.amazonaws.com/rp-20-sources/mandatory-disclosure-report-1d4eb94ee724d426068e7e8f5c5b5458,.html,01-01-2016,12-31-2016,01-09-2018
dabeced63c30a18c8250e71880448ef6-7790374ef1a009dcb8a239c95f3c4dc8-521e214d890c2f5286edaebd1eeb4db3-a170dd350df108770b8765f3315b1f9e,Vedanta Resources Limited,United Kingdom of Great Britain and Northern Ireland,https://s3.us-east-2.amazonaws.com/rp-20-sources/mandatory-disclosure-report-dabeced63c30a18c8250e71880448ef6-7790374ef1a009dcb8a239c95f3c4dc8-521e214d890c2f5286edaebd1eeb4db3-a170dd350df108770b8765f3315b1f9e,.zip,04-01-2018,03-31-2019,11-11-2019
6fb83a93aa150e5f1d25953ff7c2998f,Velvet Energy Limited,Canada,https://s3.us-east-2.amazonaws.com/rp-20-sources/mandatory-disclosure-report-6fb83a93aa150e5f1d25953ff7c2998f,.pdf,01-01-2018,12-31-2018,05-29-2019
ce3c1e1d639445adcd178ec613600e01,Wacker Chemie AG,Germany,https://s3.us-east-2.amazonaws.com/rp-20-sources/mandatory-disclosure-report-ce3c1e1d639445adcd178ec613600e01,.html,01-01-2017,12-31-2017,06-01-2018
c969d78b3122dad170a3c8ab201d15ae,West Lake Energy Corporation,Canada,https://s3.us-east-2.amazonaws.com/rp-20-sources/mandatory-disclosure-reportc969d78b3122dad170a3c8ab201d15ae,.pdf,03-30-2017,12-31-2017,04-12-2018
8f5b6fdc38bbde61251d0ecf9c73b5d6,Westbrick Energy Limited,Canada,https://s3.us-east-2.amazonaws.com/rp-20-sources/mandatory-disclosure-report8f5b6fdc38bbde61251d0ecf9c73b5d6,.pdf,01-01-2017,12-31-2017,05-07-2018
26bfe48e7de74f0aefb9b4fe3c2e8140,Wienerberger GmbH,Germany,https://s3.us-east-2.amazonaws.com/rp-20-sources/mandatory-disclosure-report-26bfe48e7de74f0aefb9b4fe3c2e8140,.html,01-01-2018,12-31-2018,01-31-2019
3f8bc67fa30a7cc559be3799c9111a07,Wienerberger GmbH,Germany,https://s3.us-east-2.amazonaws.com/rp-20-sources/mandatory-disclosure-report-3f8bc67fa30a7cc559be3799c9111a07,.html,01-01-2017,12-31-2017,01-31-2019
a21b4a01b10ecd61bea38458680f39ec,ZE PAK S.A.,Poland,https://s3.us-east-2.amazonaws.com/rp-20-sources/mandatory-disclosure-report-a21b4a01b10ecd61bea38458680f39ec,.pdf,01-01-2017,12-31-2017
ca009a73bb438ebb8c2601ccefdde614,Tango Mining Limited,Canada,https://s3.us-east-2.amazonaws.com/rp-20-sources/mandatory-disclosure-report-ca009a73bb438ebb8c2601ccefdde614,.xlsx,09-01-2015,08-31-2016,01-29-2019
d8d6ed4cc267eb497f12baf1aca0df5f,ExxonMobil Luxembourg et Cie,Luxembourg,https://s3.us-east-2.amazonaws.com/rp-20-sources/mandatory-disclosure-report-d8d6ed4cc267eb497f12baf1aca0df5f,.pdf,01-01-2018,12-31-2018,12-23-2019
abcd3665c85d288c5a5b1f67892d4b52,Primavera Resources Corp.,Canada,https://s3.us-east-2.amazonaws.com/rp-20-sources/mandatory-disclosure-report-abcd3665c85d288c5a5b1f67892d4b52,.pdf,01-01-2019,12-31-2019,05-12-2020
a5a43ba3f45e7bb3fd0410a3d6ba07e9,Kinross Gold Corporation,Canada,https://s3.us-east-2.amazonaws.com/rp-20-sources/mandatory-disclosure-report-a5a43ba3f45e7bb3fd0410a3d6ba07e9,.pdf,01-01-2019,12-31-2019,05-29-2020
0b78d3421aaabb9257a80c4ce2c5f838,Artis Exploration Limited,Canada,https://s3.us-east-2.amazonaws.com/rp-20-sources/mandatory-disclosure-report-0b78d3421aaabb9257a80c4ce2c5f838,.pdf,01-01-2019,12-31-2019
a80a8feb174a251d0f0054e79eb4f0c0,Azucar Minerals Limited,Canada,https://s3.us-east-2.amazonaws.com/rp-20-sources/mandatory-disclosure-report-a80a8feb174a251d0f0054e79eb4f0c0,.pdf,01-01-2019,12-31-2019,06-05-2020
ac4649f79a64630ec524de64a8c28e79,IMPACT Silver Corporation,Canada,https://s3.us-east-2.amazonaws.com/rp-20-sources/mandatory-disclosure-report-ac4649f79a64630ec524de64a8c28e79,.pdf,01-01-2019,12-31-2019,05-28-2020
6f436f3d235c6190b189c8ef199bb8f8,Tamarack Valley Energy Limited,Canada,https://s3.us-east-2.amazonaws.com/rp-20-sources/mandatory-disclosure-report-6f436f3d235c6190b189c8ef199bb8f8,.pdf,01-01-2019,12-31-2019,05-28-2020
c7491701f6bb2f5f83afb404bbf82979,Valeura Energy Incorporated,Canada,https://s3.us-east-2.amazonaws.com/rp-20-sources/mandatory-disclosure-report-c7491701f6bb2f5f83afb404bbf82979,.pdf,01-01-2018,12-31-2018,05-27-2019
7305725a8e8a1d996ea00493923786be,Wacker Chemie AG,Germany,https://s3.us-east-2.amazonaws.com/rp-20-sources/mandatory-disclosure-report-7305725a8e8a1d996ea00493923786be,.html,01-01-2018,12-31-2018,03-15-2019
e53aefe3b43c61fce47d874afbfa4112,Western Potash Corporation,Canada,https://s3.us-east-2.amazonaws.com/rp-20-sources/mandatory-disclosure-report-e53aefe3b43c61fce47d874afbfa4112,.pdf,10-01-2017,09-30-2018,06-07-2019
b2668416cc739dfa0cfd5993175721cf,Zargon Oil and Gas Limited,Canada,https://s3.us-east-2.amazonaws.com/rp-20-sources/mandatory-disclosure-reportb2668416cc739dfa0cfd5993175721cf,.pdf,01-01-2016,12-31-2016,05-29-2017
2873f00505877f7922661b0e63620dda,Group Ten Metals Inc.,Canada,https://grouptenmetals.com/site/assets/files/3727/pge_-_fiscal_2019_estma_annual_report.pdf,.pdf,04-01-2018,03-31-2019,03-23-2020
561f2a8688981f9c7d8e65e5c72b8fe6,Trilogy Metals Incorporated,Canada,https://s3.us-east-2.amazonaws.com/rp-20-sources/mandatory-disclosure-report-561f2a8688981f9c7d8e65e5c72b8fe6,.pdf,12-01-2018,11-30-2019,04-23-2020
2cddf65fe3f3a0ef1fe9791b7a13e148,Centaurus Energy Inc.,Canada,https://s3.us-east-2.amazonaws.com/rp-20-sources/mandatory-disclosure-report-2cddf65fe3f3a0ef1fe9791b7a13e148,.pdf,01-01-2019,12-31-2019,04-21-2020
c8867fa1cb8b39073401cfe31b4c1a67,Acquisition Oil Corp.,Canada,https://s3.us-east-2.amazonaws.com/rp-20-sources/mandatory-disclosure-report-c8867fa1cb8b39073401cfe31b4c1a67,.pdf,01-01-2019,12-31-2019,05-25-2020
d2fda37e2d657d84796c02cc54361512-46ebe289e2f3ee64d2cff9b342bed465-40648597095b1aca6c8fc884d23de817-84dfc71bc92495969eb4d5265bf03627,Mondi plc,United Kingdom of Great Britain and Northern Ireland,https://s3.us-east-2.amazonaws.com/rp-20-sources/mandatory-disclosure-report-d2fda37e2d657d84796c02cc54361512-46ebe289e2f3ee64d2cff9b342bed465-40648597095b1aca6c8fc884d23de817-84dfc71bc92495969eb4d5265bf03627,.zip,01-01-2019,12-31-2019,06-18-2020
5a6d8ec6896a1c71832af730d2913bfb,HeidelbergCement Group,Germany,https://s3.us-east-2.amazonaws.com/rp-20-sources/mandatory-disclosure-report-5a6d8ec6896a1c71832af730d2913bfb,.pdf,01-01-2019,12-31-2019,06-03-2020
e636e955b61684f8dff1ff2943d62e99,Shamaran Petroleum Corporation,Canada,https://s3.us-east-2.amazonaws.com/rp-20-sources/mandatory-disclosure-report-e636e955b61684f8dff1ff2943d62e99,.pdf,01-01-2019,12-31-2019,06-09-2020
543951f640f751c6be4b6e751724c59f-7eac6a04e87122978cf563067b43905f-7c69fef85b54786768a2210d8211a455-7c16326d1036f7ec7627a10af431b93f,Glencore PLC,United Kingdom of Great Britain and Northern Ireland,https://s3.us-east-2.amazonaws.com/rp-20-sources/mandatory-disclosure-report-543951f640f751c6be4b6e751724c59f-7eac6a04e87122978cf563067b43905f-7c69fef85b54786768a2210d8211a455-7c16326d1036f7ec7627a10af431b93f,.zip,01-01-2019,12-31-2019,06-30-2020
57feb7e9c0f119b285cd638cb10fb60a,Talon Metals Corp.,Canada,https://s3.us-east-2.amazonaws.com/rp-20-sources/mandatory-disclosure-report-57feb7e9c0f119b285cd638cb10fb60a,.pdf,01-01-2019,12-31-2019,06-22-2020
7cee5ec962ee59f632318b757253b4a0,ZincX Resources Corp.,Canada,https://s3.us-east-2.amazonaws.com/rp-20-sources/mandatory-disclosure-report-7cee5ec962ee59f632318b757253b4a0,.pdf,07-01-2019,06-30-2020
4305299997604a3ef5028d048e78ed19,TimberRock Energy Corporation,Canada,https://s3.us-east-2.amazonaws.com/rp-20-sources/mandatory-disclosure-report-4305299997604a3ef5028d048e78ed19,.pdf,01-01-2019,12-31-2019,07-06-2020
f00018569f16ed1bceb2ad438bf4e0a8,Seabridge Gold Incorporated,Canada,https://s3.us-east-2.amazonaws.com/rp-20-sources/mandatory-disclosure-report-f00018569f16ed1bceb2ad438bf4e0a8,.pdf,01-01-2019,12-31-2019,07-13-2020
598405efbaf91391f0325b559773e089,STRABAG SE,Austria,https://s3.us-east-2.amazonaws.com/rp-20-sources/mandatory-disclosure-report-598405efbaf91391f0325b559773e089,.pdf,01-01-2019,12-31-2019,04-08-2020
aff32f2c07e30e88c0185cfa3c89898f,Pulse Oil Corporation,Canada,https://s3.us-east-2.amazonaws.com/rp-20-sources/mandatory-disclosure-report-aff32f2c07e30e88c0185cfa3c89898f,.pdf,01-01-2019,12-31-2019,09-29-2020
5cdda5bf0d6162ee501f9bc900395e06,Parex Resources Incorporated,Canada,https://s3.us-east-2.amazonaws.com/rp-20-sources/mandatory-disclosure-report-5cdda5bf0d6162ee501f9bc900395e06,.pdf,01-01-2019,12-31-2019,06-30-2020
4f2b82995c931dcbf51ef179acbb5a80,Nalcor Energy,Canada,https://s3.us-east-2.amazonaws.com/rp-20-sources/mandatory-disclosure-report-4f2b82995c931dcbf51ef179acbb5a80,.pdf,01-01-2019,12-31-2019,07-13-2020
0b936fde8dc4dd5721f0fc1e60b405b0,City of Medicine Hat,Canada,https://s3.us-east-2.amazonaws.com/rp-20-sources/mandatory-disclosure-report-0b936fde8dc4dd5721f0fc1e60b405b0,.pdf,01-01-2019,12-31-2019,09-04-2020
749a9b3e6582a5b96db2491bd37a5a90,Rupert Resources Ltd.,Canada,https://s3.us-east-2.amazonaws.com/rp-20-sources/mandatory-disclosure-report-749a9b3e6582a5b96db2491bd37a5a90,.xlsx,03-01-2016,02-28-2017,12-09-2019
8bd0d659a2b5392ecdd45c13b3e58532,Steppe Gold Limited,Canada,https://s3.us-east-2.amazonaws.com/rp-20-sources/mandatory-disclosure-report-8bd0d659a2b5392ecdd45c13b3e58532,.pdf,01-01-2019,12-31-2019,09-11-2020
49c9a8e36ccc9318ef978dbdf46f5e0b,Pieridae Energy Limited,Canada,https://s3.us-east-2.amazonaws.com/rp-20-sources/mandatory-disclosure-report-49c9a8e36ccc9318ef978dbdf46f5e0b,.pdf,01-01-2019,12-31-2019,09-25-2020
8cfb87622a68ea0fb0c155faeb6ddae6,Summerland Energy Inc.,Canada,https://s3.us-east-2.amazonaws.com/rp-20-sources/mandatory-disclosure-report-8cfb87622a68ea0fb0c155faeb6ddae6,.pdf,01-01-2019,12-31-2019,10-06-2020
ea9e704e96b4bb692b2469bbf9178f51-f7831c9a62a103e27dd6de45cfe081de-beb9df11f3ef79253d856e65547f19fb-8ca99afc725a3939a5da0e903f5ed7d8,Suncor Energy UK Limited,United Kingdom of Great Britain and Northern Ireland,https://s3.us-east-2.amazonaws.com/rp-20-sources/mandatory-disclosure-report-ea9e704e96b4bb692b2469bbf9178f51-f7831c9a62a103e27dd6de45cfe081de-beb9df11f3ef79253d856e65547f19fb-8ca99afc725a3939a5da0e903f5ed7d8,.zip,01-01-2019,12-31-2019,11-12-2020
a8ccd2e2310bcafa1d50d302845e06d3-cf54e6795d94ed5767bee09af8ab96ac-084f7772c9a86455dbc3ceab9a672cc3-8907527b58a33ba5cfe9a32d59f5f04c,Repsol Sinopec Resources UK Limited,United Kingdom of Great Britain and Northern Ireland,https://s3.us-east-2.amazonaws.com/rp-20-sources/mandatory-disclosure-report-a8ccd2e2310bcafa1d50d302845e06d3-cf54e6795d94ed5767bee09af8ab96ac-084f7772c9a86455dbc3ceab9a672cc3-8907527b58a33ba5cfe9a32d59f5f04c,.zip,01-01-2019,12-31-2019,11-25-2020
61b0713c7deea44ddc944c2a7e0ec8b1,Bankers Petroleum Limited,Canada,https://s3.us-east-2.amazonaws.com/rp-20-sources/mandatory-disclosure-report-61b0713c7deea44ddc944c2a7e0ec8b1,.pdf,01-01-2016,12-31-2016,01-17-2018
6526ac2bdacc4e19637c80a3471fdc32,Berkeley Energia Limited,United Kingdom of Great Britain and Northern Ireland,https://s3.us-east-2.amazonaws.com/rp-20-sources/mandatory-disclosure-report-6526ac2bdacc4e19637c80a3471fdc32,.pdf,07-01-2019,06-30-2020,12-30-2020
02d781c8d6c917fee71b1f1b82bf49d0,Mawson Resources Limited,Canada,https://s3.us-east-2.amazonaws.com/rp-20-sources/mandatory-disclosure-report-02d781c8d6c917fee71b1f1b82bf49d0,.pdf,06-01-2019,05-31-2020,10-19-2020
2e24e6b47377f9489b815d3c508c79e3,Monarques Gold Corporation,Canada,https://s3.us-east-2.amazonaws.com/rp-20-sources/mandatory-disclosure-report-2e24e6b47377f9489b815d3c508c79e3,.pdf,07-01-2019,06-30-2020,10-21-2020
5ead9cdc48b9f78003b6a8972890c3b0,Millennial Lithium Corporation,Canada,https://s3.us-east-2.amazonaws.com/rp-20-sources/mandatory-disclosure-report-5ead9cdc48b9f78003b6a8972890c3b0,.pdf,03-01-2019,02-28-2020,11-09-2020
a9dde3acf25c706f052a99cbff1af3ca,Keyera Corporation,Canada,https://s3.us-east-2.amazonaws.com/rp-20-sources/mandatory-disclosure-report-a9dde3acf25c706f052a99cbff1af3ca,.pdf,01-01-2019,12-31-2019,06-23-2020
a6b65cab98cb7db7b71d1343d3381cba,Mirasol Resources Limited,Canada,https://s3.us-east-2.amazonaws.com/rp-20-sources/mandatory-disclosure-report-a6b65cab98cb7db7b71d1343d3381cba,.pdf,07-01-2015,06-30-2016,05-21-2020
cbb088931c8ce1244815864ee5a1cafd,Suncor Energy Incorporated,Canada,https://s3.us-east-2.amazonaws.com/rp-20-sources/mandatory-disclosure-report-cbb088931c8ce1244815864ee5a1cafd,.pdf,01-01-2017,12-31-2017,05-24-2018
f026b8b0ce9314789cc1fcb6822178e3,Majestic Gold Corp.,Canada,https://s3.us-east-2.amazonaws.com/rp-20-sources/mandatory-disclosure-report-f026b8b0ce9314789cc1fcb6822178e3,.pdf,10-01-2018,12-31-2018,09-15-2020
38a203314f57e57a11eea065286dac64,Prairie Provident Resources Incorporated,Canada,https://s3.us-east-2.amazonaws.com/rp-20-sources/mandatory-disclosure-report-38a203314f57e57a11eea065286dac64,.pdf,01-01-2019,12-31-2019,09-23-2020
09d6ee1a5bdf9743e93aadb9302df945-795d41bfd8a9a3e9334f89a07844eb15-610137271e291f41baa1332505d91f89-441a302f4ba3a6fcd6de54c28faf7ff5,Energean PLC,United Kingdom of Great Britain and Northern Ireland,https://s3.us-east-2.amazonaws.com/rp-20-sources/mandatory-disclosure-report-09d6ee1a5bdf9743e93aadb9302df945-795d41bfd8a9a3e9334f89a07844eb15-610137271e291f41baa1332505d91f89-441a302f4ba3a6fcd6de54c28faf7ff5,.zip,01-01-2019,12-31-2019,10-13-2020
6dc5911357f407ac9177aa72547126df,Calibre Mining Corporation,Canada,https://s3.us-east-2.amazonaws.com/rp-20-sources/mandatory-disclosure-report-6dc5911357f407ac9177aa72547126df,.pdf,01-01-2019,12-31-2019,07-03-2020
a1521c260c86dddba010c2275f6cd6a8-4d4c09882c6e95f6de742cf884b9e878-c8e29fab3610d4d6b988df12a3061595-538fe3cfaa60a186240f37c3bcc0b2b6,Ithaca Energy (UK) Limited,United Kingdom of Great Britain and Northern Ireland,https://s3.us-east-2.amazonaws.com/rp-20-sources/mandatory-disclosure-report-a1521c260c86dddba010c2275f6cd6a8-4d4c09882c6e95f6de742cf884b9e878-c8e29fab3610d4d6b988df12a3061595-538fe3cfaa60a186240f37c3bcc0b2b6,.zip,01-01-2019,12-31-2019,11-26-2020
0d8ccf07fd9c33e56a521ab1b3571c9d,Journey Energy Incorporated,Canada,https://s3.us-east-2.amazonaws.com/rp-20-sources/mandatory-disclosure-report-0d8ccf07fd9c33e56a521ab1b3571c9d,.pdf,01-01-2016,12-31-2016,05-29-2017
1d1c32c4060c817ffdbc960f2bb95cc1,Murphy Oil Company Limited,Canada,https://s3.us-east-2.amazonaws.com/rp-20-sources/mandatory-disclosure-report-1d1c32c4060c817ffdbc960f2bb95cc1,.pdf,01-01-2017,12-31-2017,05-24-2018
0fb1b2e2ca83509dd8dc4b0065501ce6,Cona Resources Limited,Canada,https://s3.us-east-2.amazonaws.com/rp-20-sources/mandatory-disclosure-report-0fb1b2e2ca83509dd8dc4b0065501ce6,.pdf,01-01-2019,12-31-2019,06-17-2020
51cb13f232d1c04f52476ed2067ffffb,Silver Bear Resources PLC,Canada,https://s3.us-east-2.amazonaws.com/rp-20-sources/mandatory-disclosure-report-51cb13f232d1c04f52476ed2067ffffb,.pdf,01-01-2019,12-31-2019,06-11-2020
a0db58b23d43f298be4302caaa53085e,TransAtlantic Petroleum Limited,Canada,https://s3.us-east-2.amazonaws.com/rp-20-sources/mandatory-disclosure-report-a0db58b23d43f298be4302caaa53085e,.pdf,01-01-2019,12-31-2019,05-29-2020
b4329e2a0eb280390a57704f086c9b53,ValOre Metals Corporation,Canada,https://s3.us-east-2.amazonaws.com/rp-20-sources/mandatory-disclosure-report-b4329e2a0eb280390a57704f086c9b53,.pdf,10-01-2018,09-30-2019,06-24-2020
83e2323719dcdc27dacd315cfb2a328c,PrairieSky Royalty Limited,Canada,https://s3.us-east-2.amazonaws.com/rp-20-sources/mandatory-disclosure-report-83e2323719dcdc27dacd315cfb2a328c,.pdf,01-01-2019,12-31-2019,05-22-2020
84444a9806edc2d508ea607cc6fdbc23,Mediterra Energy Corporation,Canada,https://s3.us-east-2.amazonaws.com/rp-20-sources/mandatory-disclosure-report-84444a9806edc2d508ea607cc6fdbc23,.pdf,01-01-2019,12-31-2019,05-28-2020
d080b13a8b6af40a6bf56e0bb153869a,PetroFrontier Corporation,Canada,https://s3.us-east-2.amazonaws.com/rp-20-sources/mandatory-disclosure-report-d080b13a8b6af40a6bf56e0bb153869a,.pdf,01-01-2019,12-31-2019,06-26-2020
16f1a4e9f923bffd13ede8ee0808c9a4,ATCO Limited,Canada,https://s3.us-east-2.amazonaws.com/rp-20-sources/mandatory-disclosure-report-16f1a4e9f923bffd13ede8ee0808c9a4,.pdf,01-01-2019,12-31-2019,08-12-2020
d7abdafaa4f90447a5beb48a076ed78d,Dominion Diamond Mines,Canada,https://s3.us-east-2.amazonaws.com/rp-20-sources/mandatory-disclosure-report-d7abdafaa4f90447a5beb48a076ed78d,.pdf,01-01-2019,12-31-2019,07-20-2020
25aac4cdfc351052e694b1721e5ad633,En+ Group,United Kingdom of Great Britain and Northern Ireland,https://s3.us-east-2.amazonaws.com/rp-20-sources/mandatory-disclosure-report-25aac4cdfc351052e694b1721e5ad633,.xml,01-01-2019,12-31-2019
3ae838e73a9308a216117d409dbfbbdf,Lynx Energy ULC,Canada,https://s3.us-east-2.amazonaws.com/rp-20-sources/mandatory-disclosure-report-3ae838e73a9308a216117d409dbfbbdf,.pdf,01-01-2018,12-31-2018,09-30-2020
e9c1e67377ae4979f025c118e2973dfe,Trevali Mining Corporation,Canada,https://s3.us-east-2.amazonaws.com/rp-20-sources/mandatory-disclosure-report-e9c1e67377ae4979f025c118e2973dfe,.pdf,01-01-2019,12-31-2019,05-20-2020
8c878a113e0b5f9b4c1680ed57741a05,Mirasol Resources Limited,Canada,https://s3.us-east-2.amazonaws.com/rp-20-sources/mandatory-disclosure-report-8c878a113e0b5f9b4c1680ed57741a05,.pdf,07-01-2016,06-30-2017,05-21-2020
83a2c71cfed0fb496891ed089527c5ae,Vinci S.A.,France,https://s3.us-east-2.amazonaws.com/rp-20-sources/mandatory-disclosure-report-83a2c71cfed0fb496891ed089527c5ae,.pdf,01-01-2019,12-31-2019,06-18-2020
c62c80e14865b930f517dc477e8e42ad,Osisko Metals Incorporated,Canada,https://s3.us-east-2.amazonaws.com/rp-20-sources/mandatory-disclosure-report-c62c80e14865b930f517dc477e8e42ad,.pdf,01-01-2019,12-31-2019,08-04-2020
372f3796e11826402cf9ccf0d28718d5,AbraPlata Resource Corporation,Canada,https://s3.us-east-2.amazonaws.com/rp-20-sources/mandatory-disclosure-report-372f3796e11826402cf9ccf0d28718d5,.pdf,01-01-2019,12-31-2019,08-25-2020
7a9a10adc8f20a0913d381acc38a3c42,IPC Canada Limited,Canada,https://s3.us-east-2.amazonaws.com/rp-20-sources/mandatory-disclosure-report-7a9a10adc8f20a0913d381acc38a3c42,.pdf,01-01-2019,12-31-2019,08-25-2020
0db81bea64a9c341a512ef8cfe8a74f2,Torxen Holdings Ltd.,Canada,https://s3.us-east-2.amazonaws.com/rp-20-sources/mandatory-disclosure-report-0db81bea64a9c341a512ef8cfe8a74f2,.pdf,01-01-2019,12-31-2019,08-31-2020
171047da3acbce9ad4676b3915ff1c46,Manulife Resources Limited,Canada,https://s3.us-east-2.amazonaws.com/rp-20-sources/mandatory-disclosure-report-171047da3acbce9ad4676b3915ff1c46,.pdf,01-01-2019,12-31-2019,09-16-2020
80a391ecaa8e318defee280d6397069e,Excellon Resources Incorporated,Canada,https://s3.us-east-2.amazonaws.com/rp-20-sources/mandatory-disclosure-report-80a391ecaa8e318defee280d6397069e,.pdf,01-01-2019,12-31-2019,09-25-2020
72f0157fb7abb73fc5a60d87c837f0bd,Rambler Metals and Mining Canada Limited,Canada,https://s3.us-east-2.amazonaws.com/rp-20-sources/mandatory-disclosure-report-72f0157fb7abb73fc5a60d87c837f0bd,.pdf,01-01-2017,12-31-2017,08-17-2018
d81e1d40f05c749a6b62c0579989474a,Lynx Energy ULC,Canada,https://s3.us-east-2.amazonaws.com/rp-20-sources/mandatory-disclosure-report-d81e1d40f05c749a6b62c0579989474a,.pdf,01-01-2019,12-31-2019,09-30-2020
f64645549a3a2611752c98c219c8e0eb,Troilus Gold Corporation,Canada,https://s3.us-east-2.amazonaws.com/rp-20-sources/mandatory-disclosure-report-f64645549a3a2611752c98c219c8e0eb,.pdf,08-01-2019,07-31-2020,11-14-2020
05c65dd26d92a387136d1530f1285a55,Northern Vertex Mining Corporation,Canada,https://s3.us-east-2.amazonaws.com/rp-20-sources/mandatory-disclosure-report-05c65dd26d92a387136d1530f1285a55,.pdf,07-01-2019,06-30-2020,11-27-2020
0eb8f5f37ecaa34a6a66789ef8db52fa,Zinc One Resources Incorporated,Canada,https://s3.us-east-2.amazonaws.com/rp-20-sources/mandatory-disclosure-report-0eb8f5f37ecaa34a6a66789ef8db52fa,.pdf,03-01-2019,02-29-2020,12-16-2020
47fcf1e7a4d299d22a11228122426524,ArcelorMittal S.A.,Luxembourg,https://s3.us-east-2.amazonaws.com/rp-20-sources/mandatory-disclosure-report-47fcf1e7a4d299d22a11228122426524,.pdf,01-01-2019,12-31-2019
a66e699a72276730bfe7007c43c7cd18,Salazar Resources Ltd.,Canada,https://s3.us-east-2.amazonaws.com/rp-20-sources/mandatory-disclosure-report-a66e699a72276730bfe7007c43c7cd18,.pdf,01-01-2019,12-31-2019,06-12-2020
2f04cb18c4d3adc6587eadf41f2327d2,Rifle Shot Oil Corporation,Canada,https://s3.us-east-2.amazonaws.com/rp-20-sources/mandatory-disclosure-report-2f04cb18c4d3adc6587eadf41f2327d2,.pdf,01-01-2019,12-31-2019,05-22-2020
7ea8d17695ade2c5be694260c1b26635,AbraPlata Resource Corporation,Canada,https://s3.us-east-2.amazonaws.com/rp-20-sources/mandatory-disclosure-report-7ea8d17695ade2c5be694260c1b26635,.pdf,01-01-2018,12-31-2018,08-25-2020
785b4b1bfe8101e6fef3c92269ddb41a,PJSC Polyus,United Kingdom of Great Britain and Northern Ireland,https://s3.us-east-2.amazonaws.com/rp-20-sources/mandatory-disclosure-report-785b4b1bfe8101e6fef3c92269ddb41a,.pdf,01-01-2018,12-31-2018
31b8cd40a7035799e62da42f3b794567,Cequence Energy Limited,Canada,https://s3.us-east-2.amazonaws.com/rp-20-sources/mandatory-disclosure-report-31b8cd40a7035799e62da42f3b794567,.pdf,01-01-2019,12-31-2019,09-24-2020
b5bfbffa781ee0d0f7b50fc6c667cbe2-7da87fa7400600ae96f3eeac0ef903f7-f3ac1da38bf6286cfe387ddd68beb9db-e51ecbffcb0599058099311725dc70e3,Trans-Siberian Gold plc,United Kingdom of Great Britain and Northern Ireland,https://s3.us-east-2.amazonaws.com/rp-20-sources/mandatory-disclosure-report-b5bfbffa781ee0d0f7b50fc6c667cbe2-7da87fa7400600ae96f3eeac0ef903f7-f3ac1da38bf6286cfe387ddd68beb9db-e51ecbffcb0599058099311725dc70e3,.zip,01-01-2019,12-31-2019,11-19-2020
55e7a98d38c0022778b41b2f9335f9e6,Teine Energy Limited,Canada,https://s3.us-east-2.amazonaws.com/rp-20-sources/mandatory-disclosure-report-55e7a98d38c0022778b41b2f9335f9e6,.pdf,01-01-2019,12-31-2019,03-10-2020
e97c213f3ffd7ca57a4616dd86fb22fe,Alamos Gold Incorporated,Canada,https://s3.us-east-2.amazonaws.com/rp-20-sources/mandatory-disclosure-report-e97c213f3ffd7ca57a4616dd86fb22fe,.pdf,01-01-2019,12-31-2019,05-29-2020
0aac950d42394a28111318e2d8677f0a,NorZinc Limited,Canada,https://s3.us-east-2.amazonaws.com/rp-20-sources/mandatory-disclosure-report-0aac950d42394a28111318e2d8677f0a,.pdf,01-01-2019,12-31-2019,06-24-2020
712410fa7bfe1b97b7f4f26f66f016d8,Gabriel Resources Limited,Canada,https://s3.us-east-2.amazonaws.com/rp-20-sources/mandatory-disclosure-report-712410fa7bfe1b97b7f4f26f66f016d8,.pdf,01-01-2019,12-31-2019,06-23-2020
651b8c55319b81d58f91c42ba4a9932d,Leagold Mining Corporation,Canada,https://s3.us-east-2.amazonaws.com/rp-20-sources/mandatory-disclosure-report-651b8c55319b81d58f91c42ba4a9932d,.pdf,01-01-2019,12-31-2019,06-04-2020
bc92cd71295af1d0a32accf86d81c005,Avidian Gold Corporation,Canada,https://s3.us-east-2.amazonaws.com/rp-20-sources/mandatory-disclosure-report-bc92cd71295af1d0a32accf86d81c005,.pdf,07-01-2019,06-30-2020,08-28-2020
9976961d1c68dba883931ad4eaeb190d,Knelsen Sand and Gravel Ltd.,Canada,https://s3.us-east-2.amazonaws.com/rp-20-sources/mandatory-disclosure-report-9976961d1c68dba883931ad4eaeb190d,.xlsx,01-01-2019,12-31-2019,04-06-2020
1fc6105de1909def682abefc014fbbe0,New Gold Incorporated,Canada,https://s3.us-east-2.amazonaws.com/rp-20-sources/mandatory-disclosure-report-1fc6105de1909def682abefc014fbbe0,.xlsx,03-01-2019,02-29-2020,09-02-2020
09ab96b1ccadb2b89e480cb0c96cb321,Cardinal Energy Limited,Canada,https://s3.us-east-2.amazonaws.com/rp-20-sources/mandatory-disclosure-report-09ab96b1ccadb2b89e480cb0c96cb321,.pdf,01-01-2019,12-31-2019,09-17-2020
e709a93ccfbe33308f79fa6962574369,Agnico Eagle Mines Limited,Canada,https://s3.us-east-2.amazonaws.com/rp-20-sources/mandatory-disclosure-report-e709a93ccfbe33308f79fa6962574369,.pdf,01-01-2019,12-31-2019,09-23-2020
4e01a02ae2d4e52aef8cb6f8fd004623,Canlin Energy Corporation,Canada,https://s3.us-east-2.amazonaws.com/rp-20-sources/mandatory-disclosure-report-4e01a02ae2d4e52aef8cb6f8fd004623,.pdf,01-01-2019,12-31-2019,09-28-2020
925db157f03b05fbc9219d0853b598ff,Nevada Copper Corporation,Canada,https://s3.us-east-2.amazonaws.com/rp-20-sources/mandatory-disclosure-report-925db157f03b05fbc9219d0853b598ff,.pdf,01-01-2019,12-31-2019,09-30-2020
16dd4a7575a0a10d12246cd04150fb3c,Greenfields Petroleum Corporation,Canada,https://s3.us-east-2.amazonaws.com/rp-20-sources/mandatory-disclosure-report-16dd4a7575a0a10d12246cd04150fb3c,.pdf,01-01-2019,12-31-2019,10-01-2020
cef090abbaa1a26be92a84c3ab50c201,Minera IRL Limited,Canada,https://s3.us-east-2.amazonaws.com/rp-20-sources/mandatory-disclosure-report-cef090abbaa1a26be92a84c3ab50c201,.pdf,01-01-2019,12-31-2019,10-08-2020
ab36940af207d8e13af3794f82ce36b6,Revival Gold Incorporated,Canada,https://s3.us-east-2.amazonaws.com/rp-20-sources/mandatory-disclosure-report-ab36940af207d8e13af3794f82ce36b6,.pdf,07-01-2019,06-30-2020,10-26-2020
89710fb26dde3e81556e8346bbd09416,Progress Sasol Montney Partnership,Canada,https://s3.us-east-2.amazonaws.com/rp-20-sources/mandatory-disclosure-report-89710fb26dde3e81556e8346bbd09416,.pdf,07-01-2019,06-30-2020,11-24-2020
e7c34a27d899f677ac889a3a9de5cfec,SEMAFO Incorporated,Canada,https://s3.us-east-2.amazonaws.com/rp-20-sources/mandatory-disclosure-report-e7c34a27d899f677ac889a3a9de5cfec,.pdf,01-01-2016,12-31-2016,05-29-2017
1b809d4ccb9eaf87a6dccc0b1f273ab0-1a94694544ceaddebcd9e4555bc802ae-ffaf5b7775908f28bd50e5647e15f5f5-9b718561f57da7577503e555aede848f,Equion Energia Limited,United Kingdom of Great Britain and Northern Ireland,https://s3.us-east-2.amazonaws.com/rp-20-sources/mandatory-disclosure-report-1b809d4ccb9eaf87a6dccc0b1f273ab0-1a94694544ceaddebcd9e4555bc802ae-ffaf5b7775908f28bd50e5647e15f5f5-9b718561f57da7577503e555aede848f,.zip,01-01-2019,12-31-2019,06-26-2020
0bde0b82d3e158ce60ba7fedeabcb28c,Petrofac Limited,United Kingdom of Great Britain and Northern Ireland,https://s3.us-east-2.amazonaws.com/rp-20-sources/mandatory-disclosure-report-0bde0b82d3e158ce60ba7fedeabcb28c,.html,01-01-2019,12-31-2019,06-26-2020
9cc541bf54806dceb48f5638be21d17c,PJSC Lukoil Oil Company,United Kingdom of Great Britain and Northern Ireland,https://s3.us-east-2.amazonaws.com/rp-20-sources/mandatory-disclosure-report-9cc541bf54806dceb48f5638be21d17c,.html,01-01-2019,12-31-2019,06-26-2020
ad0e04de7b46e9fd41e5450601ecc647,Baytex Energy Corporation,Canada,https://s3.us-east-2.amazonaws.com/rp-20-sources/mandatory-disclosure-report-ad0e04de7b46e9fd41e5450601ecc647,.pdf,01-01-2019,12-31-2019,06-03-2020
5cda01dd91214d0bf1f956bb372cb154,Bonterra Resources Incorporated,Canada,https://s3.us-east-2.amazonaws.com/rp-20-sources/mandatory-disclosure-report-5cda01dd91214d0bf1f956bb372cb154,.pdf,06-01-2019,12-31-2019,07-03-2020
f564b4cebd7bd48aee15283553292813,1911 Gold Corporation,Canada,https://s3.us-east-2.amazonaws.com/rp-20-sources/mandatory-disclosure-report-f564b4cebd7bd48aee15283553292813,.pdf,01-01-2019,12-31-2019,07-02-2020
aeb72b7e2256422e06061aba927b4cd6,North American Palladium Limited,Canada,https://s3.us-east-2.amazonaws.com/rp-20-sources/mandatory-disclosure-report-aeb72b7e2256422e06061aba927b4cd6,.pdf,01-01-2019,12-31-2019,08-13-2020
7e2632d36bac03d1bea3b992197bb0af,Jardine Matheson Holdings Limited,United Kingdom of Great Britain and Northern Ireland,https://s3.us-east-2.amazonaws.com/rp-20-sources/mandatory-disclosure-report-7e2632d36bac03d1bea3b992197bb0af,.xml,01-01-2019,12-31-2019
fefcd5042aa3d337cb0a332d5994e728,Vesta Energy Corporation,Canada,https://s3.us-east-2.amazonaws.com/rp-20-sources/mandatory-disclosure-report-fefcd5042aa3d337cb0a332d5994e728,.pdf,01-01-2019,12-31-2019,09-17-2020
bfacbbff894420dc7b53ca14af6a42f8,Gold Standard Ventures Corporation,Canada,https://s3.us-east-2.amazonaws.com/rp-20-sources/mandatory-disclosure-report-bfacbbff894420dc7b53ca14af6a42f8,.pdf,01-01-2019,12-31-2019,09-20-2020
4535c3fef1a7536b9b413254fb151525,Cordoba Minerals Corporation,Canada,https://s3.us-east-2.amazonaws.com/rp-20-sources/mandatory-disclosure-report-4535c3fef1a7536b9b413254fb151525,.pdf,01-01-2019,12-31-2019,09-23-2020
1199801928a70d565b4547e7cdb09817-4bbcf270aa9b53aa1a7e65e42a41320f-d9118229871542fc30148469dd09302b-7155bedfcea30ec6812116861ea6019f,Perenco UK Limited,United Kingdom of Great Britain and Northern Ireland,https://s3.us-east-2.amazonaws.com/rp-20-sources/mandatory-disclosure-report-1199801928a70d565b4547e7cdb09817-4bbcf270aa9b53aa1a7e65e42a41320f-d9118229871542fc30148469dd09302b-7155bedfcea30ec6812116861ea6019f,.zip,01-01-2019,12-31-2019,10-01-2020
150522b4a00b6a5b3eb0b5bf35ac699b,Great Panther Mining Limited,Canada,https://s3.us-east-2.amazonaws.com/rp-20-sources/mandatory-disclosure-report-150522b4a00b6a5b3eb0b5bf35ac699b,.pdf,01-01-2019,12-31-2019,09-30-2020
f3f3174e8256a2615bdb0ed2c905536f,Freehold Royalties Limited,Canada,https://s3.us-east-2.amazonaws.com/rp-20-sources/mandatory-disclosure-report-f3f3174e8256a2615bdb0ed2c905536f,.pdf,01-01-2019,12-31-2019,05-28-2020
3d6bda334a22078c8d5d5c3e895212e2,OceanaGold Corporation,Canada,https://s3.us-east-2.amazonaws.com/rp-20-sources/mandatory-disclosure-report-3d6bda334a22078c8d5d5c3e895212e2,.pdf,01-01-2019,12-31-2019,09-02-2020
893f9bc612e908be50ca5db39e73b154-a5a3b139bd3812c4bd02f583dc3d44ac-9334fd5e141167c53824350dc41cd558-2294a31293713c9050b4a96d130f3b3d,Ferrexpo Plc,United Kingdom of Great Britain and Northern Ireland,https://s3.us-east-2.amazonaws.com/rp-20-sources/mandatory-disclosure-report-893f9bc612e908be50ca5db39e73b154-a5a3b139bd3812c4bd02f583dc3d44ac-9334fd5e141167c53824350dc41cd558-2294a31293713c9050b4a96d130f3b3d,.zip,01-01-2019,12-31-2019,06-29-2020
6730b3b92150872b14919e5fe269e31a,Orano Canada Incorporated,Canada,https://s3.us-east-2.amazonaws.com/rp-20-sources/mandatory-disclosure-report-6730b3b92150872b14919e5fe269e31a,.pdf,01-01-2019,12-31-2019
4ab9ef81fd28a6324a95c8bda2f507ba,NexGen Energy Limited,Canada,https://s3.us-east-2.amazonaws.com/rp-20-sources/mandatory-disclosure-report-4ab9ef81fd28a6324a95c8bda2f507ba,.pdf,01-01-2019,12-31-2019,06-12-2020
bcca2a8ec9f749efb78a169b20792580,Partex Holding B.V.,Portugal,https://s3.us-east-2.amazonaws.com/rp-20-sources/mandatory-disclosure-report-bcca2a8ec9f749efb78a169b20792580,.pdf,01-01-2018,12-31-2018,04-15-2019
d65b716809140229ed5bce6fb8670ae0,Loncor Resources Incorporated,Canada,https://s3.us-east-2.amazonaws.com/rp-20-sources/mandatory-disclosure-report-d65b716809140229ed5bce6fb8670ae0,.pdf,01-01-2019,12-31-2019,06-22-2020
d709a6f2f5e67bbad9442b8aaaf0c920,Mirasol Resources Limited,Canada,https://s3.us-east-2.amazonaws.com/rp-20-sources/mandatory-disclosure-report-d709a6f2f5e67bbad9442b8aaaf0c920,.pdf,07-01-2018,06-30-2019,05-06-2020
e65ff313e3a83f853ecf831d0d51cd5d,Lucara Diamond Corporation,Canada,https://s3.us-east-2.amazonaws.com/rp-20-sources/mandatory-disclosure-report-e65ff313e3a83f853ecf831d0d51cd5d,.pdf,01-01-2019,12-31-2019,07-30-2020
bffef608f1d2fc8798a8c17e5350710a,AbraPlata Resource Corporation,Canada,https://s3.us-east-2.amazonaws.com/rp-20-sources/mandatory-disclosure-report-bffef608f1d2fc8798a8c17e5350710a,.pdf,01-01-2017,12-31-2017,08-24-2020
598e17eccda1953d54e195cb849bc947,Coeur Silvertip Holdings Limited,Canada,https://s3.us-east-2.amazonaws.com/rp-20-sources/mandatory-disclosure-report-598e17eccda1953d54e195cb849bc947,.pdf,01-01-2019,12-31-2019,08-27-2020
7c9af3ea5592491d383cb69bea165860,Mosaic Esterhazy Holdings ULC,Canada,https://s3.us-east-2.amazonaws.com/rp-20-sources/mandatory-disclosure-report-7c9af3ea5592491d383cb69bea165860,.xlsx,01-01-2019,12-31-2019,08-06-2020
f3933d6a3a20285893145a72d0e460a5,Var Energi,Norway,https://s3.us-east-2.amazonaws.com/rp-20-sources/mandatory-disclosure-report-f3933d6a3a20285893145a72d0e460a5,.pdf,01-01-2019,12-31-2019,03-24-2020
fe2ae00c203958e36899d6dc138c4941,Insignia Energy Ltd.,Canada,https://s3.us-east-2.amazonaws.com/rp-20-sources/mandatory-disclosure-report-fe2ae00c203958e36899d6dc138c4941,.pdf,01-01-2019,12-31-2019,09-25-2020
1f7513b4af7067395d4b46dc48281a94,Meridian Mining SE,Canada,https://s3.us-east-2.amazonaws.com/rp-20-sources/mandatory-disclosure-report-1f7513b4af7067395d4b46dc48281a94,.pdf,01-01-2018,12-31-2018,09-29-2020
a501514d8831ae0091d93f553083cc21,Razor Energy Corporation,Canada,https://s3.us-east-2.amazonaws.com/rp-20-sources/mandatory-disclosure-report-a501514d8831ae0091d93f553083cc21,.pdf,01-01-2019,12-31-2019,10-06-2020
96a46aa0ce2c700a451a071715e64235,Orosur Mining Incorporated,Canada,https://s3.us-east-2.amazonaws.com/rp-20-sources/mandatory-disclosure-report-96a46aa0ce2c700a451a071715e64235,.pdf,06-01-2018,05-31-2019,12-02-2020
8ddec6fbd97e55e43c219017c6a6f801,CGX Energy Incorporated,Canada,https://s3.us-east-2.amazonaws.com/rp-20-sources/mandatory-disclosure-report-8ddec6fbd97e55e43c219017c6a6f801,.pdf,01-01-2018,12-31-2018,04-24-2019
a766472ba28f9c69d2c12a8a829efa09,Polymetal International plc,United Kingdom of Great Britain and Northern Ireland,https://s3.us-east-2.amazonaws.com/rp-20-sources/mandatory-disclosure-report-a766472ba28f9c69d2c12a8a829efa09,.pdf,01-01-2019,12-31-2019,06-15-2020
52e151d443fcc174f3780ee17a686970-8898141308d9c25b129fa65daaaf7925-a7be6f177cc6115a3c469b39585ef2e6-56881c9a6d2ba008c9fd1c4acefdf473,Antofagasta PLC,United Kingdom of Great Britain and Northern Ireland,https://s3.us-east-2.amazonaws.com/rp-20-sources/mandatory-disclosure-report-52e151d443fcc174f3780ee17a686970-8898141308d9c25b129fa65daaaf7925-a7be6f177cc6115a3c469b39585ef2e6-56881c9a6d2ba008c9fd1c4acefdf473,.zip,01-01-2019,12-31-2019,06-30-2020
6b5cd0fd6afaa368ee7a989ade0a3905,Sherritt International Corporation,Canada,https://s3.us-east-2.amazonaws.com/rp-20-sources/mandatory-disclosure-report-6b5cd0fd6afaa368ee7a989ade0a3905,.pdf,01-01-2019,12-31-2019,06-04-2020
38b1fa0f66c17e7dace2e0ee8bf30518,Rising Star Resources Limited,Canada,https://s3.us-east-2.amazonaws.com/rp-20-sources/mandatory-disclosure-report-38b1fa0f66c17e7dace2e0ee8bf30518,.pdf,01-01-2019,12-31-2019,06-23-2020
f45bd45b55aff3b5910a21fd8d4c2dce,AP2K Holdings Ltd.,Canada,https://s3.us-east-2.amazonaws.com/rp-20-sources/mandatory-disclosure-report-f45bd45b55aff3b5910a21fd8d4c2dce,.pdf,09-30-2019,12-31-2019,05-29-2020
ccaabc6fadd63b6bac3a6f3906c1dfbd,Tmac Resources Incorporated,Canada,https://s3.us-east-2.amazonaws.com/rp-20-sources/mandatory-disclosure-report-ccaabc6fadd63b6bac3a6f3906c1dfbd,.pdf,01-01-2019,12-31-2019,08-11-2020
649ff1a80e1cdce8b20fc0ed90883131-ad4979cc4b354662fa53fbab4b6baaa2-ce59b0d5c6a19aa7e2f336226ccac0cd-b71a1557b098ab070b8527ff12adc76c,CNOOC Limited,United Kingdom of Great Britain and Northern Ireland,https://s3.us-east-2.amazonaws.com/rp-20-sources/mandatory-disclosure-report649ff1a80e1cdce8b20fc0ed90883131-ad4979cc4b354662fa53fbab4b6baaa2-ce59b0d5c6a19aa7e2f336226ccac0cd-b71a1557b098ab070b8527ff12adc76c,.zip,01-01-2015,12-31-2015,01-10-2017
a44e424be25ef6f8f940cbb8c0ca932c,Ridgeback Resources Incorporated,Canada,https://s3.us-east-2.amazonaws.com/rp-20-sources/mandatory-disclosure-report-a44e424be25ef6f8f940cbb8c0ca932c,.pdf,01-01-2019,12-31-2019,08-20-2020
101dcf3b16dbe01351b281e251254999,OMV Petrom S.A.,Romania,https://s3.us-east-2.amazonaws.com/rp-20-sources/mandatory-disclosure-report-101dcf3b16dbe01351b281e251254999,.pdf,01-01-2019,12-31-2019
d2fea20cf151696937a7595860c7a85a,Centamin plc,United Kingdom of Great Britain and Northern Ireland,https://s3.us-east-2.amazonaws.com/rp-20-sources/mandatory-disclosure-report-d2fea20cf151696937a7595860c7a85a,.xml,01-01-2019,12-31-2019
a1e610592ae6d1b44947a5d99165ec03,Novolipetsk Steel,United Kingdom of Great Britain and Northern Ireland,https://s3.us-east-2.amazonaws.com/rp-20-sources/mandatory-disclosure-report-a1e610592ae6d1b44947a5d99165ec03,.xml,01-01-2019,12-31-2019
0258bf101f22dddac4bbeaf17acc4429,Kaisen Energy Corporation,Canada,https://s3.us-east-2.amazonaws.com/rp-20-sources/mandatory-disclosure-report-0258bf101f22dddac4bbeaf17acc4429,.pdf,01-01-2019,12-31-2019,06-30-2020
1fa51dd5ebf9335c5f963424afd6b34d,Kaizen Discovery Incorporated,Canada,https://s3.us-east-2.amazonaws.com/rp-20-sources/mandatory-disclosure-report-1fa51dd5ebf9335c5f963424afd6b34d,.pdf,01-01-2019,12-31-2019,09-23-2020
a7c4014473c0d64f24647c482b60ce52-f236f89477050939c7a8860eb680f7de-de517213d00fb24edd2d3ec7b1c32ff3-f3fe25d7a97ab08288bef853797ab12d,Dana Petroleum Limited,United Kingdom of Great Britain and Northern Ireland,https://s3.us-east-2.amazonaws.com/rp-20-sources/mandatory-disclosure-report-a7c4014473c0d64f24647c482b60ce52-f236f89477050939c7a8860eb680f7de-de517213d00fb24edd2d3ec7b1c32ff3-f3fe25d7a97ab08288bef853797ab12d,.zip,01-01-2019,12-31-2019,11-25-2020
c46a4754bff4ff46c5edd634bda53256,Eastmain Resources Incorporated,Canada,https://s3.us-east-2.amazonaws.com/rp-20-sources/mandatory-disclosure-report-c46a4754bff4ff46c5edd634bda53256,.pdf,11-01-2018,10-31-2019,03-20-2020
1bbccec849e60111ebe2cc4f5a77589d,Eramet S.A.,France,https://s3.us-east-2.amazonaws.com/rp-20-sources/mandatory-disclosure-report-1bbccec849e60111ebe2cc4f5a77589d,.pdf,01-01-2019,12-31-2019,05-26-2020
406021a685598a5a44fd414d5af50b22,Pretium Resources Incorporated,Canada,https://s3.us-east-2.amazonaws.com/rp-20-sources/mandatory-disclosure-report-406021a685598a5a44fd414d5af50b22,.pdf,01-01-2019,12-31-2019,05-26-2020
e8c6dbb44b64f059b2c135234e7a493a,Serinus Energy Incorporated,Poland,https://s3.us-east-2.amazonaws.com/rp-20-sources/mandatory-disclosure-report-e8c6dbb44b64f059b2c135234e7a493a,.pdf,01-01-2019,12-31-2019,05-29-2020
e55348c4456c14f616063d39b700eb62,Headwater Exploration Inc.,Canada,https://s3.us-east-2.amazonaws.com/rp-20-sources/mandatory-disclosure-report-e55348c4456c14f616063d39b700eb62,.pdf,01-01-2017,12-31-2017,08-12-2020
eab73790d5fa4321b74574afd8ad028d,Conuma Coal Resources Limited,Canada,https://s3.us-east-2.amazonaws.com/rp-20-sources/mandatory-disclosure-report-eab73790d5fa4321b74574afd8ad028d,.pdf,01-01-2019,12-31-2019,08-20-2020
d6feac860b35c585cbd60c18ebda2b4b,HudBay Minerals Incorporated,Canada,https://s3.us-east-2.amazonaws.com/rp-20-sources/mandatory-disclosure-report-d6feac860b35c585cbd60c18ebda2b4b,.pdf,01-01-2019,12-31-2019,09-10-2020
1153b736c224e7a789bf04f754dbbc9a,Corex Resources Limited,Canada,https://s3.us-east-2.amazonaws.com/rp-20-sources/mandatory-disclosure-report-1153b736c224e7a789bf04f754dbbc9a,.pdf,01-01-2019,12-31-2019,08-26-2020
25a465093e64c20a8e38afd946a5b013,Graymont Limited,Canada,https://s3.us-east-2.amazonaws.com/rp-20-sources/mandatory-disclosure-report-25a465093e64c20a8e38afd946a5b013,.pdf,01-01-2019,12-31-2019,08-10-2020
600899318ff78bf9099442e4e3e00f4f,Magnitogorsk Iron and Steel Works PJSC,United Kingdom of Great Britain and Northern Ireland,https://s3.us-east-2.amazonaws.com/rp-20-sources/mandatory-disclosure-report-600899318ff78bf9099442e4e3e00f4f,.pdf,01-01-2019,12-31-2019
09c389347c5ce927b6bbcbf46ae7ec8b-6b4b42ac48c74dafe377dfce74cdda40-24331d29e6b5f29b277ad4d9b7e8f749-390cbe47b64329560701b78d3f14234b,Perenco Overseas Holdings Limited,United Kingdom of Great Britain and Northern Ireland,https://s3.us-east-2.amazonaws.com/rp-20-sources/mandatory-disclosure-report-09c389347c5ce927b6bbcbf46ae7ec8b-6b4b42ac48c74dafe377dfce74cdda40-24331d29e6b5f29b277ad4d9b7e8f749-390cbe47b64329560701b78d3f14234b,.zip,01-01-2019,12-31-2019,09-29-2020
f4e7941b5f79a516078d2d24d5f5d92d,PetroChina Canada,Canada,https://s3.us-east-2.amazonaws.com/rp-20-sources/mandatory-disclosure-report-f4e7941b5f79a516078d2d24d5f5d92d,.pdf,01-01-2019,12-31-2019,09-24-2020
ea0a31944e67da3a3c38158f8c142b6c,Harvest Operations Corporation,Canada,https://s3.us-east-2.amazonaws.com/rp-20-sources/mandatory-disclosure-report-ea0a31944e67da3a3c38158f8c142b6c,.pdf,01-01-2019,12-31-2019,09-25-2020
63b72d05341cef0c5ec1e04eb7e1685c,Lynx Energy ULC,Canada,https://s3.us-east-2.amazonaws.com/rp-20-sources/mandatory-disclosure-report-63b72d05341cef0c5ec1e04eb7e1685c,.pdf,01-01-2017,12-31-2017,10-01-2020
91f69573d57bc374a078377107449f90,Aranjin Resources Limited,Canada,https://s3.us-east-2.amazonaws.com/rp-20-sources/mandatory-disclosure-report-91f69573d57bc374a078377107449f90,.pdf,01-01-2017,12-31-2017,10-02-2020
c2d011aaaa862a42a069bfb206b997df,Murphy Oil Company Limited,Canada,https://s3.us-east-2.amazonaws.com/rp-20-sources/mandatory-disclosure-report-c2d011aaaa862a42a069bfb206b997df,.pdf,01-01-2016,12-31-2016,05-17-2017
f57f7f3ae0c694afa3e60d48ff28f7f7,Barrick Gold Corporation,Canada,https://s3.us-east-2.amazonaws.com/rp-20-sources/mandatory-disclosure-report-f57f7f3ae0c694afa3e60d48ff28f7f7,.pdf,01-01-2019,12-31-2019,06-05-2020
0396c34eb0e621d942048486f4f3b11a,Bluestone Resources Inc.,Canada,https://s3.us-east-2.amazonaws.com/rp-20-sources/mandatory-disclosure-report-0396c34eb0e621d942048486f4f3b11a,.pdf,01-01-2019,12-31-2019,05-28-2020
3668fff27879a96dd9eb3327721f3219,Chevron Canada Limited,Canada,https://s3.us-east-2.amazonaws.com/rp-20-sources/mandatory-disclosure-report-3668fff27879a96dd9eb3327721f3219,.pdf,01-01-2019,12-31-2019,06-09-2020
54e537ae2829444bea8665707ee7cf86,Tundra Oil and Gas Limited,Canada,https://s3.us-east-2.amazonaws.com/rp-20-sources/mandatory-disclosure-report-54e537ae2829444bea8665707ee7cf86,.pdf,01-01-2019,12-31-2019,06-09-2020
ebd6acb9613105c974932d16f44c00e7,Tatneft,United Kingdom of Great Britain and Northern Ireland,https://s3.us-east-2.amazonaws.com/rp-20-sources/mandatory-disclosure-report-ebd6acb9613105c974932d16f44c00e7,.pdf,01-01-2019,12-31-2019
4313db2d013545defaef9c04c0c73ae2,Canamax Energy Limited,Canada,https://s3.us-east-2.amazonaws.com/rp-20-sources/mandatory-disclosure-report-4313db2d013545defaef9c04c0c73ae2,.pdf,01-01-2019,12-31-2019,06-30-2020
8895e5c9761962df09eea7263f2269cc,Group Eleven Resources Corporation,Canada,https://s3.us-east-2.amazonaws.com/rp-20-sources/mandatory-disclosure-report-8895e5c9761962df09eea7263f2269cc,.pdf,01-01-2019,12-31-2019,06-30-2020
ed183e0f82d7858e47bb3f79e6e511fa,Amerigo Resources Limited,Canada,https://s3.us-east-2.amazonaws.com/rp-20-sources/mandatory-disclosure-report-ed183e0f82d7858e47bb3f79e6e511fa,.pdf,01-01-2019,12-31-2019,06-30-2020
9550653c79e74896c60111f7f37e75c0,Perpetual Energy Incorporated,Canada,https://s3.us-east-2.amazonaws.com/rp-20-sources/mandatory-disclosure-report-9550653c79e74896c60111f7f37e75c0,.pdf,01-01-2018,12-31-2018,07-02-2020
c83fa00f922e352d6bc79e2f82ce450e,Nalcor Energy,Canada,https://s3.us-east-2.amazonaws.com/rp-20-sources/mandatory-disclosure-report-c83fa00f922e352d6bc79e2f82ce450e,.pdf,01-01-2018,12-31-2018,07-10-2020
31ce1aefbf1ce0de45c62114a7d0703f,Vallourec,France,https://s3.us-east-2.amazonaws.com/rp-20-sources/mandatory-disclosure-report-31ce1aefbf1ce0de45c62114a7d0703f,.pdf,01-01-2019,12-31-2019
2be9d5dc7ea05958c0dd058b9497791f,PAO Novatek,United Kingdom of Great Britain and Northern Ireland,https://s3.us-east-2.amazonaws.com/rp-20-sources/mandatory-disclosure-report-2be9d5dc7ea05958c0dd058b9497791f,.xml,01-01-2019,12-31-2019
362cf868aae48ac8542c21e7842e3c3a,North 40 Resources Limited,Canada,https://s3.us-east-2.amazonaws.com/rp-20-sources/mandatory-disclosure-report-362cf868aae48ac8542c21e7842e3c3a,.xlsx,01-01-2019,12-31-2019,06-22-2020
740ed4b9e28821f58f9dd7084b766904,Canadian Natural Resources Limited,Canada,https://s3.us-east-2.amazonaws.com/rp-20-sources/mandatory-disclosure-report-740ed4b9e28821f58f9dd7084b766904,.pdf,01-01-2019,12-31-2019,09-21-2020
aef5272d437f032d4614366e94c930b8,Ernst Scherer Baustoffe GmbH & Co. KG,Germany,https://s3.us-east-2.amazonaws.com/rp-20-sources/mandatory-disclosure-report-aef5272d437f032d4614366e94c930b8,.html,01-01-2018,12-31-2018,01-20-2020
2bf5d98963775beadca150a4fa765571,Eni S.p.A.,Italy,https://s3.us-east-2.amazonaws.com/rp-20-sources/mandatory-disclosure-report-2bf5d98963775beadca150a4fa765571,.pdf,01-01-2019,12-31-2019,06-24-2020
440b6c56da818f4cc67050d85142c5f0,Almaden Minerals Limited,Canada,https://s3.us-east-2.amazonaws.com/rp-20-sources/mandatory-disclosure-report-440b6c56da818f4cc67050d85142c5f0,.pdf,01-01-2019,12-31-2019,06-08-2020
d22a75aa06b25a4ae1d42a87b35e357f-33b288c7a143d374ba3b7f305fd272b5-08585dbd78386a6e46f437e82fb8567d-f21c9a8f9cd36c052b30017a1c14e8fd,Perenco (Oil & Gas) International Limited,United Kingdom of Great Britain and Northern Ireland,https://s3.us-east-2.amazonaws.com/rp-20-sources/mandatory-disclosure-report-d22a75aa06b25a4ae1d42a87b35e357f-33b288c7a143d374ba3b7f305fd272b5-08585dbd78386a6e46f437e82fb8567d-f21c9a8f9cd36c052b30017a1c14e8fd,.zip,01-01-2019,12-31-2019,09-29-2020
02a7bca59948ab4a2e3940668ed29104,Rife Resources Limited,Canada,https://s3.us-east-2.amazonaws.com/rp-20-sources/mandatory-disclosure-report-02a7bca59948ab4a2e3940668ed29104,.pdf,01-01-2019,12-31-2019,03-11-2020
411ccfc3bc12c38a1e8847c51fcf652a,Pinecrest Resources Limited,Canada,https://s3.us-east-2.amazonaws.com/rp-20-sources/mandatory-disclosure-report-411ccfc3bc12c38a1e8847c51fcf652a,.pdf,01-01-2016,12-31-2016,09-05-2017
cab68efe4754272d453bb4ed5628c5de,CGX Energy Incorporated,Canada,https://s3.us-east-2.amazonaws.com/rp-20-sources/mandatory-disclosure-report-cab68efe4754272d453bb4ed5628c5de,.pdf,01-01-2017,12-31-2017,04-06-2018
3dc51e3ac167af52ee41d6c682415c99,Orezone Gold Corporation,Canada,https://s3.us-east-2.amazonaws.com/rp-20-sources/mandatory-disclosure-report-3dc51e3ac167af52ee41d6c682415c99,.pdf,01-01-2018,12-31-2018,05-30-2019
c36ee303b4d604dce30428012069b20f-db0eb044e213c90a6ce9d0427c25257e-5f15089b642eaeb353631b1032182610-fd331cda5b3bca7fa14e3a0695e4e3ae,EnQuest plc,United Kingdom of Great Britain and Northern Ireland,https://s3.us-east-2.amazonaws.com/rp-20-sources/mandatory-disclosure-report-c36ee303b4d604dce30428012069b20f-db0eb044e213c90a6ce9d0427c25257e-5f15089b642eaeb353631b1032182610-fd331cda5b3bca7fa14e3a0695e4e3ae,.zip,01-01-2019,12-31-2019,06-29-2020
5cbacf4846718ae98cd5334ecf94a3ca,Cornwall Gravel Company Limited,Canada,https://s3.us-east-2.amazonaws.com/rp-20-sources/mandatory-disclosure-report-5cbacf4846718ae98cd5334ecf94a3ca,.pdf,01-01-2019,12-31-2019,06-03-2020
edd6c81c277d0b67b53f66b99f5dc991,Freegold Ventures Limited,Canada,https://s3.us-east-2.amazonaws.com/rp-20-sources/mandatory-disclosure-report-edd6c81c277d0b67b53f66b99f5dc991,.pdf,01-01-2019,12-31-2019,06-26-2020
722de798eebe94965f7868d4d190a56d,Equinox Gold Corporation,Canada,https://s3.us-east-2.amazonaws.com/rp-20-sources/mandatory-disclosure-report-722de798eebe94965f7868d4d190a56d,.pdf,01-01-2019,12-31-2019,06-04-2020
b0d2e97711e161c9a95615c9debc4df9,TAG Oil Limited,Canada,https://s3.us-east-2.amazonaws.com/rp-20-sources/mandatory-disclosure-report-b0d2e97711e161c9a95615c9debc4df9,.pdf,04-01-2019,03-31-2020,08-20-2020
fa295fdbaa6f0b0906052bc851d5ba3e,Continental Gold Incorporated,Canada,https://s3.us-east-2.amazonaws.com/rp-20-sources/mandatory-disclosure-report-fa295fdbaa6f0b0906052bc851d5ba3e,.pdf,01-01-2019,12-31-2019,08-10-2020
24aa409f8284c597b808e660eea93d2e,Connacher Oil and Gas Limited,Canada,https://s3.us-east-2.amazonaws.com/rp-20-sources/mandatory-disclosure-report-24aa409f8284c597b808e660eea93d2e,.pdf,01-01-2019,12-31-2019,09-16-2020
653ad065da7e8d2fd6f56ccf7d859041,Rincon Limited,Canada,https://s3.us-east-2.amazonaws.com/rp-20-sources/mandatory-disclosure-report-653ad065da7e8d2fd6f56ccf7d859041,.pdf,01-01-2019,12-31-2019,09-14-2020
7899574c9d1e94ab5078cb982e534132,Enercapita Energy L.P.,Canada,https://s3.us-east-2.amazonaws.com/rp-20-sources/mandatory-disclosure-report-7899574c9d1e94ab5078cb982e534132,.pdf,01-01-2019,12-31-2019,09-30-2020
213f371913b51b7fbb72c3fc9ae5c870,Compass Minerals Canada Corporation,Canada,https://s3.us-east-2.amazonaws.com/rp-20-sources/mandatory-disclosure-report-213f371913b51b7fbb72c3fc9ae5c870,.pdf,01-01-2019,12-31-2019,06-04-2020
fc2658a58b1cedd678fa06558f582b34,Petrus Resources Limited,Canada,https://s3.us-east-2.amazonaws.com/rp-20-sources/mandatory-disclosure-report-fc2658a58b1cedd678fa06558f582b34,.pdf,01-01-2019,12-31-2019,07-16-2020
a32d8be647628716c15253971e085cab,Argonaut Gold Incorporated,Canada,https://s3.us-east-2.amazonaws.com/rp-20-sources/mandatory-disclosure-report-a32d8be647628716c15253971e085cab,.pdf,01-01-2019,12-31-2019,10-05-2020
4c99471d5e27f302e0f175fd30be3b1b,Abcourt Mines Inc.,Canada,https://s3.us-east-2.amazonaws.com/rp-20-sources/mandatory-disclosure-report-4c99471d5e27f302e0f175fd30be3b1b,.pdf,07-01-2017,06-30-2018,08-04-2020
964b6548b8e5279828ee70095ac413d8,Osisko Gold Royalties Limited,Canada,https://s3.us-east-2.amazonaws.com/rp-20-sources/mandatory-disclosure-report-964b6548b8e5279828ee70095ac413d8,.pdf,01-01-2019,12-31-2019,06-17-2020
f0b8c5f40d8a803dfb6b1da533adccaa,Uranium One Incorporated,Canada,https://s3.us-east-2.amazonaws.com/rp-20-sources/mandatory-disclosure-report-f0b8c5f40d8a803dfb6b1da533adccaa,.pdf,01-01-2019,12-31-2019,06-18-2020
944a502db9121898416d2a2b1eb26f3c,Newmont Corporation,Canada,https://s3.us-east-2.amazonaws.com/rp-20-sources/mandatory-disclosure-report-944a502db9121898416d2a2b1eb26f3c,.pdf,01-01-2019,12-31-2019,08-06-2020
1598e4864ac152eaf1eea426b28b0a84,Ciment Quebec Incorporated,Canada,https://s3.us-east-2.amazonaws.com/rp-20-sources/mandatory-disclosure-report-1598e4864ac152eaf1eea426b28b0a84,.pdf,01-01-2019,12-31-2019,07-16-2020
1d674f313ec56fd179627a874da86cba,Premier Gold Mines Limited,Canada,https://s3.us-east-2.amazonaws.com/rp-20-sources/mandatory-disclosure-report-1d674f313ec56fd179627a874da86cba,.pdf,01-01-2019,12-31-2019,08-20-2020
0d4094eef43e0966b76f712ecdc511c1,Nalcor Energy,Canada,https://s3.us-east-2.amazonaws.com/rp-20-sources/mandatory-disclosure-report-0d4094eef43e0966b76f712ecdc511c1,.pdf,01-01-2017,12-31-2017,07-10-2020
8db75acf45773ade762210383cd86e49,Ascendant Resources Incorporated,Canada,https://s3.us-east-2.amazonaws.com/rp-20-sources/mandatory-disclosure-report-8db75acf45773ade762210383cd86e49,.pdf,01-01-2019,12-31-2019,10-08-2020
60d312a392f9741fa82f43c1e5942d6f-efd9606da249dcd5c821d8cda87f268e-e638b3f9000aca140b3f0b9a80a2520c-f0a3ee21794dba172a781f359e425954,SDX Energy Plc,United Kingdom of Great Britain and Northern Ireland,https://s3.us-east-2.amazonaws.com/rp-20-sources/mandatory-disclosure-report-60d312a392f9741fa82f43c1e5942d6f-efd9606da249dcd5c821d8cda87f268e-e638b3f9000aca140b3f0b9a80a2520c-f0a3ee21794dba172a781f359e425954,.zip,01-01-2019,12-31-2019,12-01-2020
7a3999f934d0bd9cf73a6e7914bb2c50,1911 Gold Corporation,Canada,https://s3.us-east-2.amazonaws.com/rp-20-sources/mandatory-disclosure-report-7a3999f934d0bd9cf73a6e7914bb2c50,.pdf,01-31-2018,12-31-2018,06-05-2019
48838202b4a5a5a9b67de24bcec4c1ba-a6a3decf88ac92548d117e69b01102d9-63fc71c9b5a5577838d773b3ca854a83-808d4cf898b06a985538dae9097ba522,EVRAZ plc,United Kingdom of Great Britain and Northern Ireland,https://s3.us-east-2.amazonaws.com/rp-20-sources/mandatory-disclosure-report-48838202b4a5a5a9b67de24bcec4c1ba-a6a3decf88ac92548d117e69b01102d9-63fc71c9b5a5577838d773b3ca854a83-808d4cf898b06a985538dae9097ba522,.zip,01-01-2019,12-31-2019,06-26-2020
b32eff6cc0722136fcbfbd39fca9f8f6,Heritage Royalty Resource Corporation,Canada,https://s3.us-east-2.amazonaws.com/rp-20-sources/mandatory-disclosure-report-b32eff6cc0722136fcbfbd39fca9f8f6,.pdf,01-01-2019,12-31-2019,05-27-2020
b62bf6afd49e02f5fb33dbda9214d6b3,Deltastream Energy Corporation,Canada,https://s3.us-east-2.amazonaws.com/rp-20-sources/mandatory-disclosure-report-b62bf6afd49e02f5fb33dbda9214d6b3,.pdf,01-01-2019,12-31-2019,05-28-2020
918eda89d1d7f3138c01a50c5aecf3cf,Acacia Mining Plc,United Kingdom of Great Britain and Northern Ireland,https://s3.us-east-2.amazonaws.com/rp-20-sources/mandatory-disclosure-report918eda89d1d7f3138c01a50c5aecf3cf,.pdf,01-01-2016,12-31-2016
fa2e2375b5c89c95fe0362e94969cad4,Exillon Energy plc,United Kingdom of Great Britain and Northern Ireland,https://s3.us-east-2.amazonaws.com/rp-20-sources/mandatory-disclosure-report-fa2e2375b5c89c95fe0362e94969cad4,.xml,01-01-2019,12-31-2019
ae715391b982cb1a7c8eaf94cc403d14,Wesdome Gold Mines Limited,Canada,https://s3.us-east-2.amazonaws.com/rp-20-sources/mandatory-disclosure-report-ae715391b982cb1a7c8eaf94cc403d14,.pdf,01-01-2019,12-31-2019,08-24-2020
78db4118168bd54cfe0bbdffa10ec023,Eco Oro Minerals Corporation,Canada,https://s3.us-east-2.amazonaws.com/rp-20-sources/mandatory-disclosure-report-78db4118168bd54cfe0bbdffa10ec023,.pdf,01-01-2019,12-31-2019,07-15-2020
3616342f3c1b014d690c3c7a3b79787d,Denison Mines Corporation,Canada,https://s3.us-east-2.amazonaws.com/rp-20-sources/mandatory-disclosure-report-3616342f3c1b014d690c3c7a3b79787d,.pdf,01-01-2019,12-31-2019,09-25-2020
901a5c34eb1e7968df33a9c58b20744d,Group Ten Metals Inc.,Canada,https://s3.us-east-2.amazonaws.com/rp-20-sources/mandatory-disclosure-report-901a5c34eb1e7968df33a9c58b20744d,.pdf,04-01-2019,03-31-2020,09-21-2020
b9a12db44c416199ad11a997d3eabb39,Hudson Resources Incorporated,Canada,https://s3.us-east-2.amazonaws.com/rp-20-sources/mandatory-disclosure-report-b9a12db44c416199ad11a997d3eabb39,.pdf,04-01-2019,03-31-2020,12-02-2020
3458b23b5dff65dce193a987cf52e5c3,SolGold PLC,Canada,https://s3.us-east-2.amazonaws.com/rp-20-sources/mandatory-disclosure-report-3458b23b5dff65dce193a987cf52e5c3,.pdf,07-01-2019,06-30-2020,12-11-2020
f3ff1c9fda70b3b5e29c382c34f8c824,BNK Petroleum Incorporated,Canada,https://s3.us-east-2.amazonaws.com/rp-20-sources/mandatory-disclosure-report-f3ff1c9fda70b3b5e29c382c34f8c824,.pdf,01-01-2019,12-31-2019,06-15-2020
301bdcecdb0caf304a2644d7c381f965,Hammerstone Infrastructure Materials Limited,Canada,https://s3.us-east-2.amazonaws.com/rp-20-sources/mandatory-disclosure-report-301bdcecdb0caf304a2644d7c381f965,.pdf,01-01-2019,12-31-2019,06-25-2020
3439cf87f449cf9dad2e8f30952d8459,Kirkland Lake Gold Limited,Canada,https://s3.us-east-2.amazonaws.com/rp-20-sources/mandatory-disclosure-report-3439cf87f449cf9dad2e8f30952d8459,.pdf,01-01-2019,12-31-2019,06-22-2020
e472a17c5e7d7e6ac41554b997f3ed19,Plateau Energy Metals Inc.,Canada,https://s3.us-east-2.amazonaws.com/rp-20-sources/mandatory-disclosure-report-e472a17c5e7d7e6ac41554b997f3ed19,.pdf,10-01-2018,09-30-2019,10-08-2020
ba41b17b4a2aad7382adf1e7f7f6a8c2,GoGold Resources Incorporated,Canada,https://s3.us-east-2.amazonaws.com/rp-20-sources/mandatory-disclosure-report-ba41b17b4a2aad7382adf1e7f7f6a8c2,.pdf,10-01-2018,09-30-2019,06-26-2020
7589dc26ef0996aaac428b30b53b4fab-a66f59c82101d2489d28aebb017cf8c4-65adfe70eea452e94b1a8fcbe40953d2-6c344f9e3b9281d0bccc17dc53b0d918,Chrysaor Petroleum Company U.K. Limited,United Kingdom of Great Britain and Northern Ireland,https://s3.us-east-2.amazonaws.com/rp-20-sources/mandatory-disclosure-report-7589dc26ef0996aaac428b30b53b4fab-a66f59c82101d2489d28aebb017cf8c4-65adfe70eea452e94b1a8fcbe40953d2-6c344f9e3b9281d0bccc17dc53b0d918,.zip,01-01-2019,12-31-2019,11-17-2020
0e04488c6edf4ade326d844dad2f5d9d,Petra Diamonds Limited,United Kingdom of Great Britain and Northern Ireland,https://s3.us-east-2.amazonaws.com/rp-20-sources/mandatory-disclosure-report-0e04488c6edf4ade326d844dad2f5d9d,.html,07-01-2019,06-30-2020,11-17-2020
1d0608c28e7810ca309bfa7ce017568f,Barksdale Resources Corp.,Canada,https://s3.us-east-2.amazonaws.com/rp-20-sources/mandatory-disclosure-report-1d0608c28e7810ca309bfa7ce017568f,.pdf,04-01-2019,03-31-2020,11-30-2020
9423f52e615b76218d874e8cde2fdbb9,Velvet Energy Limited,Canada,https://s3.us-east-2.amazonaws.com/rp-20-sources/mandatory-disclosure-report-9423f52e615b76218d874e8cde2fdbb9,.pdf,01-01-2019,12-31-2019,06-26-2020
a66d6a06d854af19924d212823d2eb32,Aspenleaf Energy Limited,Canada,https://s3.us-east-2.amazonaws.com/rp-20-sources/mandatory-disclosure-report-a66d6a06d854af19924d212823d2eb32,.pdf,01-01-2019,12-31-2019,06-23-2020
681b9bb01cff92e7fc476d2da3111c9e,Sitka Exploration Limited,Canada,https://s3.us-east-2.amazonaws.com/rp-20-sources/mandatory-disclosure-report-681b9bb01cff92e7fc476d2da3111c9e,.pdf,01-01-2019,12-31-2019,05-13-2020
f3c3a059ae1062f814852e52f0c63679,Treasury Metals Incorporated,Canada,https://s3.us-east-2.amazonaws.com/rp-20-sources/mandatory-disclosure-report-f3c3a059ae1062f814852e52f0c63679,.pdf,01-01-2019,12-31-2019,05-29-2020
f0b63ee2b26620f39d57bb0f6b527592,Sable Resources Ltd.,Canada,https://s3.us-east-2.amazonaws.com/rp-20-sources/mandatory-disclosure-report-f0b63ee2b26620f39d57bb0f6b527592,.pdf,01-01-2019,12-31-2019,06-22-2020
e06907824b3a5b2980a8cf5de87851aa,Headwater Exploration Inc.,Canada,https://s3.us-east-2.amazonaws.com/rp-20-sources/mandatory-disclosure-report-e06907824b3a5b2980a8cf5de87851aa,.pdf,01-01-2016,12-31-2016,08-12-2020
744cf9bade9c11d6ea0a9f3dfad105a5,TriSummit Utilities Incorporated,Canada,https://s3.us-east-2.amazonaws.com/rp-20-sources/mandatory-disclosure-report-744cf9bade9c11d6ea0a9f3dfad105a5,.pdf,01-01-2019,12-31-2019,08-27-2020
a762d4e644defe17decf112e363db192,Gensource Potash Corporation,Canada,https://s3.us-east-2.amazonaws.com/rp-20-sources/mandatory-disclosure-report-a762d4e644defe17decf112e363db192,.pdf,01-01-2019,12-31-2019,08-31-2020
0bbad50c4be74bd2c1101608100be02a,Public Power Corporation,Greece,https://s3.us-east-2.amazonaws.com/rp-20-sources/mandatory-disclosure-report-0bbad50c4be74bd2c1101608100be02a,.html,01-01-2019,12-31-2019
137b796881ad077a27c320b4e7d3c4bd,Altura Energy Incorporated,Canada,https://s3.us-east-2.amazonaws.com/rp-20-sources/mandatory-disclosure-report-137b796881ad077a27c320b4e7d3c4bd,.pdf,01-01-2019,12-31-2019,06-11-2020
c6d629c4d46bd35d16d918ddcac9a0b3,Anegada Oil Corporation,Canada,https://s3.us-east-2.amazonaws.com/rp-20-sources/mandatory-disclosure-report-c6d629c4d46bd35d16d918ddcac9a0b3,.pdf,01-01-2019,12-31-2019,06-22-2020
39c52f163784280dc0503b3932033a0c-ce268821db7bc2b10d418af56851a54b-7c3c4304e8cc65635cde5e5b6776f580-23dab30d454969cac6c3548ab9f9cb5d,RockRose Energy plc,United Kingdom of Great Britain and Northern Ireland,https://s3.us-east-2.amazonaws.com/rp-20-sources/mandatory-disclosure-report-39c52f163784280dc0503b3932033a0c-ce268821db7bc2b10d418af56851a54b-7c3c4304e8cc65635cde5e5b6776f580-23dab30d454969cac6c3548ab9f9cb5d,.zip,01-01-2019,12-31-2019,11-15-2020
07bcdbae1e5b6c554495f29545afde56-f3209d7886fac6f4eb301ccc86166aba-6dde561ebdba3de2f1ad745a9a39cba6-031b443677d7d36145d152799e268bfe,Centrica plc,United Kingdom of Great Britain and Northern Ireland,https://s3.us-east-2.amazonaws.com/rp-20-sources/mandatory-disclosure-report-07bcdbae1e5b6c554495f29545afde56-f3209d7886fac6f4eb301ccc86166aba-6dde561ebdba3de2f1ad745a9a39cba6-031b443677d7d36145d152799e268bfe,.zip,01-01-2018,12-31-2018,06-26-2020
415c89701c5c5492241242105fe00015-f103c0b4d244833ccf29efada6c4e60b-d786304cb76d486c5bec5a794864cb5a-ae1de41e6f1ac71a8ab3cfc4014c4990,Hochschild Mining plc,United Kingdom of Great Britain and Northern Ireland,https://s3.us-east-2.amazonaws.com/rp-20-sources/mandatory-disclosure-report-415c89701c5c5492241242105fe00015-f103c0b4d244833ccf29efada6c4e60b-d786304cb76d486c5bec5a794864cb5a-ae1de41e6f1ac71a8ab3cfc4014c4990,.zip,01-01-2019,12-31-2019,07-02-2020
352486635c8442ae11ed70a960af381a,Royal Nickel Corporation,Canada,https://s3.us-east-2.amazonaws.com/rp-20-sources/mandatory-disclosure-report-352486635c8442ae11ed70a960af381a,.pdf,01-01-2019,12-31-2019,05-20-2020
3cbae3623958e9be1e30f2032312939b,Teck Resources Limited,Canada,https://s3.us-east-2.amazonaws.com/rp-20-sources/mandatory-disclosure-report-3cbae3623958e9be1e30f2032312939b,.pdf,01-01-2019,12-31-2019,06-02-2020
4c20372f6dbce1858d177dd0b9a2c334,Signalta Resources Limited,Canada,https://s3.us-east-2.amazonaws.com/rp-20-sources/mandatory-disclosure-report-4c20372f6dbce1858d177dd0b9a2c334,.pdf,01-01-2018,12-31-2018,05-22-2019
d37c457f6fd288c2f5364ec1324563d0,Suncor Energy Incorporated,Canada,https://s3.us-east-2.amazonaws.com/rp-20-sources/mandatory-disclosure-report-d37c457f6fd288c2f5364ec1324563d0,.pdf,01-01-2019,12-31-2019,06-26-2020
326421a671e555bf07b17e0083fc659a,Roxgold Incorporated,Canada,https://s3.us-east-2.amazonaws.com/rp-20-sources/mandatory-disclosure-report-326421a671e555bf07b17e0083fc659a,.pdf,01-01-2019,12-31-2019,07-17-2020
0021adfc202f9c48e21fc3136d3592d0,Acacia Mining Plc,United Kingdom of Great Britain and Northern Ireland,https://s3.us-east-2.amazonaws.com/rp-20-sources/mandatory-disclosure-report-0021adfc202f9c48e21fc3136d3592d0,.pdf,01-01-2017,12-31-2017
c41e4bb6f7203c2546acabcdc8598a5f,Journey Energy Incorporated,Canada,https://s3.us-east-2.amazonaws.com/rp-20-sources/mandatory-disclosure-report-c41e4bb6f7203c2546acabcdc8598a5f,.pdf,01-01-2019,12-31-2019,08-12-2020
1066b8fe1ab7e443e50185f3e9a00259,Osum Production Corporation,Canada,https://s3.us-east-2.amazonaws.com/rp-20-sources/mandatory-disclosure-report-1066b8fe1ab7e443e50185f3e9a00259,.xlsx,03-01-2019,02-29-2020,08-31-2020
b478cd6716e41502264b19d103168f48,Ridgeback Resources Incorporated,Canada,https://s3.us-east-2.amazonaws.com/rp-20-sources/mandatory-disclosure-report-b478cd6716e41502264b19d103168f48,.pdf,01-01-2017,12-31-2017,05-25-2018
17fe0a820527cf1185536a228cd10d11,Long Run Exploration Limited,Canada,https://s3.us-east-2.amazonaws.com/rp-20-sources/mandatory-disclosure-report-17fe0a820527cf1185536a228cd10d11,.pdf,01-01-2019,12-31-2019,09-24-2020
1df9df9e0f1dd88d2d67f81f3747e596,Torex Gold Resources Incorporated,Canada,https://s3.us-east-2.amazonaws.com/rp-20-sources/mandatory-disclosure-report-1df9df9e0f1dd88d2d67f81f3747e596,.pdf,01-01-2019,12-31-2019,09-24-2020
e1984d3567ba7d6be0a36020230c2d33,Franco-Nevada Corporation,Canada,https://s3.us-east-2.amazonaws.com/rp-20-sources/mandatory-disclosure-report-e1984d3567ba7d6be0a36020230c2d33,.pdf,01-01-2019,12-31-2019,09-23-2020
128ac3bc9112f6d171464550ce61a9c8-8721f9f6abc22163106059d04fa4e6f1-c6b95b7028e9f617f8e64b080661b4c0-59b8ae3991fd1237cc6f033d707939ea,BHP,United Kingdom of Great Britain and Northern Ireland,https://s3.us-east-2.amazonaws.com/rp-20-sources/mandatory-disclosure-report-128ac3bc9112f6d171464550ce61a9c8-8721f9f6abc22163106059d04fa4e6f1-c6b95b7028e9f617f8e64b080661b4c0-59b8ae3991fd1237cc6f033d707939ea,.zip,07-01-2019,06-30-2020,10-13-2020
5e437a6921f965b4e175d42589c5eb77,Alphamin Resources Corporation,Canada,https://s3.us-east-2.amazonaws.com/rp-20-sources/mandatory-disclosure-report-5e437a6921f965b4e175d42589c5eb77,.pdf,01-01-2019,12-31-2019,05-29-2020
8dfbf7dfae63141e9afb3ba4dd800c41,CRH plc,Ireland,https://s3.us-east-2.amazonaws.com/rp-20-sources/mandatory-disclosure-report-8dfbf7dfae63141e9afb3ba4dd800c41,.pdf,01-01-2019,12-31-2019
11decab618f776f5ca7d3abf0b795da5,Prairie Mining Limited,United Kingdom of Great Britain and Northern Ireland,https://s3.us-east-2.amazonaws.com/rp-20-sources/mandatory-disclosure-report-11decab618f776f5ca7d3abf0b795da5,.html,07-01-2019,06-30-2020,12-30-2020
a4181be1633334e43cb8121abed8d03c,Acron Group,United Kingdom of Great Britain and Northern Ireland,https://s3.us-east-2.amazonaws.com/rp-20-sources/mandatory-disclosure-report-a4181be1633334e43cb8121abed8d03c,.pdf,01-01-2019,12-31-2019
efca2945f77c48c7ca889da237ae64df,Lundin Mining Corporation,Canada,https://s3.us-east-2.amazonaws.com/rp-20-sources/mandatory-disclosure-report-efca2945f77c48c7ca889da237ae64df,.pdf,01-01-2019,12-31-2019,05-29-2020
f6b0d500541025a055a49d61d6f405c2,Nep Canada Unlimited Liability Corporation,Canada,https://s3.us-east-2.amazonaws.com/rp-20-sources/mandatory-disclosure-report-f6b0d500541025a055a49d61d6f405c2,.pdf,01-01-2019,12-31-2019,06-23-2020
84e16be1b3f6121475680639fdf2c88e,Signalta Resources Limited,Canada,https://s3.us-east-2.amazonaws.com/rp-20-sources/mandatory-disclosure-report-84e16be1b3f6121475680639fdf2c88e,.pdf,01-01-2019,12-31-2019,06-02-2020
d7f69705e8db272dcb7783265cbee273,SaskPower,Canada,https://s3.us-east-2.amazonaws.com/rp-20-sources/mandatory-disclosure-report-d7f69705e8db272dcb7783265cbee273,.pdf,04-01-2019,03-31-2020,08-07-2020
90c865a506f438f3ee13a89c8fca2191,MEG Energy Corporation,Canada,https://s3.us-east-2.amazonaws.com/rp-20-sources/mandatory-disclosure-report-90c865a506f438f3ee13a89c8fca2191,.pdf,01-01-2019,12-31-2019,07-28-2020
d7ff3b82785f39a2985eb2cc00010fe9,Midas Gold Corporation,Canada,https://s3.us-east-2.amazonaws.com/rp-20-sources/mandatory-disclosure-report-d7ff3b82785f39a2985eb2cc00010fe9,.xlsx,01-01-2019,12-31-2019,04-30-2020
9febe48d7178548b5f6dcb7bc0415c6c,Ridgeback Resources Incorporated,Canada,https://s3.us-east-2.amazonaws.com/rp-20-sources/mandatory-disclosure-report-9febe48d7178548b5f6dcb7bc0415c6c,.pdf,01-01-2018,12-31-2018,05-21-2019
94bb4b17ae7a3fa26a8ea96c99f9a360-cd761025826cfe29bbccd4e5f8442b50-e5a1c8e8da4c32a66b614ae3e706a3f0-8274bbc2bd7c0d2b8dca69ae3652f93b,Premier Oil PLC,United Kingdom of Great Britain and Northern Ireland,https://s3.us-east-2.amazonaws.com/rp-20-sources/mandatory-disclosure-report-94bb4b17ae7a3fa26a8ea96c99f9a360-cd761025826cfe29bbccd4e5f8442b50-e5a1c8e8da4c32a66b614ae3e706a3f0-8274bbc2bd7c0d2b8dca69ae3652f93b,.zip,01-01-2019,12-31-2019,11-18-2020
86022472219ffec62264a75d69ddd841,Falco Resources Limited,Canada,https://s3.us-east-2.amazonaws.com/rp-20-sources/mandatory-disclosure-report-86022472219ffec62264a75d69ddd841,.pdf,07-01-2019,06-30-2020,12-18-2020
86e59b8f9ea62a4f26a5092b86073c0f,Rosneft,United Kingdom of Great Britain and Northern Ireland,https://s3.us-east-2.amazonaws.com/rp-20-sources/mandatory-disclosure-report-86e59b8f9ea62a4f26a5092b86073c0f,.pdf,01-01-2019,12-31-2019
72ac0caa1ff5222032d004efd0107eb0,Gulf Keystone Petroleum Limited,United Kingdom of Great Britain and Northern Ireland,https://s3.us-east-2.amazonaws.com/rp-20-sources/mandatory-disclosure-report-72ac0caa1ff5222032d004efd0107eb0,.html,01-01-2019,12-31-2019,06-30-2020
96423eee3296bd6f122f46c72bcfe5ef,Delphi Energy Corporation,Canada,https://s3.us-east-2.amazonaws.com/rp-20-sources/mandatory-disclosure-report-96423eee3296bd6f122f46c72bcfe5ef,.pdf,01-01-2019,12-31-2019,06-26-2020
00db6b00a418f7a57964854e2c10784a,STRABAG SE,Austria,https://s3.us-east-2.amazonaws.com/rp-20-sources/mandatory-disclosure-report-00db6b00a418f7a57964854e2c10784a,.pdf,01-01-2018,12-31-2018,04-05-2019
115eaa8fa974e7cc28c8502fe3c92dcc,Aker BP ASA,Norway,https://s3.us-east-2.amazonaws.com/rp-20-sources/mandatory-disclosure-report-115eaa8fa974e7cc28c8502fe3c92dcc,.pdf,01-01-2019,12-31-2019
e3e1f20f005819b071f6af5c614fc112,Mosaic Feed Ingredients Limited,Canada,https://s3.us-east-2.amazonaws.com/rp-20-sources/mandatory-disclosure-report-e3e1f20f005819b071f6af5c614fc112,.xlsx,01-01-2019,12-31-2019,05-28-2020
42694ec8aafc0ebb7915a5c9e7761826,PetroTal Corporation,Canada,https://s3.us-east-2.amazonaws.com/rp-20-sources/mandatory-disclosure-report-42694ec8aafc0ebb7915a5c9e7761826,.pdf,01-01-2019,12-31-2019,09-16-2020
29f6e87e9a3ccc2f91a4a6cb7320716c,Alphamin Resources Corporation,Canada,https://s3.us-east-2.amazonaws.com/rp-20-sources/mandatory-disclosure-report-29f6e87e9a3ccc2f91a4a6cb7320716c,.pdf,01-01-2018,12-31-2018,12-07-2019
9e6102cf3169a3cf39b9267a46e622a0-9d7a993b92b08883e69b537090931dd1-c4646a9e478842ace942e77bec462dfd-bcf5bea1462a7f31bf8228f2ac89aaaf,Tomori Exploration and Production Limited,United Kingdom of Great Britain and Northern Ireland,https://s3.us-east-2.amazonaws.com/rp-20-sources/mandatory-disclosure-report-9e6102cf3169a3cf39b9267a46e622a0-9d7a993b92b08883e69b537090931dd1-c4646a9e478842ace942e77bec462dfd-bcf5bea1462a7f31bf8228f2ac89aaaf,.zip,01-01-2019,12-31-2019,11-24-2020
6bd6c24335fa4e299310025abc507b9b,Abcourt Mines Inc.,Canada,https://s3.us-east-2.amazonaws.com/rp-20-sources/mandatory-disclosure-report-6bd6c24335fa4e299310025abc507b9b,.pdf,07-01-2018,06-30-2019,08-04-2020
793a306a708cef5f78976d24e4dd096e,Petroshale Incorporated,Canada,https://s3.us-east-2.amazonaws.com/rp-20-sources/mandatory-disclosure-report-793a306a708cef5f78976d24e4dd096e,.pdf,01-01-2019,12-31-2019,06-01-2020
2fc8a2e6192f3cd458abbb48059ec97e,Chalice Gold Mines Limited,Canada,https://s3.us-east-2.amazonaws.com/rp-20-sources/mandatory-disclosure-report-2fc8a2e6192f3cd458abbb48059ec97e,.pdf,07-01-2019,06-30-2020,11-26-2020
f032721ff76c20384f0e18c357466a4b,ConocoPhillips Norge,Norway,https://s3.us-east-2.amazonaws.com/rp-20-sources/mandatory-disclosure-report-f032721ff76c20384f0e18c357466a4b,.pdf,01-01-2018,12-31-2018
65762c1f4b0ad2ed1db59ef975776034,Nevsun Resources Limited,Canada,https://s3.us-east-2.amazonaws.com/rp-20-sources/mandatory-disclosure-report-65762c1f4b0ad2ed1db59ef975776034,.pdf,01-01-2019,12-31-2019,06-19-2020
81219d42c437a37e7d7c799bb9b37298,Canasil Resources Incorporated,Canada,https://s3.us-east-2.amazonaws.com/rp-20-sources/mandatory-disclosure-report-81219d42c437a37e7d7c799bb9b37298,.pdf,01-01-2019,12-31-2019,06-18-2020
411da422fe60c0b704488c9c93a2f860,Seabridge Gold Incorporated,Canada,https://s3.us-east-2.amazonaws.com/rp-20-sources/mandatory-disclosure-report-411da422fe60c0b704488c9c93a2f860,.pdf,01-01-2016,12-31-2016,05-30-2017
83c9c6e2fdb9ddd5a0feefb10fde4a86,Jura Energy Corporation,Canada,https://s3.us-east-2.amazonaws.com/rp-20-sources/mandatory-disclosure-report-83c9c6e2fdb9ddd5a0feefb10fde4a86,.pdf,01-01-2019,12-31-2019,07-24-2020
57730c31072d5b16ad16a7775db862f2,TransGlobe Energy Corporation,Canada,https://s3.us-east-2.amazonaws.com/rp-20-sources/mandatory-disclosure-report-57730c31072d5b16ad16a7775db862f2,.pdf,01-01-2019,12-31-2019,08-17-2020
7b6f1d7697271ae25a2938d87680baa6,Vale Canada Limited,Canada,https://s3.us-east-2.amazonaws.com/rp-20-sources/mandatory-disclosure-report-7b6f1d7697271ae25a2938d87680baa6,.pdf,01-01-2019,12-31-2019,07-17-2020
4d6f52ab495c712ae9dffd1822d97289,Karve Energy Incorporated,Canada,https://s3.us-east-2.amazonaws.com/rp-20-sources/mandatory-disclosure-report-4d6f52ab495c712ae9dffd1822d97289,.pdf,01-01-2019,12-31-2019,09-24-2020
05b9cdd99ef13664747b5ebeb8d97c6f,Pacific Canbriam Energy Limited,Canada,https://s3.us-east-2.amazonaws.com/rp-20-sources/mandatory-disclosure-report-05b9cdd99ef13664747b5ebeb8d97c6f,.pdf,01-01-2019,12-31-2019,09-25-2020
2a60008539269e57c3e754ac18a01db3,Hemisphere Energy Corporation,Canada,https://s3.us-east-2.amazonaws.com/rp-20-sources/mandatory-disclosure-report-2a60008539269e57c3e754ac18a01db3,.pdf,01-01-2019,12-31-2019,09-25-2020
6e410d8ccde54ffeb5511271a6aaa394-a42f81c4553bf9f1f7ea3162619d72ef-d61568058a12028fc92649f3254770eb-6cdfd644b76fbdb1912b7c47bd77d0c2,KAZ Minerals PLC,United Kingdom of Great Britain and Northern Ireland,https://s3.us-east-2.amazonaws.com/rp-20-sources/mandatory-disclosure-report-6e410d8ccde54ffeb5511271a6aaa394-a42f81c4553bf9f1f7ea3162619d72ef-d61568058a12028fc92649f3254770eb-6cdfd644b76fbdb1912b7c47bd77d0c2,.zip,01-01-2019,12-31-2019,11-30-2020
34a05f3d30bcb6f7389bb3e32f8b4672,Scorpio Gold Corporation,Canada,https://s3.us-east-2.amazonaws.com/rp-20-sources/mandatory-disclosure-report-34a05f3d30bcb6f7389bb3e32f8b4672,.pdf,01-01-2020,12-31-2020,03-24-2021
d1850a2855eca0af22016c7cdb9777fe,Yangarra Resources Limited,Canada,https://s3.us-east-2.amazonaws.com/rp-20-sources/mandatory-disclosure-report-d1850a2855eca0af22016c7cdb9777fe,.pdf,01-01-2020,12-31-2020,03-18-2021
991386531d48bb1c5e607272dab0b0e4,IPC Canada Limited,Canada,https://s3.us-east-2.amazonaws.com/rp-20-sources/mandatory-disclosure-report-991386531d48bb1c5e607272dab0b0e4,.pdf,01-01-2020,12-31-2020,05-05-2021
9441b1d3fea77809be4b3dd7008d1f63,GoldMining Incorporated,Canada,https://s3.us-east-2.amazonaws.com/rp-20-sources/mandatory-disclosure-report-9441b1d3fea77809be4b3dd7008d1f63,.pdf,12-01-2019,11-30-2020,04-29-2021
3156522065c09f2ea9ab16d2e4487cf4,Tethys Petroleum Limited,Canada,https://s3.us-east-2.amazonaws.com/rp-20-sources/mandatory-disclosure-report-3156522065c09f2ea9ab16d2e4487cf4,.pdf,01-01-2019,12-31-2019
a882cdd737bd1e22f534ae19233314e3,SouthGobi Resources Limited,Canada,https://s3.us-east-2.amazonaws.com/rp-20-sources/mandatory-disclosure-report-a882cdd737bd1e22f534ae19233314e3,.pdf,01-01-2019,12-31-2019,08-20-2020
73397f78f839c7ea7dbfe7efb46ac833,Syncrude Canada Limited,Canada,https://s3.us-east-2.amazonaws.com/rp-20-sources/mandatory-disclosure-report-73397f78f839c7ea7dbfe7efb46ac833,.pdf,01-01-2019,12-31-2019,09-11-2020
41fc7a260979081317b636d4e8e1d6e0,Endeavour Silver Corporation,Canada,https://s3.us-east-2.amazonaws.com/rp-20-sources/mandatory-disclosure-report-41fc7a260979081317b636d4e8e1d6e0,.pdf,01-01-2019,12-31-2019,09-23-2020
b9bf5c823a5d62549860adf03f4732ed,SilverCrest Metals Incorporated,Canada,https://s3.us-east-2.amazonaws.com/rp-20-sources/mandatory-disclosure-report-b9bf5c823a5d62549860adf03f4732ed,.pdf,01-01-2019,12-31-2019,09-24-2020
13ad5690f59b56f3069cf4488e852cc4,Aguia Resources Limited,Canada,https://s3.us-east-2.amazonaws.com/rp-20-sources/mandatory-disclosure-report-13ad5690f59b56f3069cf4488e852cc4,.pdf,07-01-2019,06-30-2020,09-25-2020
695ae0dcf8522deb235cd0626a473dd2-e87e66fbc5a82e2e1455cd285a8e4c36-e34ec2f0db4f6285ca9f56fd32bcfc84-05ec60389ae7626e2715a7f5e8977bcd,Chrysaor Limited,United Kingdom of Great Britain and Northern Ireland,https://s3.us-east-2.amazonaws.com/rp-20-sources/mandatory-disclosure-report-695ae0dcf8522deb235cd0626a473dd2-e87e66fbc5a82e2e1455cd285a8e4c36-e34ec2f0db4f6285ca9f56fd32bcfc84-05ec60389ae7626e2715a7f5e8977bcd,.zip,01-01-2019,12-31-2019,11-17-2020
ff0cfa4290f9ef98cbacc2a504b679a3,Murphy Oil Company Limited,Canada,https://s3.us-east-2.amazonaws.com/rp-20-sources/mandatory-disclosure-report-ff0cfa4290f9ef98cbacc2a504b679a3,.pdf,01-01-2018,12-31-2018,05-24-2019
2b6e8299adeb05330d7ae5a75c2b7771,Oil and Gas Development Company Limited (OGDCL),United Kingdom of Great Britain and Northern Ireland,https://s3.us-east-2.amazonaws.com/rp-20-sources/mandatory-disclosure-report-2b6e8299adeb05330d7ae5a75c2b7771,.pdf,07-01-2019,06-30-2020
7b67595be223699ceab586e886a20ddd-172cae70234fe831b8ac0d1579cf1b32-2fec2646b2085819798513b1ef5ec843-0aa1a7d9b5bc93f3acce51a59d2907a0,The Hills Group Limited,United Kingdom of Great Britain and Northern Ireland,https://s3.us-east-2.amazonaws.com/rp-20-sources/mandatory-disclosure-report-7b67595be223699ceab586e886a20ddd-172cae70234fe831b8ac0d1579cf1b32-2fec2646b2085819798513b1ef5ec843-0aa1a7d9b5bc93f3acce51a59d2907a0,.zip,05-01-2019,04-30-2020,03-29-2021
9df844219b33a7c238e5221185b0d122,West Lake Energy Corporation,Canada,https://s3.us-east-2.amazonaws.com/rp-20-sources/mandatory-disclosure-report-9df844219b33a7c238e5221185b0d122,.pdf,01-01-2020,12-31-2020,04-12-2021
ae815142044a8995daf4c15a3e4f6fd9,Heritage Royalty Resource Corporation,Canada,https://s3.us-east-2.amazonaws.com/rp-20-sources/mandatory-disclosure-report-ae815142044a8995daf4c15a3e4f6fd9,.pdf,01-01-2020,12-31-2020,03-26-2021
a48adc504c9dd2f7672a51a6bda99155,NovaGold Resources Incorporated,Canada,https://s3.us-east-2.amazonaws.com/rp-20-sources/mandatory-disclosure-report-a48adc504c9dd2f7672a51a6bda99155,.pdf,12-01-2019,11-30-2020,03-16-2021
0c1d49dbb0c819384d9436bc75bc505a,Acacia Mining Plc,United Kingdom of Great Britain and Northern Ireland,https://s3.us-east-2.amazonaws.com/rp-20-sources/mandatory-disclosure-report-0c1d49dbb0c819384d9436bc75bc505a,.pdf,01-01-2018,12-31-2018
488fb8cb962df69ecc42709cda779b08,Japan Canada Oil Sands Limited,Canada,https://s3.us-east-2.amazonaws.com/rp-20-sources/mandatory-disclosure-report-488fb8cb962df69ecc42709cda779b08,.pdf,01-01-2019,12-31-2019,09-11-2020
c5d16c50b34ebc2fc284a7a6b15e5afb,Mancal Corporation Limited,Canada,https://s3.us-east-2.amazonaws.com/rp-20-sources/mandatory-disclosure-report-c5d16c50b34ebc2fc284a7a6b15e5afb,.pdf,01-01-2019,12-31-2019,09-24-2020
d22c98bcfa08aa422d118c925ec02173,Cameco Corporation,Canada,https://s3.us-east-2.amazonaws.com/rp-20-sources/mandatory-disclosure-report-d22c98bcfa08aa422d118c925ec02173,.pdf,01-01-2019,12-31-2019,09-28-2020
6e7f3a31ff5e52f76d59c88f1c3f3968,Rye Patch Gold Corporation,Canada,https://s3.us-east-2.amazonaws.com/rp-20-sources/mandatory-disclosure-report-6e7f3a31ff5e52f76d59c88f1c3f3968,.pdf,01-01-2016,12-31-2016,05-30-2017
b2514306541d8a80a411155ce14d34c4,Alacer Gold Corporation,Canada,https://s3.us-east-2.amazonaws.com/rp-20-sources/mandatory-disclosure-report-b2514306541d8a80a411155ce14d34c4,.pdf,01-01-2018,12-31-2018,04-30-2019
e6370b42323bf45c67dcad0a7cc89c13-4f4b882b94ba06ff7ffff208a6ee10cd-60c615f5ebebf2f5a313aec64d189825-202beba7ec896d57e261d836dfbafe1c,Petropavlovsk plc,United Kingdom of Great Britain and Northern Ireland,https://s3.us-east-2.amazonaws.com/rp-20-sources/mandatory-disclosure-report-e6370b42323bf45c67dcad0a7cc89c13-4f4b882b94ba06ff7ffff208a6ee10cd-60c615f5ebebf2f5a313aec64d189825-202beba7ec896d57e261d836dfbafe1c,.zip,01-01-2019,12-31-2019,01-13-2021
5da5729567bc927cc66fa882bc6e842b,Pensana Plc,United Kingdom of Great Britain and Northern Ireland,https://s3.us-east-2.amazonaws.com/rp-20-sources/mandatory-disclosure-report-5da5729567bc927cc66fa882bc6e842b,.pdf,07-01-2019,06-30-2020
6a3e20bc62103491b8e79b2ff25cfdff,Royal Dutch Shell plc,United Kingdom of Great Britain and Northern Ireland,https://s3.us-east-2.amazonaws.com/rp-20-sources/mandatory-disclosure-report-6a3e20bc62103491b8e79b2ff25cfdff,.pdf,01-01-2020,12-31-2020,04-07-2021
f5547a0b31434a2750d6afb6c19f74f8-5b2a70e83a37564b2f60ed6c2d0e43f0-9b852e3bc074658dd3a9ff7d7680c225-fb97695d7db7142fcf5d086364e7e584,Pan African Resources PLC,United Kingdom of Great Britain and Northern Ireland,https://s3.us-east-2.amazonaws.com/rp-20-sources/mandatory-disclosure-report-f5547a0b31434a2750d6afb6c19f74f8-5b2a70e83a37564b2f60ed6c2d0e43f0-9b852e3bc074658dd3a9ff7d7680c225-fb97695d7db7142fcf5d086364e7e584,.zip,07-01-2019,06-30-2020,04-07-2021
da9cd7efb66a160a3bf02a1a5b0aca39,TimberRock Energy Corporation,Canada,https://s3.us-east-2.amazonaws.com/rp-20-sources/mandatory-disclosure-report-da9cd7efb66a160a3bf02a1a5b0aca39,.pdf,01-01-2020,12-31-2020,04-27-2021
5b9700f39f2ba20b18e99fbcea53c08c-a2e1591bca37ade394141bd9beb7df17-71fdaf26e6f3470287e619c938248483-bacb874cb581d352adca1ce7a87f466d,Cairn Energy PLC,United Kingdom of Great Britain and Northern Ireland,https://s3.us-east-2.amazonaws.com/rp-20-sources/mandatory-disclosure-report-5b9700f39f2ba20b18e99fbcea53c08c-a2e1591bca37ade394141bd9beb7df17-71fdaf26e6f3470287e619c938248483-bacb874cb581d352adca1ce7a87f466d,.zip,01-01-2019,12-31-2019,08-17-2020
f8a0a6b8806acf48c3abe0ccab337bb7,Victoria Gold Corporation,Canada,https://s3.us-east-2.amazonaws.com/rp-20-sources/mandatory-disclosure-report-f8a0a6b8806acf48c3abe0ccab337bb7,.pdf,01-01-2019,12-31-2019,08-14-2020
cc4653d69693b9347c196de7c10204d1,St. Marys Cement Incorporated,Canada,https://s3.us-east-2.amazonaws.com/rp-20-sources/mandatory-disclosure-report-cc4653d69693b9347c196de7c10204d1,.pdf,01-01-2019,12-31-2019,08-18-2020
1a6cde7509b774fee3aa9d7794ff0796,Orca Gold Incorporated,Canada,https://s3.us-east-2.amazonaws.com/rp-20-sources/mandatory-disclosure-report-1a6cde7509b774fee3aa9d7794ff0796,.pdf,01-01-2019,12-31-2019,08-28-2020
fef09e70e4dbf54261d1d847c09a732f,Northern Empire Resources Corporation,Canada,https://s3.us-east-2.amazonaws.com/rp-20-sources/mandatory-disclosure-report-fef09e70e4dbf54261d1d847c09a732f,.pdf,04-01-2016,03-31-2017,03-01-2019
60f94f048d0cb8e0127ca4e4a062af8c,PJSC Polyus,United Kingdom of Great Britain and Northern Ireland,https://s3.us-east-2.amazonaws.com/rp-20-sources/mandatory-disclosure-report-60f94f048d0cb8e0127ca4e4a062af8c,.pdf,01-01-2019,12-31-2019
3fd8d55a6baee8ac1adbebcbe24ee81b,Murphy Oil Company Limited,Canada,https://s3.us-east-2.amazonaws.com/rp-20-sources/mandatory-disclosure-report-3fd8d55a6baee8ac1adbebcbe24ee81b,.pdf,01-01-2019,12-31-2019,06-22-2020
83cbce306234291f9d3ef5e4192dfeb6,Baffinland Iron Mines Corporation,Canada,https://s3.us-east-2.amazonaws.com/rp-20-sources/mandatory-disclosure-report-83cbce306234291f9d3ef5e4192dfeb6,.pdf,01-01-2019,12-31-2019,10-28-2020
8bea7ee338b7f9446ea30dd8bf7ed7d8-af185f0ab06ede74ef2c9f14728e154d-6052a43d0e28aa119d6e22828054a58f-4a3d05a36de6ce400ceaf1d4ad4b220a,Serabi Gold plc,United Kingdom of Great Britain and Northern Ireland,https://s3.us-east-2.amazonaws.com/rp-20-sources/mandatory-disclosure-report-8bea7ee338b7f9446ea30dd8bf7ed7d8-af185f0ab06ede74ef2c9f14728e154d-6052a43d0e28aa119d6e22828054a58f-4a3d05a36de6ce400ceaf1d4ad4b220a,.zip,01-01-2019,12-31-2019,11-09-2020
054e97eb238a9a77c49cc20063d3187d-1866f24124e3c6e1a34a8f75c9a2bffb-d8628bf156253a1236ce543d9ea6f4b6-d87165d0d7a6eb7ea27e69d88b03d0ad,Chrysaor North Sea Limited,United Kingdom of Great Britain and Northern Ireland,https://s3.us-east-2.amazonaws.com/rp-20-sources/mandatory-disclosure-report-054e97eb238a9a77c49cc20063d3187d-1866f24124e3c6e1a34a8f75c9a2bffb-d8628bf156253a1236ce543d9ea6f4b6-d87165d0d7a6eb7ea27e69d88b03d0ad,.zip,01-01-2019,12-31-2019,11-17-2020
cfd1225623bf90e211a39fa90852b8fc-d7a1bc4cac335ca471973aa1558789c7-33daa0e3dee658a46cc36a80a8c49840-091e2380fa660a9c4ac7cb486e4753da,Canadian Natural Resources International (U.K.) Investments Limited,United Kingdom of Great Britain and Northern Ireland,https://s3.us-east-2.amazonaws.com/rp-20-sources/mandatory-disclosure-report-cfd1225623bf90e211a39fa90852b8fc-d7a1bc4cac335ca471973aa1558789c7-33daa0e3dee658a46cc36a80a8c49840-091e2380fa660a9c4ac7cb486e4753da,.zip,01-01-2019,12-31-2019,11-24-2020
984a994e04c913347f8ba2b940a3ec0e-0c3d0a8e872f2a747aa6a7d12c30637b-c0f74de23259b97839638e0a3f303fda-4d99c0a548cc89b66ebb39ba7cb9d7f7,Ithaca Oil and Gas Limited,United Kingdom of Great Britain and Northern Ireland,https://s3.us-east-2.amazonaws.com/rp-20-sources/mandatory-disclosure-report-984a994e04c913347f8ba2b940a3ec0e-0c3d0a8e872f2a747aa6a7d12c30637b-c0f74de23259b97839638e0a3f303fda-4d99c0a548cc89b66ebb39ba7cb9d7f7,.zip,01-01-2019,12-31-2019,11-26-2020
898ffe6253442e1be1b0282f5f41d4d3,Compass Minerals Canada Corporation,Canada,https://s3.us-east-2.amazonaws.com/rp-20-sources/mandatory-disclosure-report-898ffe6253442e1be1b0282f5f41d4d3,.pdf,01-01-2016,12-31-2016,05-30-2017
6103f5ca23019eabc027f363928a4879,Ikkuma Resources Corporation,Canada,https://s3.us-east-2.amazonaws.com/rp-20-sources/mandatory-disclosure-report-6103f5ca23019eabc027f363928a4879,.pdf,01-01-2016,12-31-2016,05-16-2017
21344dd69e5c3d50805611403b9e54a7,West Vault Mining Incorporated,Canada,https://s3.us-east-2.amazonaws.com/rp-20-sources/mandatory-disclosure-report-21344dd69e5c3d50805611403b9e54a7,.pdf,01-01-2020,12-31-2020,01-22-2021
a6a71b3adf0a5aab1811938dc3f04c69,Fiore Gold Limited,Canada,https://s3.us-east-2.amazonaws.com/rp-20-sources/mandatory-disclosure-report-a6a71b3adf0a5aab1811938dc3f04c69,.pdf,10-01-2019,09-30-2020,02-16-2021
762a8341d25580f25f2a7387b6b386f1,Dore Copper Mining Corp.,Canada,https://s3.us-east-2.amazonaws.com/rp-20-sources/mandatory-disclosure-report-762a8341d25580f25f2a7387b6b386f1,.pdf,01-01-2020,12-31-2020,03-23-2021
b6930c0d3ca1ae5d1c1a7ccd8a74ec28,Tourmaline Oil Corporation,Canada,https://s3.us-east-2.amazonaws.com/rp-20-sources/mandatory-disclosure-report-b6930c0d3ca1ae5d1c1a7ccd8a74ec28,.pdf,01-01-2020,12-31-2020,05-05-2021
17d761169d4f59bf8f8d397f9d7e6cf3,Cornerstone Capital Resources Inc.,Canada,https://s3.us-east-2.amazonaws.com/rp-20-sources/mandatory-disclosure-report-17d761169d4f59bf8f8d397f9d7e6cf3,.pdf,01-01-2020,12-31-2020,05-10-2021
27bbc05985147466159237fd8be81bb1,Source Energy Services Limited,Canada,https://s3.us-east-2.amazonaws.com/rp-20-sources/mandatory-disclosure-report-27bbc05985147466159237fd8be81bb1,.pdf,01-01-2020,12-31-2020,05-06-2021
778889c1df2860892aa874394fdc68ca,Whitecap Resources Incorporated,Canada,https://s3.us-east-2.amazonaws.com/rp-20-sources/mandatory-disclosure-report-778889c1df2860892aa874394fdc68ca,.pdf,01-01-2020,12-31-2020,04-27-2021
bd44a79099a4c3e54dbb18e237ed363f-8e5217544c0458873bb1c5f404e33812-9c5fa2ed8613cad82b020f1831aed94b-90a95130290cf7bf3f5b2da0076bb3b6,Mondi plc,United Kingdom of Great Britain and Northern Ireland,https://s3.us-east-2.amazonaws.com/rp-20-sources/mandatory-disclosure-report-bd44a79099a4c3e54dbb18e237ed363f-8e5217544c0458873bb1c5f404e33812-9c5fa2ed8613cad82b020f1831aed94b-90a95130290cf7bf3f5b2da0076bb3b6,.zip,01-01-2020,12-31-2020,06-03-2021
18c15bdee140b4a1b21d4c7c9bef81ad,Dynacor Gold Mines,Canada,https://s3.us-east-2.amazonaws.com/rp-20-sources/mandatory-disclosure-report-18c15bdee140b4a1b21d4c7c9bef81ad,.pdf,01-01-2020,12-31-2020,05-25-2021
05e6de303729f720ae4c80e1c4b3b9be-5f67e0720d79cc95a1f446d0a500cb5b-8daa74bfb3acb6b1da67fdbf5a8f7997-62a9403c4cf03e29f25ae3b53fa73c87,Tullow Oil PLC,United Kingdom of Great Britain and Northern Ireland,https://s3.us-east-2.amazonaws.com/rp-20-sources/mandatory-disclosure-report-05e6de303729f720ae4c80e1c4b3b9be-5f67e0720d79cc95a1f446d0a500cb5b-8daa74bfb3acb6b1da67fdbf5a8f7997-62a9403c4cf03e29f25ae3b53fa73c87,.zip,01-01-2020,12-31-2020,06-21-2021
446f1e80a5596b314535b7af82a24aa0,Sinopec Daylight Energy Limited,Canada,https://s3.us-east-2.amazonaws.com/rp-20-sources/mandatory-disclosure-report-446f1e80a5596b314535b7af82a24aa0,.pdf,01-01-2020,12-31-2020,04-30-2021
36bae2277505ec25966ce5c400e5f9c7,Jien International Investment Limited,Canada,https://s3.us-east-2.amazonaws.com/rp-20-sources/mandatory-disclosure-report-36bae2277505ec25966ce5c400e5f9c7,.pdf,01-01-2019,12-31-2019,03-18-2021
6dfb163fffb592b223c5bc7a3cf8715c,Pieridae Energy Limited,Canada,https://s3.us-east-2.amazonaws.com/rp-20-sources/mandatory-disclosure-report-6dfb163fffb592b223c5bc7a3cf8715c,.pdf,01-01-2020,12-31-2020,05-28-2021
b9840b54d6eff9d5606dda17efa5cf57,Integra Resources Corp.,Canada,https://s3.us-east-2.amazonaws.com/rp-20-sources/mandatory-disclosure-report-b9840b54d6eff9d5606dda17efa5cf57,.pdf,01-01-2020,12-31-2020,05-20-2021
45efbf52186b172eeec34ef14d12159b,Trevali Mining Corporation,Canada,https://s3.us-east-2.amazonaws.com/rp-20-sources/mandatory-disclosure-report-45efbf52186b172eeec34ef14d12159b,.pdf,01-01-2020,12-31-2020,05-25-2021
cd130f46228447952e69967e76d5c39d,Orvana Minerals Corporation,Canada,https://s3.us-east-2.amazonaws.com/rp-20-sources/mandatory-disclosure-report-cd130f46228447952e69967e76d5c39d,.pdf,10-01-2019,09-30-2020,02-23-2021
789cbc6eed9f6ea9a87d4b5dcae51a67,Granite Oil Corporation,Canada,https://s3.us-east-2.amazonaws.com/rp-20-sources/mandatory-disclosure-report-789cbc6eed9f6ea9a87d4b5dcae51a67,.pdf,01-01-2016,12-31-2016,05-29-2017
460214b2afcaed068257b2aae5c91031,Repsol S.A.,Spain,https://s3.us-east-2.amazonaws.com/rp-20-sources/mandatory-disclosure-report-460214b2afcaed068257b2aae5c91031,.pdf,01-01-2020,12-31-2020,02-17-2021
e1b72ad24b857673aab55a909aaa9f4d,Vitol Holding II S.A.,Luxembourg,https://s3.us-east-2.amazonaws.com/rp-20-sources/mandatory-disclosure-report-e1b72ad24b857673aab55a909aaa9f4d,.pdf,01-01-2019,12-31-2019,10-09-2020
ff248e2c446d24dcc4c4f867dc8a993f,Royal Dutch Shell plc,United Kingdom of Great Britain and Northern Ireland,https://s3.us-east-2.amazonaws.com/rp-20-sources/mandatory-disclosure-reportff248e2c446d24dcc4c4f867dc8a993f,.pdf,01-01-2017,12-31-2017,04-09-2018
674a1aeb5575cc44e2e53f8f566d751e,Newcrest Red Chris Mining Limited,Canada,https://s3.us-east-2.amazonaws.com/rp-20-sources/mandatory-disclosure-report-674a1aeb5575cc44e2e53f8f566d751e,.pdf,08-15-2019,06-30-2020,03-26-2021
e1d609e242044a1463e97b088e7ef5a9,SEMAFO Incorporated,Canada,https://s3.us-east-2.amazonaws.com/rp-20-sources/mandatory-disclosure-report-e1d609e242044a1463e97b088e7ef5a9,.pdf,01-01-2019,12-31-2019,03-31-2021
e2fcc1bd6c808be30a65c869923fd28f,Itafos,Canada,https://s3.us-east-2.amazonaws.com/rp-20-sources/mandatory-disclosure-report-e2fcc1bd6c808be30a65c869923fd28f,.pdf,01-01-2020,12-31-2020,03-25-2021
10d5ad68f99dcfd4f67668d83759137a,Midas Gold Corporation,Canada,https://s3.us-east-2.amazonaws.com/rp-20-sources/mandatory-disclosure-report-10d5ad68f99dcfd4f67668d83759137a,.pdf,01-01-2020,12-31-2020,05-28-2021
39bab9987f5562bf189c380f06997712,Equity Metals Corporation,Canada,https://s3.us-east-2.amazonaws.com/rp-20-sources/mandatory-disclosure-report-39bab9987f5562bf189c380f06997712,.pdf,09-01-2019,08-31-2020,04-06-2021
50dcdd904ce633c3fb60059ddf747d3e,MAG Silver Corporation,Canada,https://s3.us-east-2.amazonaws.com/rp-20-sources/mandatory-disclosure-report-50dcdd904ce633c3fb60059ddf747d3e,.pdf,01-01-2020,12-31-2020,05-28-2021
77100874a36d7d6e6e85c304bb6b7db4,Auryn Resources Incorporated,Canada,https://s3.us-east-2.amazonaws.com/rp-20-sources/mandatory-disclosure-report-77100874a36d7d6e6e85c304bb6b7db4,.pdf,01-01-2016,12-31-2016,05-31-2021
6717c866eef7315e73bcabe4af6f2a36,Harvest Operations Corporation,Canada,https://s3.us-east-2.amazonaws.com/rp-20-sources/mandatory-disclosure-report-6717c866eef7315e73bcabe4af6f2a36,.pdf,01-01-2020,12-31-2020,05-28-2021
79c14d946bff2113376d54cf7035eb5c,Baffinland Iron Mines Corporation,Canada,https://s3.us-east-2.amazonaws.com/rp-20-sources/mandatory-disclosure-report-79c14d946bff2113376d54cf7035eb5c,.pdf,01-01-2020,12-31-2020,05-31-2021
367e8660ae19f16424c39b17773fa6ed,De Beers Canada Holdings Incorporated,Canada,https://s3.us-east-2.amazonaws.com/rp-20-sources/mandatory-disclosure-report-367e8660ae19f16424c39b17773fa6ed,.pdf,01-01-2020,12-31-2020,06-29-2021
c32066bd2ea4ea03b46ffad66240033b,Sierra Metals Incorporated,Canada,https://s3.us-east-2.amazonaws.com/rp-20-sources/mandatory-disclosure-report-c32066bd2ea4ea03b46ffad66240033b,.pdf,01-01-2020,12-31-2020,05-25-2021
b1ced6c72961257cf216c26a7938573a,Canadian Malartic Corporation,Canada,https://s3.us-east-2.amazonaws.com/rp-20-sources/mandatory-disclosure-report-b1ced6c72961257cf216c26a7938573a,.pdf,01-01-2020,12-31-2020,05-14-2021
bff54628bbda1b71b60ba570759ab87b,Lundin Mining Corporation,Canada,https://s3.us-east-2.amazonaws.com/rp-20-sources/mandatory-disclosure-report-bff54628bbda1b71b60ba570759ab87b,.pdf,01-01-2020,12-31-2020,05-27-2021
5b470bfd7c256c75b2e95e9f539f4226,Evolution Mining Gold Operations Ltd.,Canada,https://s3.us-east-2.amazonaws.com/rp-20-sources/mandatory-disclosure-report-5b470bfd7c256c75b2e95e9f539f4226,.pdf,04-01-2020,06-30-2020,12-11-2020
e3d8dd34514a72c8662dbdafdeb35aa1,NewCastle Gold Limited,Canada,https://s3.us-east-2.amazonaws.com/rp-20-sources/mandatory-disclosure-report-e3d8dd34514a72c8662dbdafdeb35aa1,.pdf,01-01-2016,12-31-2016,05-26-2017
aed3aa71a03788eea62b6e1c0330fe3e,Resolute Mining Limited,United Kingdom of Great Britain and Northern Ireland,https://s3.us-east-2.amazonaws.com/rp-20-sources/mandatory-disclosure-report-aed3aa71a03788eea62b6e1c0330fe3e,.html,01-01-2020,12-31-2020,03-29-2021
33b7148efd2d264848fe2f06044c1a48,Teine Energy Limited,Canada,https://s3.us-east-2.amazonaws.com/rp-20-sources/mandatory-disclosure-report-33b7148efd2d264848fe2f06044c1a48,.pdf,01-01-2020,12-31-2020,03-18-2021
af1cf4d46068fe067d090f7028497e2b-af27d6244e4a5ef9e81a5d8579a563fa-0445b96b6e4c899ca054ebca6a987980-736372f4099763e9b86ee18ce1b6e66d,Aggregate Industries UK Limited,United Kingdom of Great Britain and Northern Ireland,https://s3.us-east-2.amazonaws.com/rp-20-sources/mandatory-disclosure-report-af1cf4d46068fe067d090f7028497e2b-af27d6244e4a5ef9e81a5d8579a563fa-0445b96b6e4c899ca054ebca6a987980-736372f4099763e9b86ee18ce1b6e66d,.zip,01-01-2019,12-31-2019,04-13-2021
00f2b3f341ef11998ba86cbcbc4ba858,Los Andes Copper Ltd.,Canada,https://s3.us-east-2.amazonaws.com/rp-20-sources/mandatory-disclosure-report-00f2b3f341ef11998ba86cbcbc4ba858,.pdf,10-01-2019,09-30-2020,03-30-2021
261772b5fa528a9d99295bf4e30df3d3,ValOre Metals Corporation,Canada,https://s3.us-east-2.amazonaws.com/rp-20-sources/mandatory-disclosure-report-261772b5fa528a9d99295bf4e30df3d3,.pdf,10-01-2017,09-30-2018,04-06-2021
51636cf3dfa8cf3a2ff7959295c73351,Outlier Resources Ltd.,Canada,https://s3.us-east-2.amazonaws.com/rp-20-sources/mandatory-disclosure-report-51636cf3dfa8cf3a2ff7959295c73351,.html,01-01-2020,12-31-2020,03-23-2021
5f1b64d562b3ffc69129368df5ce9d13,Advantage Lithium Corporation,Canada,https://s3.us-east-2.amazonaws.com/rp-20-sources/mandatory-disclosure-report-5f1b64d562b3ffc69129368df5ce9d13,.pdf,06-01-2019,07-31-2020,04-19-2021
63aadf5dd66e0233ac0f018043d9b545,Devon Canada Corporation,Canada,https://s3.us-east-2.amazonaws.com/rp-20-sources/mandatory-disclosure-report-63aadf5dd66e0233ac0f018043d9b545,.pdf,01-01-2019,12-31-2019,03-17-2021
5248a1e438d79f8928f337d388deb94f,Nouveau Monde Graphite Incorporated,Canada,https://s3.us-east-2.amazonaws.com/rp-20-sources/mandatory-disclosure-report-5248a1e438d79f8928f337d388deb94f,.pdf,01-01-2019,12-31-2019,09-25-2020
30ff2b5e958bebb649ba6bed69b52e3d,PJSC Lukoil Oil Company,United Kingdom of Great Britain and Northern Ireland,https://s3.us-east-2.amazonaws.com/rp-20-sources/mandatory-disclosure-report-30ff2b5e958bebb649ba6bed69b52e3d,.html,01-01-2020,12-31-2020,06-22-2021
9d83c4919a07bedb767d38e5d3854bd7,Minera IRL Limited,Canada,https://s3.us-east-2.amazonaws.com/rp-20-sources/mandatory-disclosure-report-9d83c4919a07bedb767d38e5d3854bd7,.pdf,01-01-2020,12-31-2020,05-26-2021
d0e040e5f4f18ee1e3600b44d0733e39,Petrus Resources Limited,Canada,https://s3.us-east-2.amazonaws.com/rp-20-sources/mandatory-disclosure-report-d0e040e5f4f18ee1e3600b44d0733e39,.pdf,01-01-2020,12-31-2020,05-27-2021
ef331e015b1ffb1de73ee9966fce994c,Kirkland Lake Gold Limited,Canada,https://s3.us-east-2.amazonaws.com/rp-20-sources/mandatory-disclosure-report-ef331e015b1ffb1de73ee9966fce994c,.pdf,01-01-2020,12-31-2020,05-28-2021
37c3efea1c7a8dd6f5b0025564d03ebc,Sandspring Resources Limited,Canada,https://s3.us-east-2.amazonaws.com/rp-20-sources/mandatory-disclosure-report-37c3efea1c7a8dd6f5b0025564d03ebc,.pdf,01-01-2018,12-31-2018,06-03-2019
b8c15695effe6d090d7cc56ad1595fd7,Asian Mineral Resources Limited,Canada,https://s3.us-east-2.amazonaws.com/rp-20-sources/mandatory-disclosure-report-b8c15695effe6d090d7cc56ad1595fd7,.pdf,01-01-2016,12-31-2016,05-24-2017
81f0a377348d55217ccd52b8d448b134,Sandfire Resources America Incorporated,Canada,https://s3.us-east-2.amazonaws.com/rp-20-sources/mandatory-disclosure-report-81f0a377348d55217ccd52b8d448b134,.pdf,07-01-2019,06-30-2020,11-05-2020
16a33a7fd1122f0ffaa813c9aef02dde,Lundin Petroleum AB,Sweden,https://s3.us-east-2.amazonaws.com/rp-20-sources/mandatory-disclosure-report-16a33a7fd1122f0ffaa813c9aef02dde,.pdf,01-01-2020,12-31-2020,03-03-2021
058767f63db6de9ad8c195012e976886,Kerr Mines Inc.,Canada,https://s3.us-east-2.amazonaws.com/rp-20-sources/mandatory-disclosure-report-058767f63db6de9ad8c195012e976886,.pdf,07-01-2019,06-30-2020,02-24-2021
8397d447a4762da8065f91966cc046d3,Silver Bull Resources Incorporated,Canada,https://s3.us-east-2.amazonaws.com/rp-20-sources/mandatory-disclosure-report-8397d447a4762da8065f91966cc046d3,.pdf,11-01-2019,10-31-2020,03-19-2021
39824b16296bf9f5d142e91f2edca2aa,Southern Energy Corporation,Canada,https://s3.us-east-2.amazonaws.com/rp-20-sources/mandatory-disclosure-report-39824b16296bf9f5d142e91f2edca2aa,.pdf,01-01-2020,12-31-2020,05-04-2021
bee0f53571773052af7c1abf567ad2ad,Pan American Silver Corporation,Canada,https://s3.us-east-2.amazonaws.com/rp-20-sources/mandatory-disclosure-report-bee0f53571773052af7c1abf567ad2ad,.pdf,01-01-2020,12-31-2020,04-29-2021
20cfe191e6319d00eacd09b1ae0c6e69,Frontera Energy Corporation,Canada,https://s3.us-east-2.amazonaws.com/rp-20-sources/mandatory-disclosure-report-20cfe191e6319d00eacd09b1ae0c6e69,.pdf,01-01-2020,12-31-2020,05-28-2021
2f815d5395e29bba08b86ce254928652,NuVista Energy Limited,Canada,https://s3.us-east-2.amazonaws.com/rp-20-sources/mandatory-disclosure-report-2f815d5395e29bba08b86ce254928652,.pdf,01-01-2020,12-31-2020,05-28-2021
b534f6936cc14c22fa5dc05b75405586,Canada Hibernia Holding Corporation,Canada,https://s3.us-east-2.amazonaws.com/rp-20-sources/mandatory-disclosure-report-b534f6936cc14c22fa5dc05b75405586,.pdf,01-01-2020,12-31-2020,05-31-2021
f76851f56a39e6b3989cd7de87ca7f39-8ecb4ffd72c55c7980fcc9089d7591b6-886540737f5e0f43402274258d5fe972-e59b8cb77d999dc38c74b05aaf3ccf09,Vedanta Resources Limited,United Kingdom of Great Britain and Northern Ireland,https://s3.us-east-2.amazonaws.com/rp-20-sources/mandatory-disclosure-report-f76851f56a39e6b3989cd7de87ca7f39-8ecb4ffd72c55c7980fcc9089d7591b6-886540737f5e0f43402274258d5fe972-e59b8cb77d999dc38c74b05aaf3ccf09,.zip,04-01-2019,03-31-2020,02-03-2021
38e6deb82622df257d10a7cde909df42,Bear Creek Mining Corporation,Canada,https://s3.us-east-2.amazonaws.com/rp-20-sources/mandatory-disclosure-report-38e6deb82622df257d10a7cde909df42,.pdf,01-01-2020,12-31-2020,02-22-2021
d3718afab38fd096705f70c6d2eb0ef8,Granite Oil Corporation,Canada,https://s3.us-east-2.amazonaws.com/rp-20-sources/mandatory-disclosure-report-d3718afab38fd096705f70c6d2eb0ef8,.pdf,01-01-2017,12-31-2017,05-10-2018
be819dd79069ac42da954a9964244f7f,"VAALCO Energy, Inc.",United Kingdom of Great Britain and Northern Ireland,https://s3.us-east-2.amazonaws.com/rp-20-sources/mandatory-disclosure-report-be819dd79069ac42da954a9964244f7f,.html,01-01-2020,12-31-2020,03-02-2021
17988c7cdfe6cf014de02ea289b2d154,Victoria Gold Corporation,Canada,https://s3.us-east-2.amazonaws.com/rp-20-sources/mandatory-disclosure-report-17988c7cdfe6cf014de02ea289b2d154,.pdf,01-01-2020,12-31-2020,03-26-2021
e4539e45194ee378d2a8e146afec2355,Taseko Mines Limited,Canada,https://s3.us-east-2.amazonaws.com/rp-20-sources/mandatory-disclosure-report-e4539e45194ee378d2a8e146afec2355,.pdf,01-01-2020,12-31-2020,03-31-2021
a5278b863571bc7e07c7332dc901cbc4,Crown Point Energy Incorporated,Canada,https://s3.us-east-2.amazonaws.com/rp-20-sources/mandatory-disclosure-report-a5278b863571bc7e07c7332dc901cbc4,.pdf,01-01-2020,12-31-2020,05-13-2021
300b7f82585f55e46b0638175ce9150e,Perpetual Energy Incorporated,Canada,https://s3.us-east-2.amazonaws.com/rp-20-sources/mandatory-disclosure-report-300b7f82585f55e46b0638175ce9150e,.pdf,01-01-2020,12-31-2020,05-27-2021
7957352baa5e4046e9d78ecfcfea52b5-e8cfb985fce56592686bc3a3c73e760e-27ffd984f10a86ea2b70beaca6893ce0-f2e20f2969a928598c62e3eb91335dbb,Petropavlovsk plc,United Kingdom of Great Britain and Northern Ireland,https://s3.us-east-2.amazonaws.com/rp-20-sources/mandatory-disclosure-report-7957352baa5e4046e9d78ecfcfea52b5-e8cfb985fce56592686bc3a3c73e760e-27ffd984f10a86ea2b70beaca6893ce0-f2e20f2969a928598c62e3eb91335dbb,.zip,01-01-2020,12-31-2020,06-29-2021
5a1cc335ae7b80258a7f7fe3f8ce5302-43bbaa647ad4c1ac8b438171d694a7f1-ff43ba4233e65e0b4d8e6147894ca499-dcdac71fc84e10f3783f3ac736c77b31,Cairn Energy PLC,United Kingdom of Great Britain and Northern Ireland,https://s3.us-east-2.amazonaws.com/rp-20-sources/mandatory-disclosure-report-5a1cc335ae7b80258a7f7fe3f8ce5302-43bbaa647ad4c1ac8b438171d694a7f1-ff43ba4233e65e0b4d8e6147894ca499-dcdac71fc84e10f3783f3ac736c77b31,.zip,01-01-2020,12-31-2020,07-07-2021
a1b70a6699186d229a0aa46b448f6d4d,AEX Gold Incorporated,Canada,https://s3.us-east-2.amazonaws.com/rp-20-sources/mandatory-disclosure-report-a1b70a6699186d229a0aa46b448f6d4d,.pdf,01-01-2020,12-31-2020,05-27-2021
789205e2c4bc3b256d7b6b645b26502e,Corex Resources Limited,Canada,https://s3.us-east-2.amazonaws.com/rp-20-sources/mandatory-disclosure-report-789205e2c4bc3b256d7b6b645b26502e,.pdf,01-31-2020,12-31-2020,05-19-2021
d0459dbc7d35f703bd7ec45a7a52420c,Aurania Resources Limited,Canada,https://s3.us-east-2.amazonaws.com/rp-20-sources/mandatory-disclosure-report-d0459dbc7d35f703bd7ec45a7a52420c,.pdf,01-01-2020,12-31-2020,01-29-2021
a18b2f3da86a394adcc50f5239026de3,Arizona Mining Incorporated,Canada,https://s3.us-east-2.amazonaws.com/rp-20-sources/mandatory-disclosure-report-a18b2f3da86a394adcc50f5239026de3,.pdf,01-01-2016,12-31-2016,05-26-2017
bc7670a8ca99db4f57c852aa5a42bedb,Granite Oil Corporation,Canada,https://s3.us-east-2.amazonaws.com/rp-20-sources/mandatory-disclosure-report-bc7670a8ca99db4f57c852aa5a42bedb,.pdf,01-01-2019,12-31-2019,08-19-2020
04ecd7385b330a97d682ab5d600bd42b,Centamin plc,Canada,https://s3.us-east-2.amazonaws.com/rp-20-sources/mandatory-disclosure-report-04ecd7385b330a97d682ab5d600bd42b,.pdf,01-01-2020,12-31-2020,04-06-2021
9b8e84d340def12ea526a9b7c2960b4a,Contact Gold Corporation,Canada,https://s3.us-east-2.amazonaws.com/rp-20-sources/mandatory-disclosure-report-9b8e84d340def12ea526a9b7c2960b4a,.pdf,01-01-2020,12-31-2020,03-23-2021
ad5745bdd2f522592ccd35df1202bd51,Buffalo Coal Corporation,Canada,https://s3.us-east-2.amazonaws.com/rp-20-sources/mandatory-disclosure-report-ad5745bdd2f522592ccd35df1202bd51,.pdf,01-01-2020,12-31-2020,05-12-2021
b1bf5ce79263e087aa901a6968da4251,Orano Canada Incorporated,Canada,https://s3.us-east-2.amazonaws.com/rp-20-sources/mandatory-disclosure-report-b1bf5ce79263e087aa901a6968da4251,.pdf,01-01-2020,12-31-2020,05-12-2021
8ebdf081615812ddb6c2dfc9235af858-7d15bcd48786eabfc2855f0cbbdbe851-75cd207aea4fd2870b4a53069546f37d-8824fc81147265aa55ba8729252c4469,Nostrum Oil & Gas Plc,United Kingdom of Great Britain and Northern Ireland,https://s3.us-east-2.amazonaws.com/rp-20-sources/mandatory-disclosure-report-8ebdf081615812ddb6c2dfc9235af858-7d15bcd48786eabfc2855f0cbbdbe851-75cd207aea4fd2870b4a53069546f37d-8824fc81147265aa55ba8729252c4469,.zip,01-01-2020,12-31-2020,06-24-2021
380e0b9ee8a6a4fd437f9885ce2a7010,Ciment Quebec Incorporated,Canada,https://s3.us-east-2.amazonaws.com/rp-20-sources/mandatory-disclosure-report-380e0b9ee8a6a4fd437f9885ce2a7010,.pdf,01-01-2020,12-31-2020,06-03-2021
58fe37c0013fa71ae32fc7165e409ee8,Northern Dynasty Minerals Limited,Canada,https://s3.us-east-2.amazonaws.com/rp-20-sources/mandatory-disclosure-report-58fe37c0013fa71ae32fc7165e409ee8,.pdf,01-01-2020,12-31-2020,05-18-2021
709e6296bc88f83602e73fb246827a9c,Ivanhoe Mines Limited,Canada,https://s3.us-east-2.amazonaws.com/rp-20-sources/mandatory-disclosure-report-709e6296bc88f83602e73fb246827a9c,.pdf,01-01-2020,12-31-2020,05-28-2021
2a37ecf576a1c0796619a24293313bbe,Adriatic Metals PLC,United Kingdom of Great Britain and Northern Ireland,https://s3.us-east-2.amazonaws.com/rp-20-sources/mandatory-disclosure-report-2a37ecf576a1c0796619a24293313bbe,.html,01-01-2020,12-31-2020,06-21-2021
c8087e6430b4975cef57bc042144101f,ORLEN Upstream Canada Limited,Canada,https://s3.us-east-2.amazonaws.com/rp-20-sources/mandatory-disclosure-report-c8087e6430b4975cef57bc042144101f,.pdf,01-01-2020,12-31-2020,07-12-2021
a82eaf91596bf83ca2efa315bb2de51d,Almadex Minerals Limited,Canada,https://s3.us-east-2.amazonaws.com/rp-20-sources/mandatory-disclosure-report-a82eaf91596bf83ca2efa315bb2de51d,.pdf,01-01-2020,12-31-2020,05-28-2021
bdb605b611ba4832eb70dbb9ced9353c,Seven Generations Energy Limited,Canada,https://s3.us-east-2.amazonaws.com/rp-20-sources/mandatory-disclosure-report-bdb605b611ba4832eb70dbb9ced9353c,.pdf,01-01-2020,12-31-2020,04-05-2021
8b28b28f3e6675f22b43841de09b6239,Freegold Ventures Limited,Canada,https://s3.us-east-2.amazonaws.com/rp-20-sources/mandatory-disclosure-report-8b28b28f3e6675f22b43841de09b6239,.pdf,01-01-2020,12-31-2020,05-13-2021
c5ba0c3e5d76a1c4113c5bf27a20c55a,Manulife Resources Limited,Canada,https://s3.us-east-2.amazonaws.com/rp-20-sources/mandatory-disclosure-report-c5ba0c3e5d76a1c4113c5bf27a20c55a,.pdf,01-01-2020,12-31-2020,04-27-2021
d3af0ebebc77d0b3cf4510094517d727,Vista Gold Corporation,Canada,https://s3.us-east-2.amazonaws.com/rp-20-sources/mandatory-disclosure-report-d3af0ebebc77d0b3cf4510094517d727,.pdf,01-01-2020,12-31-2020,05-14-2021
56d9d52cfe67ad50af84315867ca76f9,Gulf Keystone Petroleum Limited,United Kingdom of Great Britain and Northern Ireland,https://s3.us-east-2.amazonaws.com/rp-20-sources/mandatory-disclosure-report-56d9d52cfe67ad50af84315867ca76f9,.html,01-01-2020,12-31-2020,05-18-2021
1258a1aeff7e0e5f0ccc917b44c307e7,Alamos Gold Incorporated,Canada,https://s3.us-east-2.amazonaws.com/rp-20-sources/mandatory-disclosure-report-1258a1aeff7e0e5f0ccc917b44c307e7,.pdf,01-01-2020,12-31-2020,05-27-2021
144d531d9c0e1f7d29fe9cecd532f5b7,Candente Copper Corporation,Canada,https://s3.us-east-2.amazonaws.com/rp-20-sources/mandatory-disclosure-report-144d531d9c0e1f7d29fe9cecd532f5b7,.pdf,01-01-2020,12-31-2020,05-28-2021
1925d2b5ce661f7cf8c3667d26093ff1,Liberty Gold Corporation,Canada,https://s3.us-east-2.amazonaws.com/rp-20-sources/mandatory-disclosure-report-1925d2b5ce661f7cf8c3667d26093ff1,.pdf,01-01-2020,12-31-2020,05-26-2021
02963c62372159010cedd5f9701f7278,Gold Springs Resource Corporation,Canada,https://s3.us-east-2.amazonaws.com/rp-20-sources/mandatory-disclosure-report-02963c62372159010cedd5f9701f7278,.pdf,01-01-2020,12-31-2020,05-31-2021
699c85adb91d7c1d24d546496a09d290-043bfc77d8f02ce33638768d2155ee0a-eaee599539141c9fa574510869331277-66be2c8a70e19633173bd6ee7a593c3b,Bisichi PLC,United Kingdom of Great Britain and Northern Ireland,https://s3.us-east-2.amazonaws.com/rp-20-sources/mandatory-disclosure-report-699c85adb91d7c1d24d546496a09d290-043bfc77d8f02ce33638768d2155ee0a-eaee599539141c9fa574510869331277-66be2c8a70e19633173bd6ee7a593c3b,.zip,01-01-2020,12-31-2020,06-17-2021
312dfac4acb19530964705e62870345d,Lucara Diamond Corporation,Canada,https://s3.us-east-2.amazonaws.com/rp-20-sources/mandatory-disclosure-report-312dfac4acb19530964705e62870345d,.pdf,01-01-2020,12-31-2020,05-31-2021
370176e8494b38091816c172566dff43,Cequence Energy Limited,Canada,https://s3.us-east-2.amazonaws.com/rp-20-sources/mandatory-disclosure-report-370176e8494b38091816c172566dff43,.pdf,01-01-2020,12-31-2020,05-27-2021
47561687a9d17b8fff1ace4e65e41f14,Headwater Exploration Inc.,Canada,https://s3.us-east-2.amazonaws.com/rp-20-sources/mandatory-disclosure-report-47561687a9d17b8fff1ace4e65e41f14,.pdf,01-01-2020,12-31-2020,05-28-2021
4c03fc6df91625caf7baa32d9c9ea60b,Aspenleaf Energy Limited,Canada,https://s3.us-east-2.amazonaws.com/rp-20-sources/mandatory-disclosure-report-4c03fc6df91625caf7baa32d9c9ea60b,.pdf,01-01-2020,12-31-2020,05-27-2021
143f82b472a50888f2d28191027fe4b6,White Gold Corporation,Canada,https://s3.us-east-2.amazonaws.com/rp-20-sources/mandatory-disclosure-report-143f82b472a50888f2d28191027fe4b6,.pdf,01-01-2020,12-31-2020,06-17-2021
570d440b987c1bfa6010b399e7309f25,MEG Energy Corporation,Canada,https://s3.us-east-2.amazonaws.com/rp-20-sources/mandatory-disclosure-report-570d440b987c1bfa6010b399e7309f25,.pdf,01-01-2020,12-31-2020,05-28-2021
58857600dce421e6da51d6896d0ff780,Shanghai Energy Corporation,Canada,https://s3.us-east-2.amazonaws.com/rp-20-sources/mandatory-disclosure-report-58857600dce421e6da51d6896d0ff780,.pdf,01-01-2020,12-31-2020,05-28-2021
d88a25335bbda41030a41c54046e439b,Golden Queen Mining Company Limited,Canada,https://s3.us-east-2.amazonaws.com/rp-20-sources/mandatory-disclosure-report-d88a25335bbda41030a41c54046e439b,.pdf,01-01-2018,12-31-2018,05-28-2019
fef3bc348f8d060f809415ea0a32a3ad,Silver One Resources Incorporated,Canada,https://s3.us-east-2.amazonaws.com/rp-20-sources/mandatory-disclosure-report-fef3bc348f8d060f809415ea0a32a3ad,.pdf,01-01-2020,12-31-2020,05-30-2021
1e19700cf0838c78bc3b126ee418f4de,PJSC Novolipetsk Steel,United Kingdom of Great Britain and Northern Ireland,https://s3.us-east-2.amazonaws.com/rp-20-sources/mandatory-disclosure-report-1e19700cf0838c78bc3b126ee418f4de,.pdf,01-01-2020,12-31-2020
cea6419bf80c0d036bd47a7fb07f2190,Karve Energy Incorporated,Canada,https://s3.us-east-2.amazonaws.com/rp-20-sources/mandatory-disclosure-report-cea6419bf80c0d036bd47a7fb07f2190,.pdf,01-01-2020,12-31-2020,05-26-2021
7d62e7d68315deed4a3298d37748055b,ISH Energy Limited,Canada,https://s3.us-east-2.amazonaws.com/rp-20-sources/mandatory-disclosure-report-7d62e7d68315deed4a3298d37748055b,.pdf,01-01-2018,12-31-2018,05-21-2019
dc51976440d6f91db4ed0bdaa6f299d6,Sandspring Resources Limited,Canada,https://s3.us-east-2.amazonaws.com/rp-20-sources/mandatory-disclosure-report-dc51976440d6f91db4ed0bdaa6f299d6,.pdf,01-01-2016,12-31-2016,05-29-2017
41aa1a1c2f9ed112f0fc6ffb89f69a31,Rampart Oil Incorporated,Canada,https://s3.us-east-2.amazonaws.com/rp-20-sources/mandatory-disclosure-report-41aa1a1c2f9ed112f0fc6ffb89f69a31,.pdf,01-01-2020,12-31-2020,02-24-2021
0bf7210592701dc23b1bd4427ebc688b,Vesta Energy Corporation,Canada,https://s3.us-east-2.amazonaws.com/rp-20-sources/mandatory-disclosure-report-0bf7210592701dc23b1bd4427ebc688b,.pdf,01-01-2018,12-31-2018,03-15-2021
7c4c57b8fbc3119ca0bdab3652440e62,ExxonMobil Canada Energy Limited,Canada,https://s3.us-east-2.amazonaws.com/rp-20-sources/mandatory-disclosure-report-7c4c57b8fbc3119ca0bdab3652440e62,.pdf,12-01-2020,01-31-2021,04-27-2021
104818f286c4b429161b66f13fd98a25,B2Gold Corporation,Canada,https://s3.us-east-2.amazonaws.com/rp-20-sources/mandatory-disclosure-report-104818f286c4b429161b66f13fd98a25,.pdf,01-01-2020,12-31-2020,05-05-2021
81783640fbe5f72d2fe4ecfb1b533993,PolyMet Mining Corporation,Canada,https://s3.us-east-2.amazonaws.com/rp-20-sources/mandatory-disclosure-report-81783640fbe5f72d2fe4ecfb1b533993,.pdf,01-01-2020,12-31-2020,05-07-2021
ae09b76611e578da59e65078712bded4,Tundra Oil and Gas Limited,Canada,https://s3.us-east-2.amazonaws.com/rp-20-sources/mandatory-disclosure-report-ae09b76611e578da59e65078712bded4,.pdf,01-01-2020,12-31-2020,05-12-2021
fd36c2042518b618b46e0d220a844ab1,Renaissance Gold Incorporated,Canada,https://s3.us-east-2.amazonaws.com/rp-20-sources/mandatory-disclosure-report-fd36c2042518b618b46e0d220a844ab1,.pdf,07-01-2015,06-30-2016,03-25-2021
fcec671f407a6c43285eb0bb403ee9cb,Sabina Gold & Silver Corporation,Canada,https://s3.us-east-2.amazonaws.com/rp-20-sources/mandatory-disclosure-report-fcec671f407a6c43285eb0bb403ee9cb,.pdf,01-01-2020,12-31-2020,05-12-2021
9b511921debeeb284fe9b042c01ea2f7-334c621ad08648f8b0a817a5a3ec2e25-8fbb5c27007398f101375ba014109e5f-79bc0647e1dc93f8483b87f04f21b262,London & Associated Properties PLC,United Kingdom of Great Britain and Northern Ireland,https://s3.us-east-2.amazonaws.com/rp-20-sources/mandatory-disclosure-report-9b511921debeeb284fe9b042c01ea2f7-334c621ad08648f8b0a817a5a3ec2e25-8fbb5c27007398f101375ba014109e5f-79bc0647e1dc93f8483b87f04f21b262,.zip,01-01-2020,12-31-2020,06-17-2021
1ca7656ec3aee52486c9a8aac4b177f2,Cameco Corporation,Canada,https://s3.us-east-2.amazonaws.com/rp-20-sources/mandatory-disclosure-report-1ca7656ec3aee52486c9a8aac4b177f2,.pdf,01-01-2020,12-31-2020,05-31-2021
437c6464a2f071e6e72ed1425eef631f,Coeur Silvertip Holdings Limited,Canada,https://s3.us-east-2.amazonaws.com/rp-20-sources/mandatory-disclosure-report-437c6464a2f071e6e72ed1425eef631f,.pdf,01-01-2020,12-31-2020,05-21-2021
54b4a9d7c62e177314f6546fd1bc387f,Murphy Oil Company Limited,Canada,https://s3.us-east-2.amazonaws.com/rp-20-sources/mandatory-disclosure-report-54b4a9d7c62e177314f6546fd1bc387f,.pdf,01-01-2020,12-31-2020,05-26-2021
639196fab9c265fed188f060a7e33b07,Altura Energy Incorporated,Canada,https://s3.us-east-2.amazonaws.com/rp-20-sources/mandatory-disclosure-report-639196fab9c265fed188f060a7e33b07,.pdf,01-01-2020,12-31-2020,05-28-2021
9aa3ad72162d990b505f14a401b53e7e,Dominion Diamond Mines,Canada,https://s3.us-east-2.amazonaws.com/rp-20-sources/mandatory-disclosure-report-9aa3ad72162d990b505f14a401b53e7e,.pdf,01-01-2020,12-31-2020,05-21-2021
76c1fb453853621615ea67b7cccdb48a,Rio Tinto Canada Incorporated,Canada,https://s3.us-east-2.amazonaws.com/rp-20-sources/mandatory-disclosure-report-76c1fb453853621615ea67b7cccdb48a,.pdf,01-01-2020,12-31-2020,05-31-2021
e86a82711726480485e9ac939319bb47,Great Bear Resources Limited,Canada,https://s3.us-east-2.amazonaws.com/rp-20-sources/mandatory-disclosure-report-e86a82711726480485e9ac939319bb47,.pdf,01-01-2020,12-31-2020,05-31-2021
35f05255606e6576078cc86b8bda42e6,Canada Hibernia Holding Corporation,Canada,https://s3.us-east-2.amazonaws.com/rp-20-sources/mandatory-disclosure-report-35f05255606e6576078cc86b8bda42e6,.pdf,01-01-2019,12-31-2019,03-15-2021
77ee1d90d905ede91d042c976dfb0107,Sailfish Royalty Corp.,Canada,https://s3.us-east-2.amazonaws.com/rp-20-sources/mandatory-disclosure-report-77ee1d90d905ede91d042c976dfb0107,.pdf,01-01-2020,12-31-2020,04-27-2021
714c391daed3e4244c4a74782275ba10,Conuma Resources Limited,Canada,https://s3.us-east-2.amazonaws.com/rp-20-sources/mandatory-disclosure-report-714c391daed3e4244c4a74782275ba10,.pdf,01-01-2020,12-31-2020,04-26-2021
d4338d116aa4eb95f7ace52498fc83cb,Anaconda Mining Incorporated,Canada,https://s3.us-east-2.amazonaws.com/rp-20-sources/mandatory-disclosure-report-d4338d116aa4eb95f7ace52498fc83cb,.pdf,01-01-2020,12-31-2020,05-06-2021
239afc26768b85acc5898f06b5e83bab,ExxonMobil Luxembourg et Cie,Luxembourg,https://s3.us-east-2.amazonaws.com/rp-20-sources/mandatory-disclosure-report-239afc26768b85acc5898f06b5e83bab,.pdf,01-01-2019,12-31-2019,03-12-2020
8f8f75761f752e68c64ef9041de040d7,Azarga Uranium Corporation,Canada,https://s3.us-east-2.amazonaws.com/rp-20-sources/mandatory-disclosure-report-8f8f75761f752e68c64ef9041de040d7,.pdf,01-01-2020,12-31-2020,05-10-2021
606c882a66df925ea780b7f9792398b8,Solvay S.A.,Belgium,https://s3.us-east-2.amazonaws.com/rp-20-sources/mandatory-disclosure-report-606c882a66df925ea780b7f9792398b8,.pdf,01-01-2020,12-31-2020
0495370c36258a7160e99dddc5619ac9,Ridgeback Resources Incorporated,Canada,https://s3.us-east-2.amazonaws.com/rp-20-sources/mandatory-disclosure-report-0495370c36258a7160e99dddc5619ac9,.pdf,01-01-2020,12-31-2020,05-13-2021
1501685ba65f71dba53770bf7b3a044e,IMPACT Silver Corporation,Canada,https://s3.us-east-2.amazonaws.com/rp-20-sources/mandatory-disclosure-report-1501685ba65f71dba53770bf7b3a044e,.pdf,01-01-2020,12-31-2020,05-21-2021
3c7ad370ead039bc0ba05181fa360287,Orford Mining Corporation,Canada,https://s3.us-east-2.amazonaws.com/rp-20-sources/mandatory-disclosure-report-3c7ad370ead039bc0ba05181fa360287,.pdf,01-01-2020,12-31-2020,05-31-2021
af5738452e3fff96ed2a3b9625377902-dd78fe8dd6b2247950b1fc751b728cc9-c86c5daede0f52ba0d268e0bf66c532f-a2ecfcc003647b6a8876314680f38717,Centrica plc,United Kingdom of Great Britain and Northern Ireland,https://s3.us-east-2.amazonaws.com/rp-20-sources/mandatory-disclosure-report-af5738452e3fff96ed2a3b9625377902-dd78fe8dd6b2247950b1fc751b728cc9-c86c5daede0f52ba0d268e0bf66c532f-a2ecfcc003647b6a8876314680f38717,.zip,01-01-2020,12-31-2020,07-01-2021
5d360cc5d6747aea4eaecb02e98df02e,Mandalay Resources Corporation,Canada,https://s3.us-east-2.amazonaws.com/rp-20-sources/mandatory-disclosure-report-5d360cc5d6747aea4eaecb02e98df02e,.pdf,01-01-2020,12-31-2020
9a86448680ba202cf3e15c882ab4fdb7,Parex Resources Incorporated,Canada,https://s3.us-east-2.amazonaws.com/rp-20-sources/mandatory-disclosure-report-9a86448680ba202cf3e15c882ab4fdb7,.pdf,01-01-2020,12-31-2020,05-26-2021
e0a74023b7dd006b4ecaa1ab6708d3c3,Auryn Resources Incorporated,Canada,https://s3.us-east-2.amazonaws.com/rp-20-sources/mandatory-disclosure-report-e0a74023b7dd006b4ecaa1ab6708d3c3,.pdf,01-01-2018,12-31-2018,05-31-2021
ddcb2a254e1b7d0a05be7f016f7fa91e,Excellon Resources Incorporated,Canada,https://s3.us-east-2.amazonaws.com/rp-20-sources/mandatory-disclosure-report-ddcb2a254e1b7d0a05be7f016f7fa91e,.pdf,01-01-2020,12-31-2020,05-27-2021
c510bf266900a1fae99e5b09a2da93c6-0471b5230db26916f9f4a1b713e1f1c6-07ba57fa87e6d3bee66dd8a95412b747-c423a98f348710cde5011c795fd8a4cb,BHP,United Kingdom of Great Britain and Northern Ireland,https://s3.us-east-2.amazonaws.com/rp-20-sources/mandatory-disclosure-report-c510bf266900a1fae99e5b09a2da93c6-0471b5230db26916f9f4a1b713e1f1c6-07ba57fa87e6d3bee66dd8a95412b747-c423a98f348710cde5011c795fd8a4cb,.zip,07-01-2020,06-30-2021,09-14-2021
ac797f8321b1a9f60bdbb5fdd0ede9c2-b42ad719f31bd14fca297e9abd50d79c-57b42c2186042962b02f6a8d2a677fa9-3647dba04a5aba59920a9fbe1dd00761,EVRAZ plc,United Kingdom of Great Britain and Northern Ireland,https://s3.us-east-2.amazonaws.com/rp-20-sources/mandatory-disclosure-report-ac797f8321b1a9f60bdbb5fdd0ede9c2-b42ad719f31bd14fca297e9abd50d79c-57b42c2186042962b02f6a8d2a677fa9-3647dba04a5aba59920a9fbe1dd00761,.zip,01-01-2020,12-31-2020,09-28-2021
28a3dba8abaa85f2488d136ffd882c21,Ikkuma Resources Corporation,Canada,https://s3.us-east-2.amazonaws.com/rp-20-sources/mandatory-disclosure-report-28a3dba8abaa85f2488d136ffd882c21,.pdf,01-01-2017,12-31-2017,05-28-2018
84b90d4dc27780dfde220f94d15891d7-cc0afcc6004c82f9363a37c72dccc688-3665e5a4418f440ddd841cbc0594edf4-1f6f2a53709b2fa3328bfe434a86e5ef,JX Nippon Exploration and Production (U.K.) Limited,United Kingdom of Great Britain and Northern Ireland,https://s3.us-east-2.amazonaws.com/rp-20-sources/mandatory-disclosure-report-84b90d4dc27780dfde220f94d15891d7-cc0afcc6004c82f9363a37c72dccc688-3665e5a4418f440ddd841cbc0594edf4-1f6f2a53709b2fa3328bfe434a86e5ef,.zip,04-01-2019,03-31-2020,02-26-2021
e5c9c8e2b3f4c3f94f3807835526379c,Midland Exploration Incorporated,Canada,https://s3.us-east-2.amazonaws.com/rp-20-sources/mandatory-disclosure-report-e5c9c8e2b3f4c3f94f3807835526379c,.pdf,10-01-2019,09-30-2020,02-26-2021
15cc2fc21ca38bbf56a901adedb3f0e8,Euromax Resources Limited,Canada,https://s3.us-east-2.amazonaws.com/rp-20-sources/mandatory-disclosure-report-15cc2fc21ca38bbf56a901adedb3f0e8,.pdf,01-01-2020,12-31-2020,03-21-2021
c09bfaf9028760609ff6bc2cc4624475,Atlantic Mining NS,Canada,https://s3.us-east-2.amazonaws.com/rp-20-sources/mandatory-disclosure-report-c09bfaf9028760609ff6bc2cc4624475,.pdf,01-01-2020,12-31-2020,04-01-2021
afa6e46008f75311f4584087101ac63e,Blackspur Oil Corporation,Canada,https://s3.us-east-2.amazonaws.com/rp-20-sources/mandatory-disclosure-report-afa6e46008f75311f4584087101ac63e,.pdf,01-01-2020,12-31-2020,04-15-2021
b762bcd08c518a1b274456b8bd1e3e6c,TransAlta Corporation,Canada,https://s3.us-east-2.amazonaws.com/rp-20-sources/mandatory-disclosure-report-b762bcd08c518a1b274456b8bd1e3e6c,.pdf,01-01-2020,12-31-2020,04-23-2021
0a7491b15495b7e69e61fcff598b09a4,Canasil Resources Incorporated,Canada,https://s3.us-east-2.amazonaws.com/rp-20-sources/mandatory-disclosure-report-0a7491b15495b7e69e61fcff598b09a4,.pdf,01-01-2020,12-31-2020,05-27-2021
2179f396b7910c320e966e84a65cab42,TransGlobe Energy Corporation,Canada,https://s3.us-east-2.amazonaws.com/rp-20-sources/mandatory-disclosure-report-2179f396b7910c320e966e84a65cab42,.pdf,01-01-2020,12-31-2020,05-25-2021
0b7c5b542250d4ff0a49b4a02596e369,Roxgold Incorporated,Canada,https://s3.us-east-2.amazonaws.com/rp-20-sources/mandatory-disclosure-report-0b7c5b542250d4ff0a49b4a02596e369,.pdf,01-01-2020,12-31-2020,05-31-2021
36ab43b761eb1b319ef1ec20ae69eb2b,Sitka Exploration Limited,Canada,https://s3.us-east-2.amazonaws.com/rp-20-sources/mandatory-disclosure-report-36ab43b761eb1b319ef1ec20ae69eb2b,.pdf,01-01-2020,12-31-2020,05-21-2021
2c7b897715e9853584ad1a7f1453908e,Newmont Corporation,Canada,https://s3.us-east-2.amazonaws.com/rp-20-sources/mandatory-disclosure-report-2c7b897715e9853584ad1a7f1453908e,.pdf,01-01-2020,12-31-2020,05-27-2021
c67e389b2545bd0692ca7c99bf492c96-b6755e3508dcc8f4e3d97b72b34cbc49-75b2ba5d64ccb1f4f9296abd8781fb76-f57f795c991308d4970244cc6f92d430,Glencore PLC,United Kingdom of Great Britain and Northern Ireland,https://s3.us-east-2.amazonaws.com/rp-20-sources/mandatory-disclosure-report-c67e389b2545bd0692ca7c99bf492c96-b6755e3508dcc8f4e3d97b72b34cbc49-75b2ba5d64ccb1f4f9296abd8781fb76-f57f795c991308d4970244cc6f92d430,.zip,01-01-2020,12-31-2020,06-29-2021
531517a9bb41ce064974541d57c25c6d,Storm Resources Limited,Canada,https://s3.us-east-2.amazonaws.com/rp-20-sources/mandatory-disclosure-report-531517a9bb41ce064974541d57c25c6d,.pdf,01-01-2020,01-31-2020,05-28-2021
731773b00de7dafde73b9736f1668619,Salazar Resources Ltd.,Canada,https://s3.us-east-2.amazonaws.com/rp-20-sources/mandatory-disclosure-report-731773b00de7dafde73b9736f1668619,.pdf,01-01-2020,12-31-2020,05-20-2021
9b462a580db594bb4d137561736e1f48,Wesdome Gold Mines Limited,Canada,https://s3.us-east-2.amazonaws.com/rp-20-sources/mandatory-disclosure-report-9b462a580db594bb4d137561736e1f48,.pdf,01-01-2020,12-31-2020,05-31-2021
967ca7d54b09ed333904f62dc9652fcb,Westbrick Energy Limited,Canada,https://s3.us-east-2.amazonaws.com/rp-20-sources/mandatory-disclosure-report-967ca7d54b09ed333904f62dc9652fcb,.pdf,01-01-2020,12-31-2020,05-26-2021
a8fab3a8f5553d8be7763dd3947adbbb,Austral Gold Limited,Canada,https://s3.us-east-2.amazonaws.com/rp-20-sources/mandatory-disclosure-report-a8fab3a8f5553d8be7763dd3947adbbb,.pdf,01-01-2020,12-31-2020,05-27-2021
b3dc6e8780d23302dfee528f2ddf8774,Lithium Chile Incorporated,Canada,https://s3.us-east-2.amazonaws.com/rp-20-sources/mandatory-disclosure-report-b3dc6e8780d23302dfee528f2ddf8774,.pdf,01-01-2019,12-31-2019,05-06-2021
de010da415798f34126a0f377cf5b31d,Canadian Natural Resources Limited,Canada,https://s3.us-east-2.amazonaws.com/rp-20-sources/mandatory-disclosure-report-de010da415798f34126a0f377cf5b31d,.pdf,01-01-2020,12-31-2020,05-28-2021
65902e6b3335b17a625064e9ea93a1ee,Resolute Mining Limited,United Kingdom of Great Britain and Northern Ireland,https://s3.us-east-2.amazonaws.com/rp-20-sources/mandatory-disclosure-report-65902e6b3335b17a625064e9ea93a1ee,.html,01-01-2019,12-31-2019,01-15-2021
80fedf95c64fcccaad11334cad171f4c,Burnco Rock Products Limited,Canada,https://s3.us-east-2.amazonaws.com/rp-20-sources/mandatory-disclosure-report-80fedf95c64fcccaad11334cad171f4c,.pdf,05-01-2019,04-30-2020,01-31-2021
87da0197e11f806e77a40170b6023cf2,Rampart Oil Incorporated,Canada,https://s3.us-east-2.amazonaws.com/rp-20-sources/mandatory-disclosure-report-87da0197e11f806e77a40170b6023cf2,.pdf,01-01-2019,12-31-2019,02-25-2020
32cec8d3ada29d51965541f896a7c9e4,TotalEnergies SE (formerly Total S.A.),France,https://s3.us-east-2.amazonaws.com/rp-20-sources/mandatory-disclosure-report-32cec8d3ada29d51965541f896a7c9e4,.pdf,01-01-2020,12-31-2020,04-02-2021
3233f6c73a0890bca368b932a3cde6c0,Inter-Rock Minerals Inc.,Canada,https://s3.us-east-2.amazonaws.com/rp-20-sources/mandatory-disclosure-report-3233f6c73a0890bca368b932a3cde6c0,.pdf,01-01-2020,12-31-2020,04-26-2021
f6ba9f780c8b146bdbfa4e8ae79a6c7f,SSR Mining Incorporated,Canada,https://s3.us-east-2.amazonaws.com/rp-20-sources/mandatory-disclosure-report-f6ba9f780c8b146bdbfa4e8ae79a6c7f,.pdf,01-01-2020,12-31-2020,05-14-2021
82909aab4e70e8879b9ad0ed36274748,Orezone Gold Corporation,Canada,https://s3.us-east-2.amazonaws.com/rp-20-sources/mandatory-disclosure-report-82909aab4e70e8879b9ad0ed36274748,.pdf,01-01-2020,12-31-2020,05-25-2021
2f9b7dc8ea9109fbd759e09b83c247da,Gazprom,United Kingdom of Great Britain and Northern Ireland,https://s3.us-east-2.amazonaws.com/rp-20-sources/mandatory-disclosure-report-2f9b7dc8ea9109fbd759e09b83c247da,.html,01-01-2020,12-31-2020,06-25-2021
fe393b8b1176f0fcb81577589d255f1d,NexGen Energy Limited,Canada,https://s3.us-east-2.amazonaws.com/rp-20-sources/mandatory-disclosure-report-fe393b8b1176f0fcb81577589d255f1d,.pdf,01-01-2020,12-31-2020,05-28-2021
2347cbf1a72fe5202363662382ec5458,Total E&P Canada Limited,Canada,https://s3.us-east-2.amazonaws.com/rp-20-sources/mandatory-disclosure-report-2347cbf1a72fe5202363662382ec5458,.pdf,01-01-2020,12-31-2020,06-24-2021
c87d4a977826ad1b48297594b0d5a20e,Gear Energy Limited,Canada,https://s3.us-east-2.amazonaws.com/rp-20-sources/mandatory-disclosure-report-c87d4a977826ad1b48297594b0d5a20e,.pdf,01-01-2020,12-31-2020,05-20-2021
cbf9dfede9c4e58ebc836985af106802-ba328e96c43353ab6895bea21152f320-a60d1cb66eccbe20e560d9fac5746ffa-d2eecafd1c39cbf6ff1210f3d9edd8a3,Altyngold Plc,United Kingdom of Great Britain and Northern Ireland,https://s3.us-east-2.amazonaws.com/rp-20-sources/mandatory-disclosure-report-cbf9dfede9c4e58ebc836985af106802-ba328e96c43353ab6895bea21152f320-a60d1cb66eccbe20e560d9fac5746ffa-d2eecafd1c39cbf6ff1210f3d9edd8a3,.zip,01-01-2020,12-31-2020,08-13-2021
4a3888b8fea08b53251d9b85271e880a,Painted Pony Energy Limited,Canada,https://s3.us-east-2.amazonaws.com/rp-20-sources/mandatory-disclosure-report-4a3888b8fea08b53251d9b85271e880a,.pdf,01-01-2019,12-31-2019,05-11-2020
27bf58f89d1b68b106f4a96a1ab54bbf,Aya Gold & Silver Inc.,Canada,https://s3.us-east-2.amazonaws.com/rp-20-sources/mandatory-disclosure-report-27bf58f89d1b68b106f4a96a1ab54bbf,.pdf,01-01-2020,12-31-2020,04-01-2021
627d7b3ee722ce7f46408e362bb2e5a4,Canada Hibernia Holding Corporation,Canada,https://s3.us-east-2.amazonaws.com/rp-20-sources/mandatory-disclosure-report-627d7b3ee722ce7f46408e362bb2e5a4,.pdf,01-01-2016,12-31-2016,03-15-2021
1bc9f485f3f09d50a82aafc4020f6e79,Granite Oil Corporation,Canada,https://s3.us-east-2.amazonaws.com/rp-20-sources/mandatory-disclosure-report-1bc9f485f3f09d50a82aafc4020f6e79,.pdf,01-01-2020,12-31-2020,05-05-2021
8d019e8cbb301e1d46988a395f48098a,Advantage Lithium Corporation,Canada,https://s3.us-east-2.amazonaws.com/rp-20-sources/mandatory-disclosure-report-8d019e8cbb301e1d46988a395f48098a,.pdf,08-01-2017,07-31-2018,04-19-2021
bc6472bfda550572edff50a1559ed311,ARC Resources Limited,Canada,https://s3.us-east-2.amazonaws.com/rp-20-sources/mandatory-disclosure-report-bc6472bfda550572edff50a1559ed311,.pdf,01-01-2020,12-31-2020,05-06-2021
c4d762fe88cf49345053765829c5501f,Condor Petroleum Incorporated,Canada,https://s3.us-east-2.amazonaws.com/rp-20-sources/mandatory-disclosure-report-c4d762fe88cf49345053765829c5501f,.pdf,01-01-2020,12-31-2020,05-05-2021
156f9aa60880f8c86d6f4953d8076e76,Nouveau Monde Graphite Incorporated,Canada,https://s3.us-east-2.amazonaws.com/rp-20-sources/mandatory-disclosure-report-156f9aa60880f8c86d6f4953d8076e76,.pdf,01-01-2020,12-31-2020,05-31-2021
3bc4c41b57472bff6611ee35fe506fba,INV Metals Incorporated,Canada,https://s3.us-east-2.amazonaws.com/rp-20-sources/mandatory-disclosure-report-3bc4c41b57472bff6611ee35fe506fba,.pdf,01-01-2020,12-31-2020,05-20-2021
403ad806a29de7fb5f13eda9673341ab,Rife Resources Limited,Canada,https://s3.us-east-2.amazonaws.com/rp-20-sources/mandatory-disclosure-report-403ad806a29de7fb5f13eda9673341ab,.pdf,01-01-2020,12-31-2020,05-31-2021
066d4a4fb208e4707f1509081da37b96,Great Panther Mining Limited,Canada,https://s3.us-east-2.amazonaws.com/rp-20-sources/mandatory-disclosure-report-066d4a4fb208e4707f1509081da37b96,.pdf,01-01-2020,12-31-2020,05-28-2021
9a2e3de639942e613e8c4006b4df3464-5c27abdf84e65e4b5be467e5a4cf1fb3-7fbb4e389471f07bccbe370388c0a7c5-38f7d0428941cea55b0e30f6a9003025,Centrica plc,United Kingdom of Great Britain and Northern Ireland,https://s3.us-east-2.amazonaws.com/rp-20-sources/mandatory-disclosure-report-9a2e3de639942e613e8c4006b4df3464-5c27abdf84e65e4b5be467e5a4cf1fb3-7fbb4e389471f07bccbe370388c0a7c5-38f7d0428941cea55b0e30f6a9003025,.zip,01-01-2019,12-31-2019,06-30-2021
ab1c5399730497ff5d226f4cd5a8c24b,Longshore Resources Limited,Canada,https://s3.us-east-2.amazonaws.com/rp-20-sources/mandatory-disclosure-report-ab1c5399730497ff5d226f4cd5a8c24b,.pdf,01-01-2020,12-31-2020,05-28-2021
c9dd087b8e62a23f443a8a560d0b46ad,Syncrude Canada Limited,Canada,https://s3.us-east-2.amazonaws.com/rp-20-sources/mandatory-disclosure-report-c9dd087b8e62a23f443a8a560d0b46ad,.pdf,01-01-2020,12-31-2020,05-20-2021
de0088a71efe128b08b612471b1c615a,Highwood Oil Company Ltd.,Canada,https://s3.us-east-2.amazonaws.com/rp-20-sources/mandatory-disclosure-report-de0088a71efe128b08b612471b1c615a,.pdf,01-01-2019,12-31-2019,09-21-2020
6f8b8fba5729237a9853e17a583ed8d8,Kenmare Resources plc,Ireland,https://s3.us-east-2.amazonaws.com/rp-20-sources/mandatory-disclosure-report-6f8b8fba5729237a9853e17a583ed8d8,.pdf,01-01-2020,12-31-2020,05-17-2021
36bbd53dfd60d05a4f74f474e1ff5852,Tata Steel Minerals Canada Ltd.,Canada,https://s3.us-east-2.amazonaws.com/rp-20-sources/mandatory-disclosure-report-36bbd53dfd60d05a4f74f474e1ff5852,.pdf,04-01-2017,03-31-2018,09-10-2019
65985c32ee63a099bf8725d26626f204,China Gold International Resources Corporation Limited,Canada,https://s3.us-east-2.amazonaws.com/rp-20-sources/mandatory-disclosure-report-65985c32ee63a099bf8725d26626f204,.pdf,01-01-2020,12-31-2020,05-13-2021
40dc6f29df76b3d48ec43a9cf0749fd7,TORC Oil and Gas Limited,Canada,https://s3.us-east-2.amazonaws.com/rp-20-sources/mandatory-disclosure-report-40dc6f29df76b3d48ec43a9cf0749fd7,.pdf,01-01-2020,12-31-2020,04-27-2021
237188696e4aebda6fb7ed7b7e232702,Graymont Limited,Canada,https://s3.us-east-2.amazonaws.com/rp-20-sources/mandatory-disclosure-report-237188696e4aebda6fb7ed7b7e232702,.pdf,01-01-2020,12-31-2020,05-21-2021
16bd81f8b899e7e09743b675c1e45f4c,Shamaran Petroleum Corporation,Canada,https://s3.us-east-2.amazonaws.com/rp-20-sources/mandatory-disclosure-report-16bd81f8b899e7e09743b675c1e45f4c,.pdf,01-01-2020,12-31-2020,05-28-2021
399510dfe4cf6c57049da7531bf8b3d5,Denison Mines Corporation,Canada,https://s3.us-east-2.amazonaws.com/rp-20-sources/mandatory-disclosure-report-399510dfe4cf6c57049da7531bf8b3d5,.pdf,01-01-2020,12-31-2020,05-28-2021
7eb95d6b655119daece96fbcb7b41a45,Canamax Energy Limited,Canada,https://s3.us-east-2.amazonaws.com/rp-20-sources/mandatory-disclosure-report-7eb95d6b655119daece96fbcb7b41a45,.pdf,01-01-2020,12-31-2020,05-20-2021
dd45ec9d092866778df2c5feaf23ecab,Gran Tierra Energy Incorporated,Canada,https://s3.us-east-2.amazonaws.com/rp-20-sources/mandatory-disclosure-report-dd45ec9d092866778df2c5feaf23ecab,.pdf,01-01-2020,12-31-2020,05-28-2021
ad536968a4ec3857f13492e51c0138c2,Cerrado Gold Incorporated,Canada,https://s3.us-east-2.amazonaws.com/rp-20-sources/mandatory-disclosure-report-ad536968a4ec3857f13492e51c0138c2,.pdf,01-01-2020,12-31-2020,05-30-2021
878596c435d250680f5b1f4c4c8a5a40,Agnico Eagle Mines Limited,Canada,https://s3.us-east-2.amazonaws.com/rp-20-sources/mandatory-disclosure-report-878596c435d250680f5b1f4c4c8a5a40,.pdf,01-01-2020,12-31-2020,05-28-2021
d590c6821c4a61f4ad664747371d59d6,Torex Gold Resources Incorporated,Canada,https://s3.us-east-2.amazonaws.com/rp-20-sources/mandatory-disclosure-report-d590c6821c4a61f4ad664747371d59d6,.pdf,01-01-2020,12-31-2020,05-27-2021
3bb91abd9d37405b4a152ddd640b9623,Yamana Gold Incorporated,United Kingdom of Great Britain and Northern Ireland,https://s3.us-east-2.amazonaws.com/rp-20-sources/mandatory-disclosure-report-3bb91abd9d37405b4a152ddd640b9623,.html,01-01-2020,12-31-2020,06-01-2021
b01af31a5d8a622c6ab478c04b45f602-744c9ffb23416572de55922be01f5961-690d22db19e0c024d01803c8003d982f-797a88a1773325baed3d34f325e21a58,Perenco Oil and Gas Colombia Limited,United Kingdom of Great Britain and Northern Ireland,https://s3.us-east-2.amazonaws.com/rp-20-sources/mandatory-disclosure-report-b01af31a5d8a622c6ab478c04b45f602-744c9ffb23416572de55922be01f5961-690d22db19e0c024d01803c8003d982f-797a88a1773325baed3d34f325e21a58,.zip,01-01-2020,12-31-2020,09-30-2021
5aa0a10004cc0b2870f301a3aa01680a,Seplat Petroleum Development Company PLC,United Kingdom of Great Britain and Northern Ireland,https://s3.us-east-2.amazonaws.com/rp-20-sources/mandatory-disclosure-report-5aa0a10004cc0b2870f301a3aa01680a,.html,01-01-2020,12-31-2020,03-08-2021
fad54e17aad03d2c20ae7179d8a0e332,Genel Energy PLC,United Kingdom of Great Britain and Northern Ireland,https://s3.us-east-2.amazonaws.com/rp-20-sources/mandatory-disclosure-report-fad54e17aad03d2c20ae7179d8a0e332,.html,01-01-2020,12-31-2020,04-01-2021
66493b855aac698d94acfbee247bea33,Renaissance Gold Incorporated,Canada,https://s3.us-east-2.amazonaws.com/rp-20-sources/mandatory-disclosure-report-66493b855aac698d94acfbee247bea33,.pdf,07-01-2019,06-30-2020,03-25-2021
208271954ba22764118eaa9e9a2a8b4d,ExxonMobil Canada Investments Company,Canada,https://s3.us-east-2.amazonaws.com/rp-20-sources/mandatory-disclosure-report-208271954ba22764118eaa9e9a2a8b4d,.pdf,12-01-2019,11-30-2020,04-27-2021
9746856305d4476438ae242e2896c31b,Advantage Lithium Corporation,Canada,https://s3.us-east-2.amazonaws.com/rp-20-sources/mandatory-disclosure-report-9746856305d4476438ae242e2896c31b,.pdf,08-01-2018,07-31-2019,04-19-2021
0d129b8cbe16f72c598ef8893ecf6af1,Pretium Resources Incorporated,Canada,https://s3.us-east-2.amazonaws.com/rp-20-sources/mandatory-disclosure-report-0d129b8cbe16f72c598ef8893ecf6af1,.pdf,01-01-2020,12-31-2020,05-12-2021
ce00700ddbc89c5b6e56147a4385efc1,Manulife Western Holdings Limited Partnership,Canada,https://s3.us-east-2.amazonaws.com/rp-20-sources/mandatory-disclosure-report-ce00700ddbc89c5b6e56147a4385efc1,.pdf,01-01-2020,12-31-2020,04-27-2021
13f8bddd2c972d2d6b912e458e81a616,Superior Gold Incorporated,Canada,https://s3.us-east-2.amazonaws.com/rp-20-sources/mandatory-disclosure-report-13f8bddd2c972d2d6b912e458e81a616,.pdf,01-01-2020,12-31-2020,05-18-2021
a5daa9cb204baf495c5264c383bc8174,Eni S.p.A.,Italy,https://s3.us-east-2.amazonaws.com/rp-20-sources/mandatory-disclosure-report-a5daa9cb204baf495c5264c383bc8174,.pdf,01-01-2020,12-31-2020,05-27-2021
2f79d35d9d69aebca719bed2fd1200b4-e37693145cc9e772cdf9313e02f0c596-b318ff798a405aa39c60045250365aaf-2a0e1b8ae7c02bdd8441f2803ccd6d11,CNOOC Limited,United Kingdom of Great Britain and Northern Ireland,https://s3.us-east-2.amazonaws.com/rp-20-sources/mandatory-disclosure-report-2f79d35d9d69aebca719bed2fd1200b4-e37693145cc9e772cdf9313e02f0c596-b318ff798a405aa39c60045250365aaf-2a0e1b8ae7c02bdd8441f2803ccd6d11,.zip,01-01-2020,12-31-2020,06-28-2021
3b59ba7bf896b94ffc69f719532993f0,Strathcona Resources Limited,Canada,https://s3.us-east-2.amazonaws.com/rp-20-sources/mandatory-disclosure-report-3b59ba7bf896b94ffc69f719532993f0,.pdf,01-01-2020,12-31-2020,05-28-2021
8ed2894c8afae338e907330880ad0c14,Journey Energy Incorporated,Canada,https://s3.us-east-2.amazonaws.com/rp-20-sources/mandatory-disclosure-report-8ed2894c8afae338e907330880ad0c14,.pdf,01-01-2020,12-31-2020,05-19-2021
2e084714872e45fe6ec03a1a394b1da4,East Africa Metals Incorporated,Canada,https://s3.us-east-2.amazonaws.com/rp-20-sources/mandatory-disclosure-report-2e084714872e45fe6ec03a1a394b1da4,.pdf,01-01-2016,12-31-2016,05-30-2017
0c518f305058ffef698f52634c304047,Strategic Resources Inc.,Canada,https://s3.us-east-2.amazonaws.com/rp-20-sources/mandatory-disclosure-report-0c518f305058ffef698f52634c304047,.pdf,01-01-2020,12-31-2020,03-30-2021
655ea5a928e9881addc25ff95aa494e2,Goldgroup Mining Incorporated,Canada,https://s3.us-east-2.amazonaws.com/rp-20-sources/mandatory-disclosure-report-655ea5a928e9881addc25ff95aa494e2,.pdf,01-01-2020,12-31-2020,03-22-2021
e5e94f47784569c4db95fb1df9cdba28,Peyto Exploration and Development Corporation,Canada,https://s3.us-east-2.amazonaws.com/rp-20-sources/mandatory-disclosure-report-e5e94f47784569c4db95fb1df9cdba28,.pdf,01-01-2020,12-31-2020,03-12-2021
2e569cd9e1cfac65c11f4b1619f15675,Erdene Resource Development Corporation,Canada,https://s3.us-east-2.amazonaws.com/rp-20-sources/mandatory-disclosure-report-2e569cd9e1cfac65c11f4b1619f15675,.pdf,01-01-2020,12-31-2020,05-11-2021
3bcdb39929f329902882b2bb25302846,Reunion Gold Corporation,Canada,https://s3.us-east-2.amazonaws.com/rp-20-sources/mandatory-disclosure-report-3bcdb39929f329902882b2bb25302846,.pdf,01-01-2020,12-31-2020,05-12-2021
6282dc00e1efae2290f9c82eabd7cd0e,Magris Resources Incorporated,Canada,https://s3.us-east-2.amazonaws.com/rp-20-sources/mandatory-disclosure-report-6282dc00e1efae2290f9c82eabd7cd0e,.pdf,01-01-2020,12-31-2020,05-07-2021
261fb437da9ad3c8c3f9d169ef1b7faf,Panoro Minerals Limited,Canada,https://s3.us-east-2.amazonaws.com/rp-20-sources/mandatory-disclosure-report-261fb437da9ad3c8c3f9d169ef1b7faf,.pdf,01-01-2020,12-31-2020,05-18-2021
1ad1ef71266cb9eda84c9c891cacffce,Ridgeline Minerals Corporation,Canada,https://s3.us-east-2.amazonaws.com/rp-20-sources/mandatory-disclosure-report-1ad1ef71266cb9eda84c9c891cacffce,.pdf,01-01-2020,12-31-2020,05-26-2021
8dd858c778c05a3878b15668085dcf68,Andean Precious Metals Corporation,Canada,https://s3.us-east-2.amazonaws.com/rp-20-sources/mandatory-disclosure-report-8dd858c778c05a3878b15668085dcf68,.pdf,01-01-2020,12-31-2020,05-28-2021
f3209dc7470acf5b9c47ea50f7e3a375,Astra Oil Corporation,Canada,https://s3.us-east-2.amazonaws.com/rp-20-sources/mandatory-disclosure-report-f3209dc7470acf5b9c47ea50f7e3a375,.pdf,01-01-2020,12-31-2020,05-31-2021
69c353770adfbc4dc5d0d2016ab5e291,Gold Springs Resource Corporation,Canada,https://s3.us-east-2.amazonaws.com/rp-20-sources/mandatory-disclosure-report-69c353770adfbc4dc5d0d2016ab5e291,.pdf,01-01-2019,12-31-2019,01-19-2021
ac70c74a4df33f3c752a84dc731f628c,Capstone Mining Corporation,Canada,https://s3.us-east-2.amazonaws.com/rp-20-sources/mandatory-disclosure-report-ac70c74a4df33f3c752a84dc731f628c,.pdf,01-01-2020,12-31-2020,03-18-2021
24ff3fc7e03235ed46d7f63838fa1a47,CGX Energy Incorporated,Canada,https://s3.us-east-2.amazonaws.com/rp-20-sources/mandatory-disclosure-report-24ff3fc7e03235ed46d7f63838fa1a47,.pdf,01-01-2020,12-31-2020,06-06-2021
7a5a07598bb58e48ed7c84ae1eea7eda,Husky Energy Incorporated,Canada,https://s3.us-east-2.amazonaws.com/rp-20-sources/mandatory-disclosure-report-7a5a07598bb58e48ed7c84ae1eea7eda,.pdf,01-01-2020,12-31-2020,05-19-2021
6ffa72b310a6a7025d0daadca6896985,Lithium Americas Corporation,Canada,https://s3.us-east-2.amazonaws.com/rp-20-sources/mandatory-disclosure-report-6ffa72b310a6a7025d0daadca6896985,.pdf,01-01-2020,12-31-2020,05-31-2021
7b7796bd8a8d0727803ca2384033ed89,Cardinal Energy Limited,Canada,https://s3.us-east-2.amazonaws.com/rp-20-sources/mandatory-disclosure-report-7b7796bd8a8d0727803ca2384033ed89,.pdf,01-01-2020,12-31-2020,05-25-2021
b87d80b616591cdb82bdab9d27b39cce,Gensource Potash Corporation,Canada,https://s3.us-east-2.amazonaws.com/rp-20-sources/mandatory-disclosure-report-b87d80b616591cdb82bdab9d27b39cce,.pdf,01-01-2020,12-31-2020,06-03-2021
b48486b31f0ad415ac0bd9c305cef817,Questerre Energy Corporation,Canada,https://s3.us-east-2.amazonaws.com/rp-20-sources/mandatory-disclosure-report-b48486b31f0ad415ac0bd9c305cef817,.pdf,01-01-2020,12-31-2020,05-26-2021
06c8226c7dc614131da9d09e85d31314,Equinor ASA,Norway,https://s3.us-east-2.amazonaws.com/rp-20-sources/mandatory-disclosure-report-06c8226c7dc614131da9d09e85d31314,.xlsx,01-01-2020,12-31-2020,03-20-2021
26715c9f9a2c19d1c6cd4434a34935a3,Rio Tinto plc,United Kingdom of Great Britain and Northern Ireland,https://s3.us-east-2.amazonaws.com/rp-20-sources/mandatory-disclosure-report-26715c9f9a2c19d1c6cd4434a34935a3,.pdf,01-01-2020,12-31-2020,04-08-2021
74239f70ede6284df13f21c964dc3a29,Trilogy Metals Incorporated,Canada,https://s3.us-east-2.amazonaws.com/rp-20-sources/mandatory-disclosure-report-74239f70ede6284df13f21c964dc3a29,.pdf,12-01-2019,11-30-2020,04-08-2021
3b9eedaf00b07e4d4e69a480383b5da3-31cd3d20a664a21c7d77f43e812339e0-d32a432cbf029ff756645634a9edb5fc-a8549ec43a5eff48a149ce383de14162,Cadogan Petroleum plc,United Kingdom of Great Britain and Northern Ireland,https://s3.us-east-2.amazonaws.com/rp-20-sources/mandatory-disclosure-report-3b9eedaf00b07e4d4e69a480383b5da3-31cd3d20a664a21c7d77f43e812339e0-d32a432cbf029ff756645634a9edb5fc-a8549ec43a5eff48a149ce383de14162,.zip,01-01-2020,12-31-2020,05-11-2021
450db6bda088b2b0d34867bf1a7928d7,Spur Petroleum Limited,Canada,https://s3.us-east-2.amazonaws.com/rp-20-sources/mandatory-disclosure-report-450db6bda088b2b0d34867bf1a7928d7,.pdf,12-01-2020,12-31-2020,05-07-2021
6270a71eafb44b9a92d3bbe2d4613858,Iamgold Corporation,Canada,https://s3.us-east-2.amazonaws.com/rp-20-sources/mandatory-disclosure-report-6270a71eafb44b9a92d3bbe2d4613858,.pdf,01-01-2020,12-31-2020,05-05-2021
c6fce55213f121f258653a311f01f78a,East West Petroleum Corp.,Canada,https://s3.us-east-2.amazonaws.com/rp-20-sources/mandatory-disclosure-report-c6fce55213f121f258653a311f01f78a,.pdf,01-04-2019,03-31-2020,04-14-2021
4d7caff333a9a2ea05242a7d0964043a,Pine Cliff Energy Limited,Canada,https://s3.us-east-2.amazonaws.com/rp-20-sources/mandatory-disclosure-report-4d7caff333a9a2ea05242a7d0964043a,.pdf,01-01-2020,12-31-2020,05-17-2021
e84e9fead7135fc6129c229fc4b4cccd,Perseus Mining Limited,Canada,https://s3.us-east-2.amazonaws.com/rp-20-sources/mandatory-disclosure-report-e84e9fead7135fc6129c229fc4b4cccd,.pdf,07-01-2019,06-30-2020,03-24-2021
19f402df081b4b6e407d0f52a09e1cb6,Compass Minerals Canada Corporation,Canada,https://s3.us-east-2.amazonaws.com/rp-20-sources/mandatory-disclosure-report-19f402df081b4b6e407d0f52a09e1cb6,.pdf,01-01-2020,12-31-2020,05-20-2021
cfcddd8444c864e5b7224dc5668f2859,i3 Energy Canada Ltd.,Canada,https://s3.us-east-2.amazonaws.com/rp-20-sources/mandatory-disclosure-report-cfcddd8444c864e5b7224dc5668f2859,.pdf,05-11-2020,12-31-2020,05-31-2021
74764d0028239e247e88a6ce1f4e51c2,Loncor Resources Incorporated,Canada,https://s3.us-east-2.amazonaws.com/rp-20-sources/mandatory-disclosure-report-74764d0028239e247e88a6ce1f4e51c2,.pdf,01-01-2020,12-31-2020,05-31-2021
6b17c0dc80c68f82d157dd794e250080,Entrada Resources Incorporated,Canada,https://s3.us-east-2.amazonaws.com/rp-20-sources/mandatory-disclosure-report-6b17c0dc80c68f82d157dd794e250080,.pdf,01-01-2020,12-31-2020,05-26-2021
7f40fe0bc50846c06880b01913c163c8,Aquila Resources Incorporated,Canada,https://s3.us-east-2.amazonaws.com/rp-20-sources/mandatory-disclosure-report-7f40fe0bc50846c06880b01913c163c8,.pdf,01-01-2020,12-31-2020,05-28-2021
e6cc6d7b4548f49e7a0c49c240503523,Teck Resources Limited,Canada,https://s3.us-east-2.amazonaws.com/rp-20-sources/mandatory-disclosure-report-e6cc6d7b4548f49e7a0c49c240503523,.pdf,01-01-2020,12-31-2020,05-27-2021
f125852fce4d028632b5c4248ba034d3,Serafina Energy Limited,Canada,https://s3.us-east-2.amazonaws.com/rp-20-sources/mandatory-disclosure-report-f125852fce4d028632b5c4248ba034d3,.pdf,01-01-2020,12-31-2020,05-31-2021
a9123064d5969e5dfc584d2c1346c315,Freehold Royalties Limited,Canada,https://s3.us-east-2.amazonaws.com/rp-20-sources/mandatory-disclosure-report-a9123064d5969e5dfc584d2c1346c315,.pdf,01-01-2020,12-31-2020,05-31-2021
aedafe6f5b573dec4041b128da45f32a,Jervois Mining Limited,Canada,https://s3.us-east-2.amazonaws.com/rp-20-sources/mandatory-disclosure-report-aedafe6f5b573dec4041b128da45f32a,.pdf,01-01-2020,12-31-2020,05-19-2021
fbfbdd745e5b9cac5d004e23ec6f6d41,Jura Energy Corporation,Canada,https://s3.us-east-2.amazonaws.com/rp-20-sources/mandatory-disclosure-report-fbfbdd745e5b9cac5d004e23ec6f6d41,.pdf,01-01-2020,12-31-2020,05-27-2021
b369ca1f6b70c867344b0c31887f9697,Caltex Resources Limited,Canada,https://s3.us-east-2.amazonaws.com/rp-20-sources/mandatory-disclosure-report-b369ca1f6b70c867344b0c31887f9697,.pdf,01-01-2020,12-31-2020,05-28-2021
ed91dea111f6cc1081585fb6b2974783,Antioquia Gold Inc.,Canada,https://s3.us-east-2.amazonaws.com/rp-20-sources/mandatory-disclosure-report-ed91dea111f6cc1081585fb6b2974783,.pdf,01-01-2020,12-31-2020,05-21-2021
f12ef7fb72773387e1d900fc9b1271b8,SilverCrest Metals Incorporated,Canada,https://s3.us-east-2.amazonaws.com/rp-20-sources/mandatory-disclosure-report-f12ef7fb72773387e1d900fc9b1271b8,.pdf,01-01-2020,12-31-2020,05-27-2021
7b100e7fec0126b4bef188cdc9b6a19e,Bonterra Resources Incorporated,Canada,https://s3.us-east-2.amazonaws.com/rp-20-sources/mandatory-disclosure-report-7b100e7fec0126b4bef188cdc9b6a19e,.pdf,01-01-2020,12-31-2020,05-13-2021
e6d0ddd587e1d3225e2ba7d3cd06ea56,Tata Steel Minerals Canada Ltd.,Canada,https://s3.us-east-2.amazonaws.com/rp-20-sources/mandatory-disclosure-report-e6d0ddd587e1d3225e2ba7d3cd06ea56,.pdf,04-01-2018,03-31-2019,03-24-2021
e80be078f6ddda6759aa49fa6ebd2113,Northern Vertex Mining Corporation,Canada,https://s3.us-east-2.amazonaws.com/rp-20-sources/mandatory-disclosure-report-e80be078f6ddda6759aa49fa6ebd2113,.pdf,07-01-2020,12-31-2020,05-10-2021
273ba6983718a66e2b07c7692be79967,Sherritt International Corporation,Canada,https://s3.us-east-2.amazonaws.com/rp-20-sources/mandatory-disclosure-report-273ba6983718a66e2b07c7692be79967,.pdf,01-01-2020,12-31-2020,05-28-2021
3a4dc438408124bd3311db05261ca18d,Teranga Gold Corporation,Canada,https://s3.us-east-2.amazonaws.com/rp-20-sources/mandatory-disclosure-report-3a4dc438408124bd3311db05261ca18d,.pdf,01-01-2020,12-31-2020,05-30-2021
c41ff255029cf9f25454dcdccea8358b-c1c2020563cae17684160d287ed1ae47-9fdc4c3309482e5b4e7364cdc4f47f1e-e61476f7fc260f0e09d0790051b2867a,Hochschild Mining plc,United Kingdom of Great Britain and Northern Ireland,https://s3.us-east-2.amazonaws.com/rp-20-sources/mandatory-disclosure-report-c41ff255029cf9f25454dcdccea8358b-c1c2020563cae17684160d287ed1ae47-9fdc4c3309482e5b4e7364cdc4f47f1e-e61476f7fc260f0e09d0790051b2867a,.zip,01-01-2020,12-31-2020,06-28-2021
60994a543a45746390d146f63ab795fb,PETRONAS Energy Canada Limited,Canada,https://s3.us-east-2.amazonaws.com/rp-20-sources/mandatory-disclosure-report-60994a543a45746390d146f63ab795fb,.pdf,01-01-2020,12-31-2020,05-17-2021
b38ba062715f22e7f7aab7cc8180c7e2,Garibaldi Resources Corp.,Canada,https://s3.us-east-2.amazonaws.com/rp-20-sources/mandatory-disclosure-report-b38ba062715f22e7f7aab7cc8180c7e2,.pdf,02-01-2019,01-31-2020,03-29-2021
a74646f9b38aadcfbfe9e6a5320536bc,McEwen Mining Incorporated,Canada,https://s3.us-east-2.amazonaws.com/rp-20-sources/mandatory-disclosure-report-a74646f9b38aadcfbfe9e6a5320536bc,.pdf,01-01-2020,12-31-2020,05-28-2021
e6060ea7b740af954ecc6cdac878d571,Entree Resources Limited,Canada,https://s3.us-east-2.amazonaws.com/rp-20-sources/mandatory-disclosure-report-e6060ea7b740af954ecc6cdac878d571,.pdf,01-01-2020,12-31-2020,05-20-2021
85c941679e83c30cbb0e1a25100b6214,White Gold Corporation,Canada,https://s3.us-east-2.amazonaws.com/rp-20-sources/mandatory-disclosure-report-85c941679e83c30cbb0e1a25100b6214,.pdf,01-01-2019,12-31-2019,06-17-2021
d10164d690839841c9e88d5f1de6db01,BP Canada Energy Group Unlimited Liability Corporation,Canada,https://s3.us-east-2.amazonaws.com/rp-20-sources/mandatory-disclosure-report-d10164d690839841c9e88d5f1de6db01,.pdf,01-01-2020,12-31-2020,05-17-2021
e0dfc828daa0e9b689aaa535145fd106,Hemisphere Energy Corporation,Canada,https://s3.us-east-2.amazonaws.com/rp-20-sources/mandatory-disclosure-report-e0dfc828daa0e9b689aaa535145fd106,.pdf,01-01-2020,12-31-2020,05-31-2021
09672dc80b97ed3cdc17f3deebf84fe7,Rosneft,United Kingdom of Great Britain and Northern Ireland,https://s3.us-east-2.amazonaws.com/rp-20-sources/mandatory-disclosure-report-09672dc80b97ed3cdc17f3deebf84fe7,.pdf,01-01-2020,12-31-2020
6de349e83d69db73ccf6fe9318d68abf-9cca137fac8a2236a85723181c78eb8c-6ee19561bc27bb3a107991cf16d147b9-b670bae1261fcf169d00250651f6fb2a,Perenco UK Limited,United Kingdom of Great Britain and Northern Ireland,https://s3.us-east-2.amazonaws.com/rp-20-sources/mandatory-disclosure-report-6de349e83d69db73ccf6fe9318d68abf-9cca137fac8a2236a85723181c78eb8c-6ee19561bc27bb3a107991cf16d147b9-b670bae1261fcf169d00250651f6fb2a,.zip,01-01-2020,12-31-2020,09-30-2021
671d0c5a75b596fca8ced398bd381dcc-0d77b4d74ec5465d2cc09c76382b4a1a-2605ff3a7d509d77a69f29b6a3dc2f7a-0068c412e0bbae3e7c68b46734b82c5e,Altyngold Plc,United Kingdom of Great Britain and Northern Ireland,https://s3.us-east-2.amazonaws.com/rp-20-sources/mandatory-disclosure-report-671d0c5a75b596fca8ced398bd381dcc-0d77b4d74ec5465d2cc09c76382b4a1a-2605ff3a7d509d77a69f29b6a3dc2f7a-0068c412e0bbae3e7c68b46734b82c5e,.zip,01-01-2016,12-31-2016,08-09-2021
0783fbf6744d4fe8bec67d7ade6fbba5,Enerplus Corporation,Canada,https://s3.us-east-2.amazonaws.com/rp-20-sources/mandatory-disclosure-report-0783fbf6744d4fe8bec67d7ade6fbba5,.pdf,01-01-2020,12-31-2020,05-19-2021
2ed928edcf3e611e04ee0bd4cec7c97d,Touchstone Exploration Incorporated,Canada,https://s3.us-east-2.amazonaws.com/rp-20-sources/mandatory-disclosure-report-2ed928edcf3e611e04ee0bd4cec7c97d,.pdf,01-01-2020,12-31-2020,05-21-2021
1592113c646e2bf803fafbf9f8e3673c,Reconnaissance Energy Africa Ltd.,Canada,https://s3.us-east-2.amazonaws.com/rp-20-sources/mandatory-disclosure-report-1592113c646e2bf803fafbf9f8e3673c,.pdf,01-01-2020,12-31-2020,05-31-2021
416027bc38483b1bad31e53e06797ec4,Crew Energy Incorporated,Canada,https://s3.us-east-2.amazonaws.com/rp-20-sources/mandatory-disclosure-report-416027bc38483b1bad31e53e06797ec4,.pdf,01-01-2020,12-31-2020,05-26-2021
1b5ae8e1bb9f519ab4e87aac5a0d0cfd,ISH Energy Limited,Canada,https://s3.us-east-2.amazonaws.com/rp-20-sources/mandatory-disclosure-report-1b5ae8e1bb9f519ab4e87aac5a0d0cfd,.pdf,01-01-2020,12-31-2020,05-27-2021
05f10ff6df02c24d10cfeedde442f839,Generation PGM Inc.,Canada,https://s3.us-east-2.amazonaws.com/rp-20-sources/mandatory-disclosure-report-05f10ff6df02c24d10cfeedde442f839,.pdf,01-01-2020,12-31-2020,05-25-2021
6232e8eafb16adb51f81d89e3d3790e6,Hammerstone Infrastructure Materials Limited,Canada,https://s3.us-east-2.amazonaws.com/rp-20-sources/mandatory-disclosure-report-6232e8eafb16adb51f81d89e3d3790e6,.pdf,01-01-2020,12-31-2020,05-21-2021
92fb85e0274f3cfe9e0f1320fc3020fa,Premier Gold Mines Limited,Canada,https://s3.us-east-2.amazonaws.com/rp-20-sources/mandatory-disclosure-report-92fb85e0274f3cfe9e0f1320fc3020fa,.pdf,01-01-2020,12-31-2020,05-28-2021
8502c6bfa53b22cd452d059023d8b792,Tmac Resources Incorporated,Canada,https://s3.us-east-2.amazonaws.com/rp-20-sources/mandatory-disclosure-report-8502c6bfa53b22cd452d059023d8b792,.pdf,01-01-2020,12-31-2020,05-28-2021
c97d9e72c328aa89992492668ccc530c,Pure Gold Mining Incorporated,Canada,https://s3.us-east-2.amazonaws.com/rp-20-sources/mandatory-disclosure-report-c97d9e72c328aa89992492668ccc530c,.pdf,01-01-2020,12-31-2020,05-27-2021
eddf576a8f5c649256b340574f4837cb,Renaissance Gold Incorporated,Canada,https://s3.us-east-2.amazonaws.com/rp-20-sources/mandatory-disclosure-report-eddf576a8f5c649256b340574f4837cb,.pdf,07-01-2020,12-31-2020,05-26-2021
f362e41c1fa7fe51b7ee9359e1c6fde0,Xtra-Gold Resources Corporation,Canada,https://s3.us-east-2.amazonaws.com/rp-20-sources/mandatory-disclosure-report-f362e41c1fa7fe51b7ee9359e1c6fde0,.pdf,01-01-2020,12-31-2020,05-25-2021
9a04b4c5f50658e4525ce0dd19b53843,Iron Ore Company of Canada Incorporated,Canada,https://s3.us-east-2.amazonaws.com/rp-20-sources/mandatory-disclosure-report-9a04b4c5f50658e4525ce0dd19b53843,.pdf,01-01-2020,12-31-2020,05-31-2021
426cf1cb0b4d1dbd66152d3e395a98c0,Monument Mining Limited,Canada,https://s3.us-east-2.amazonaws.com/rp-20-sources/mandatory-disclosure-report-426cf1cb0b4d1dbd66152d3e395a98c0,.pdf,07-01-2019,06-30-2020,11-27-2020
25e8a796524c5552d580b41e9d99bb26,Pure Gold Mining Incorporated,United Kingdom of Great Britain and Northern Ireland,https://s3.us-east-2.amazonaws.com/rp-20-sources/mandatory-disclosure-report-25e8a796524c5552d580b41e9d99bb26,.html,01-01-2019,12-31-2019,02-05-2021
5fca0e91a7a78c1969bd12e56f2e4d00,Artis Exploration Limited,Canada,https://s3.us-east-2.amazonaws.com/rp-20-sources/mandatory-disclosure-report-5fca0e91a7a78c1969bd12e56f2e4d00,.pdf,01-01-2020,12-31-2020,05-04-2021
6b75fa2c9b854866ca97a3603c54b6fc-9f9efa7929037d2d1241495353052c0a-9e509a2a93b37b49d0625f81d7d2567d-3b998f0757217f71cdd91f3095c293d7,Ping Petroleum UK Limited,United Kingdom of Great Britain and Northern Ireland,https://s3.us-east-2.amazonaws.com/rp-20-sources/mandatory-disclosure-report-6b75fa2c9b854866ca97a3603c54b6fc-9f9efa7929037d2d1241495353052c0a-9e509a2a93b37b49d0625f81d7d2567d-3b998f0757217f71cdd91f3095c293d7,.zip,07-01-2019,06-30-2020,05-18-2021
110d40fb00c80229f8e1f7e1065c6bb0,Osisko Mining Incorporated,Canada,https://s3.us-east-2.amazonaws.com/rp-20-sources/mandatory-disclosure-report-110d40fb00c80229f8e1f7e1065c6bb0,.pdf,01-01-2020,12-31-2020,05-10-2021
03e89561f06d412a76fd9a70cafb83b4,Cornwall Gravel Company Limited,Canada,https://s3.us-east-2.amazonaws.com/rp-20-sources/mandatory-disclosure-report-03e89561f06d412a76fd9a70cafb83b4,.pdf,01-01-2020,12-31-2020,05-28-2021
1984897da218a81747b9f405d898e18c,Galiano Gold Inc. (formerly Asanko Gold),Canada,https://s3.us-east-2.amazonaws.com/rp-20-sources/mandatory-disclosure-report-1984897da218a81747b9f405d898e18c,.pdf,01-01-2020,12-31-2020,05-26-2021
1c8e32579b596eab05d576326074c868,Insignia Energy Ltd.,Canada,https://s3.us-east-2.amazonaws.com/rp-20-sources/mandatory-disclosure-report-1c8e32579b596eab05d576326074c868,.pdf,01-01-2020,12-31-2020,05-27-2021
1bdf76cec166a2567a45caec9da351b6,OceanaGold Corporation,Canada,https://s3.us-east-2.amazonaws.com/rp-20-sources/mandatory-disclosure-report-1bdf76cec166a2567a45caec9da351b6,.pdf,01-01-2020,12-31-2020,05-28-2021
64cc9e40881c7f2d3e6d3dde278411e5,Tamarack Valley Energy Limited,Canada,https://s3.us-east-2.amazonaws.com/rp-20-sources/mandatory-disclosure-report-64cc9e40881c7f2d3e6d3dde278411e5,.pdf,01-01-2020,12-31-2020,05-31-2021
8d35c60b4ab50b4f08d5b99c6ac7be11,Telson Mining Corporation,Canada,https://s3.us-east-2.amazonaws.com/rp-20-sources/mandatory-disclosure-report-8d35c60b4ab50b4f08d5b99c6ac7be11,.pdf,01-01-2020,12-31-2020,05-28-2021
78dc8b5292b2e1c1f389aa8519edb577,Jien International Investment Limited,Canada,https://s3.us-east-2.amazonaws.com/rp-20-sources/mandatory-disclosure-report-78dc8b5292b2e1c1f389aa8519edb577,.pdf,01-01-2020,12-31-2020,05-31-2021
9eace5de37c0cf7db3528f8106ccb8cb,Aurcana Corporation,Canada,https://s3.us-east-2.amazonaws.com/rp-20-sources/mandatory-disclosure-report-9eace5de37c0cf7db3528f8106ccb8cb,.pdf,01-01-2020,12-31-2020,05-17-2021
7d5fd35cb7cd66cc971121fc64090eb8,Pacific Canbriam Energy Limited,Canada,https://s3.us-east-2.amazonaws.com/rp-20-sources/mandatory-disclosure-report-7d5fd35cb7cd66cc971121fc64090eb8,.pdf,01-01-2020,12-31-2020,05-28-2021
1ae8734533af9e6f282a86a48c94d923,Pasinex Resources Limited,Canada,https://s3.us-east-2.amazonaws.com/rp-20-sources/mandatory-disclosure-report-1ae8734533af9e6f282a86a48c94d923,.pdf,01-01-2020,12-31-2020,07-02-2021
771f03f8592e58fd318ebbc0e96f2220,Calibre Mining Corporation,Canada,https://s3.us-east-2.amazonaws.com/rp-20-sources/mandatory-disclosure-report-771f03f8592e58fd318ebbc0e96f2220,.pdf,01-01-2020,12-31-2020,05-28-2021
e2a86e51789b909353ab1ed0d16caaef,HudBay Minerals Incorporated,Canada,https://s3.us-east-2.amazonaws.com/rp-20-sources/mandatory-disclosure-report-e2a86e51789b909353ab1ed0d16caaef,.pdf,01-01-2020,12-31-2020,05-18-2021
b588c65c2e73cb8baa04657686435129,Champion Iron Limited,Canada,https://s3.us-east-2.amazonaws.com/rp-20-sources/mandatory-disclosure-report-b588c65c2e73cb8baa04657686435129,.pdf,04-01-2019,03-31-2020,12-24-2020
483f88cbade65e10a71bff7eeab04da1,Modern Resources Incorporated,Canada,https://s3.us-east-2.amazonaws.com/rp-20-sources/mandatory-disclosure-report-483f88cbade65e10a71bff7eeab04da1,.pdf,01-01-2018,12-31-2018,05-30-2019
da43b898828ac97e57a0bfeef68efa33,Colonial Coal International Corporation,Canada,https://s3.us-east-2.amazonaws.com/rp-20-sources/mandatory-disclosure-report-da43b898828ac97e57a0bfeef68efa33,.pdf,08-01-2019,07-31-2020,12-31-2020
f4d94607ae8ecd9df07d41ccb57268ce,Wildsky Resources Inc.,Canada,https://s3.us-east-2.amazonaws.com/rp-20-sources/mandatory-disclosure-report-f4d94607ae8ecd9df07d41ccb57268ce,.pdf,12-01-2019,11-30-2020,03-01-2021
dac4428142fcfd994e4650313786a973-2397378533ff26ea64d655f4514b69ec-b233d76c4229cf965759eed1d863dbff-45c90927eaccae8b9760b16c246ba99b,IGas Energy Plc,United Kingdom of Great Britain and Northern Ireland,https://s3.us-east-2.amazonaws.com/rp-20-sources/mandatory-disclosure-report-dac4428142fcfd994e4650313786a973-2397378533ff26ea64d655f4514b69ec-b233d76c4229cf965759eed1d863dbff-45c90927eaccae8b9760b16c246ba99b,.zip,01-01-2019,12-31-2019,04-12-2021
86af91516acd07b706297cb81967e6c5,Cub Energy Incorporated,Canada,https://s3.us-east-2.amazonaws.com/rp-20-sources/mandatory-disclosure-report-86af91516acd07b706297cb81967e6c5,.pdf,01-01-2020,12-31-2020,03-30-2021
dd3131ed916600c28e0ac0ebc505b66e-3266a7f8a06a9f1623eab088186d040b-42fac0abbc4a162f2215cfe3016f33fc-ed23ac9d877e2cdbc3bad3b755e9087a,EnQuest plc,United Kingdom of Great Britain and Northern Ireland,https://s3.us-east-2.amazonaws.com/rp-20-sources/mandatory-disclosure-report-dd3131ed916600c28e0ac0ebc505b66e-3266a7f8a06a9f1623eab088186d040b-42fac0abbc4a162f2215cfe3016f33fc-ed23ac9d877e2cdbc3bad3b755e9087a,.zip,01-01-2020,12-31-2020,05-25-2021
3bfd314961950235ed2bf157658c8f69,Compania Espanola de Petroleos S.A.U.,Spain,https://s3.us-east-2.amazonaws.com/rp-20-sources/mandatory-disclosure-report-3bfd314961950235ed2bf157658c8f69,.pdf,01-01-2020,12-31-2020
22b77b3bd41dc48dafc97e3bf16dc97a,Rolling Hills Energy Limited,Canada,https://s3.us-east-2.amazonaws.com/rp-20-sources/mandatory-disclosure-report-22b77b3bd41dc48dafc97e3bf16dc97a,.pdf,01-01-2020,12-31-2020,06-03-2021
29bbe90902fb323923aa2f2b0da3b26e,Endeavour Mining Corporation,Canada,https://s3.us-east-2.amazonaws.com/rp-20-sources/mandatory-disclosure-report-29bbe90902fb323923aa2f2b0da3b26e,.pdf,01-01-2020,12-31-2020,05-30-2021
32c852460bbc7f383218f775d50b7d2b,City of Medicine Hat,Canada,https://s3.us-east-2.amazonaws.com/rp-20-sources/mandatory-disclosure-report-32c852460bbc7f383218f775d50b7d2b,.pdf,01-01-2020,12-31-2020,05-21-2021
5017ea2cc89ca60fcaa18f3b519e7f10,Eldorado Gold Corporation,Canada,https://s3.us-east-2.amazonaws.com/rp-20-sources/mandatory-disclosure-report-5017ea2cc89ca60fcaa18f3b519e7f10,.pdf,01-01-2020,12-31-2020,05-26-2021
475e022522d8f0a8d03001889b4f0c77,Imperial Oil Limited,Canada,https://s3.us-east-2.amazonaws.com/rp-20-sources/mandatory-disclosure-report-475e022522d8f0a8d03001889b4f0c77,.pdf,01-01-2020,12-31-2020,05-26-2021
54ba2764a6a77a2030b7921814375fa2,Signalta Resources Limited,Canada,https://s3.us-east-2.amazonaws.com/rp-20-sources/mandatory-disclosure-report-54ba2764a6a77a2030b7921814375fa2,.pdf,01-01-2020,12-31-2020,05-25-2021
c4a77b359942fdcafb09764437943e1a,Laramide Resources Limited,Canada,https://s3.us-east-2.amazonaws.com/rp-20-sources/mandatory-disclosure-report-c4a77b359942fdcafb09764437943e1a,.pdf,01-01-2020,12-31-2020,05-20-2021
d9d888c2752995443073b1493445475c,Gold Standard Ventures Corporation,Canada,https://s3.us-east-2.amazonaws.com/rp-20-sources/mandatory-disclosure-report-d9d888c2752995443073b1493445475c,.pdf,01-01-2020,12-31-2020,05-28-2021
7d901db1b40d3ecec1ca02fece0789fb,Eastmain Resources Incorporated,Canada,https://s3.us-east-2.amazonaws.com/rp-20-sources/mandatory-disclosure-report-7d901db1b40d3ecec1ca02fece0789fb,.pdf,11-01-2019,10-08-2020,06-01-2021
f66a57e4b26255784fc851125e285003,Dundee Precious Metals Incorporated,Canada,https://s3.us-east-2.amazonaws.com/rp-20-sources/mandatory-disclosure-report-f66a57e4b26255784fc851125e285003,.pdf,01-01-2020,12-31-2020,05-28-2021
b3422f8628e675e73732ffdd36dcf70e,Osisko Development Corp,Canada,https://s3.us-east-2.amazonaws.com/rp-20-sources/mandatory-disclosure-report-b3422f8628e675e73732ffdd36dcf70e,.pdf,01-01-2020,12-31-2020,06-04-2021
8d987617330adc069820d31016f74ad6,Enercapita Energy L.P.,Canada,https://s3.us-east-2.amazonaws.com/rp-20-sources/mandatory-disclosure-report-8d987617330adc069820d31016f74ad6,.pdf,01-01-2020,12-31-2020,05-28-2021
dae2489ea9fd6c85bf44042d0c1ad988,Leucrotta Exploration Incorporated,Canada,https://s3.us-east-2.amazonaws.com/rp-20-sources/mandatory-disclosure-report-dae2489ea9fd6c85bf44042d0c1ad988,.pdf,01-01-2020,12-31-2020,05-27-2021
68702c9fbec2eb6789f1e96c23ea98fb-86e88c0dce862e53a932b04814ba4fe6-3e3aa4fe61c1deb3c89788679fa5e13d-9282a84c4484131223aaadbc713675f6,Altyngold Plc,United Kingdom of Great Britain and Northern Ireland,https://s3.us-east-2.amazonaws.com/rp-20-sources/mandatory-disclosure-report-68702c9fbec2eb6789f1e96c23ea98fb-86e88c0dce862e53a932b04814ba4fe6-3e3aa4fe61c1deb3c89788679fa5e13d-9282a84c4484131223aaadbc713675f6,.zip,01-01-2017,12-31-2017,08-12-2021
fb0e96a42d318ccbb9dc10defd62c939,"VAALCO Energy, Inc.",United Kingdom of Great Britain and Northern Ireland,https://s3.us-east-2.amazonaws.com/rp-20-sources/mandatory-disclosure-report-fb0e96a42d318ccbb9dc10defd62c939,.html,01-01-2019,12-31-2019,03-02-2021
da2c07417b82d47c9d21fae563e5fdf3,PrairieSky Royalty Limited,Canada,https://s3.us-east-2.amazonaws.com/rp-20-sources/mandatory-disclosure-report-da2c07417b82d47c9d21fae563e5fdf3,.pdf,01-01-2020,12-31-2020,05-11-2021
1e06df92da5c80513f726490df7a1723,TriSummit Utilities Incorporated,Canada,https://s3.us-east-2.amazonaws.com/rp-20-sources/mandatory-disclosure-report-1e06df92da5c80513f726490df7a1723,.pdf,01-01-2020,12-31-2020,05-18-2021
2268575f3599c604a0a9f008b04f6b0e,Zinc One Resources Incorporated,Canada,https://s3.us-east-2.amazonaws.com/rp-20-sources/mandatory-disclosure-report-2268575f3599c604a0a9f008b04f6b0e,.pdf,03-01-2020,02-28-2021,05-28-2021
612dea1303da90ced49040ea483758ce,Caledonia Mining Corporation plc,Canada,https://s3.us-east-2.amazonaws.com/rp-20-sources/mandatory-disclosure-report-612dea1303da90ced49040ea483758ce,.pdf,01-01-2020,12-31-2020,06-03-2021
ff38d2adb91f6b7e1fd1120b176e7f83,Eastern Platinum Limited,Canada,https://s3.us-east-2.amazonaws.com/rp-20-sources/mandatory-disclosure-report-ff38d2adb91f6b7e1fd1120b176e7f83,.pdf,01-01-2020,12-31-2020,05-30-2021
4fabfd4b615a22ed5e5622993eb9e406,K92 Mining Incorporated,Canada,https://s3.us-east-2.amazonaws.com/rp-20-sources/mandatory-disclosure-report-4fabfd4b615a22ed5e5622993eb9e406,.pdf,01-01-2020,12-31-2020,05-26-2021
784a6c5a7d8e37cd72d4eeab6b1d1cdb,Los Andes Copper Ltd.,Canada,https://s3.us-east-2.amazonaws.com/rp-20-sources/mandatory-disclosure-report-784a6c5a7d8e37cd72d4eeab6b1d1cdb,.pdf,10-01-2018,09-30-2019,04-07-2021
5758b7c8a1f070f86c31c6a39c48352a,Athabasca Oil Corporation,Canada,https://s3.us-east-2.amazonaws.com/rp-20-sources/mandatory-disclosure-report-5758b7c8a1f070f86c31c6a39c48352a,.pdf,01-01-2020,12-31-2020,05-04-2021
6363fda51d407213e97f732966c7b4a3,Ero Copper Corporation,Canada,https://s3.us-east-2.amazonaws.com/rp-20-sources/mandatory-disclosure-report-6363fda51d407213e97f732966c7b4a3,.pdf,01-01-2020,12-31-2020,05-05-2021
899524ec69994553c3f085b0bd8d7916,Nexa Resources S.A.,Canada,https://s3.us-east-2.amazonaws.com/rp-20-sources/mandatory-disclosure-report-899524ec69994553c3f085b0bd8d7916,.pdf,01-01-2020,12-31-2020,04-22-2021
83ec02d5dbb250b0393eace7f6fc43ae-8ab29f0d8cf08ea9d671b4e4aa0c6038-69095202e790bf7436da74fee9807488-e6f397f50b2a02f13e25e128a46aec5b,Tullow Oil PLC,United Kingdom of Great Britain and Northern Ireland,https://s3.us-east-2.amazonaws.com/rp-20-sources/mandatory-disclosure-report-83ec02d5dbb250b0393eace7f6fc43ae-8ab29f0d8cf08ea9d671b4e4aa0c6038-69095202e790bf7436da74fee9807488-e6f397f50b2a02f13e25e128a46aec5b,.zip,01-01-2019,12-31-2019,05-19-2021
2056a2dfb0970e7ea74ae13708988a0e,Jaguar Mining Incorporated,Canada,https://s3.us-east-2.amazonaws.com/rp-20-sources/mandatory-disclosure-report-2056a2dfb0970e7ea74ae13708988a0e,.pdf,01-01-2020,12-31-2020,05-10-2021
05034a0b74316302b2405b2cff145f71,Saguaro Resources Limited,Canada,https://s3.us-east-2.amazonaws.com/rp-20-sources/mandatory-disclosure-report-05034a0b74316302b2405b2cff145f71,.pdf,01-01-2020,12-31-2020,05-28-2021
620e1c0c4caed2efabd91c46bb42d0bd,Fury Gold Mines Limited,Canada,https://s3.us-east-2.amazonaws.com/rp-20-sources/mandatory-disclosure-report-620e1c0c4caed2efabd91c46bb42d0bd,.pdf,01-01-2020,12-31-2020,05-28-2021
7d054cecbee748d574df1653cccdb6c1,SouthGobi Resources Limited,Canada,https://s3.us-east-2.amazonaws.com/rp-20-sources/mandatory-disclosure-report-7d054cecbee748d574df1653cccdb6c1,.pdf,01-01-2020,12-31-2020,05-30-2021
43fb6a69c64dce615dc55a765db4545e-859c379bd93f85440ad41e5b993b6096-80410fb2b06d74c7c378155db7071e5a-1cb1d19f3fe2802464a905b83ef00812,Perenco Energies International Limited,United Kingdom of Great Britain and Northern Ireland,https://s3.us-east-2.amazonaws.com/rp-20-sources/mandatory-disclosure-report-43fb6a69c64dce615dc55a765db4545e-859c379bd93f85440ad41e5b993b6096-80410fb2b06d74c7c378155db7071e5a-1cb1d19f3fe2802464a905b83ef00812,.zip,01-01-2020,12-31-2020,09-29-2021
3a1b809b4b98668955371f1fda743eb0,OMV,Austria,https://s3.us-east-2.amazonaws.com/rp-20-sources/mandatory-disclosure-report-3a1b809b4b98668955371f1fda743eb0,.pdf,01-01-2020,12-31-2020,03-10-2021
40b7f51dce73eb3c2da16ffcac0c75ce,Mirasol Resources Limited,Canada,https://s3.us-east-2.amazonaws.com/rp-20-sources/mandatory-disclosure-report-40b7f51dce73eb3c2da16ffcac0c75ce,.pdf,07-01-2019,06-30-2020,03-23-2021
3f0fb4e72c487be4a0f5d59cc0ded447,East West Petroleum Corp.,Canada,https://s3.us-east-2.amazonaws.com/rp-20-sources/mandatory-disclosure-report-3f0fb4e72c487be4a0f5d59cc0ded447,.pdf,04-01-2018,03-31-2019,03-29-2021
f7fcc5903266389166a7b0bec46aa086-02daa46fb9ea463ff5fe3d1bf5482f8e-ef9a340f1e6e2cee362d10ef31a561e3-f79c3a2bb471f5b5b9f7ab35fd64e6bd,Hunting PLC,United Kingdom of Great Britain and Northern Ireland,https://s3.us-east-2.amazonaws.com/rp-20-sources/mandatory-disclosure-report-f7fcc5903266389166a7b0bec46aa086-02daa46fb9ea463ff5fe3d1bf5482f8e-ef9a340f1e6e2cee362d10ef31a561e3-f79c3a2bb471f5b5b9f7ab35fd64e6bd,.zip,01-01-2020,12-31-2020,04-29-2021
5d908dee545f88affe87f73b84aa9d32,Kerr Mines Inc.,Canada,https://s3.us-east-2.amazonaws.com/rp-20-sources/mandatory-disclosure-report-5d908dee545f88affe87f73b84aa9d32,.pdf,07-01-2018,06-30-2019,02-24-2021
8070b7b4fff0d34e837cb8fd88d99a14,Primeline Energy Holdings Incorporated,Canada,https://s3.us-east-2.amazonaws.com/rp-20-sources/mandatory-disclosure-report-8070b7b4fff0d34e837cb8fd88d99a14,.pdf,04-01-2019,03-31-2020,03-16-2021
8d4efd130736b752fabac43a8a8bbe75,Filo Mining Corp.,Canada,https://s3.us-east-2.amazonaws.com/rp-20-sources/mandatory-disclosure-report-8d4efd130736b752fabac43a8a8bbe75,.pdf,01-01-2020,12-31-2020,05-21-2021
eb5e6ceb8ddaa60cdd3557f181d2d9d5,Element 29 Resources Inc.,Canada,https://s3.us-east-2.amazonaws.com/rp-20-sources/mandatory-disclosure-report-eb5e6ceb8ddaa60cdd3557f181d2d9d5,.pdf,01-01-2020,12-31-2020,05-13-2021
edd0935463ab1e9b6dac670a6b707a84,International Petroleum Corporation,Canada,https://s3.us-east-2.amazonaws.com/rp-20-sources/mandatory-disclosure-report-edd0935463ab1e9b6dac670a6b707a84,.pdf,01-01-2020,12-31-2020,05-05-2021
03b34310e4def64111ca6d7c19d696ff,Chevron Canada Limited,Canada,https://s3.us-east-2.amazonaws.com/rp-20-sources/mandatory-disclosure-report-03b34310e4def64111ca6d7c19d696ff,.pdf,01-01-2020,12-31-2020,05-28-2021
e16e68c90e3f574f360b44cb4f178ecd-1f18c317ad146faaac3dcd31667cef0d-d4b13a23a2db6e68b53cf092a955c2cd-54fa9c15b3a409ac8d1acdead2e8997c,Anglo American PLC,United Kingdom of Great Britain and Northern Ireland,https://s3.us-east-2.amazonaws.com/rp-20-sources/mandatory-disclosure-report-e16e68c90e3f574f360b44cb4f178ecd-1f18c317ad146faaac3dcd31667cef0d-d4b13a23a2db6e68b53cf092a955c2cd-54fa9c15b3a409ac8d1acdead2e8997c,.zip,01-01-2020,12-31-2020,06-29-2021
8c4f780364c41b714f2f512aa157c18a,Amerigo Resources Limited,Canada,https://s3.us-east-2.amazonaws.com/rp-20-sources/mandatory-disclosure-report-8c4f780364c41b714f2f512aa157c18a,.pdf,01-01-2020,12-31-2020,05-19-2021
b52357c756e706aa1f33f70559c0604c,JSC National Atomic Company Kazatomprom,United Kingdom of Great Britain and Northern Ireland,https://s3.us-east-2.amazonaws.com/rp-20-sources/mandatory-disclosure-report-b52357c756e706aa1f33f70559c0604c,.html,01-01-2020,12-31-2020,06-22-2021
cd6aa48624eb06b81f040c0da22f49fb,First Majestic Silver Corporation,Canada,https://s3.us-east-2.amazonaws.com/rp-20-sources/mandatory-disclosure-report-cd6aa48624eb06b81f040c0da22f49fb,.pdf,01-01-2020,12-31-2020,04-20-2021
c1dfe2f70d89cb4b11db01887e5af3fd,ExxonMobil Canada Properties,Canada,https://s3.us-east-2.amazonaws.com/rp-20-sources/mandatory-disclosure-report-c1dfe2f70d89cb4b11db01887e5af3fd,.pdf,12-01-2020,12-31-2020,04-27-2021
20a2821bed5e9877fdc5f71454162e15,Uranium One Incorporated,Canada,https://s3.us-east-2.amazonaws.com/rp-20-sources/mandatory-disclosure-report-20a2821bed5e9877fdc5f71454162e15,.pdf,01-01-2020,12-31-2020,05-21-2021
6845758f3ae343929c5ea2b137087f68-20cb0536322a63b1cd13ff9fe7e543e6-4495055949c92c306aaf0f4f86518e99-84e9f654346ef751e770aba95353074c,Fresnillo plc,United Kingdom of Great Britain and Northern Ireland,https://s3.us-east-2.amazonaws.com/rp-20-sources/mandatory-disclosure-report-6845758f3ae343929c5ea2b137087f68-20cb0536322a63b1cd13ff9fe7e543e6-4495055949c92c306aaf0f4f86518e99-84e9f654346ef751e770aba95353074c,.zip,01-01-2020,12-31-2020,06-22-2021
438daa25b8071c31d6675fdd1abe5308,Titan Mining Corporation,Canada,https://s3.us-east-2.amazonaws.com/rp-20-sources/mandatory-disclosure-report-438daa25b8071c31d6675fdd1abe5308,.pdf,01-01-2020,12-31-2020,05-14-2021
447395705057b0efe7e0acb75a48a5f6,Royal Road Minerals Limited,Canada,https://s3.us-east-2.amazonaws.com/rp-20-sources/mandatory-disclosure-report-447395705057b0efe7e0acb75a48a5f6,.pdf,01-01-2020,12-31-2020,04-14-2021
5b25315cf8915a1c26154952ac0260a4,Cenovus Energy Incorporated,Canada,https://s3.us-east-2.amazonaws.com/rp-20-sources/mandatory-disclosure-report-5b25315cf8915a1c26154952ac0260a4,.pdf,01-01-2020,12-31-2020,05-28-2021
ae2ffc0b4863f8a1725963ad54e6a19f,Ivanhoe Mines Limited,Canada,https://s3.us-east-2.amazonaws.com/rp-20-sources/mandatory-disclosure-report-ae2ffc0b4863f8a1725963ad54e6a19f,.pdf,01-01-2019,12-31-2019,06-25-2020
60e525a7012c32a2adc3c161a0866880,Gold X Mining Corp.,Canada,https://s3.us-east-2.amazonaws.com/rp-20-sources/mandatory-disclosure-report-60e525a7012c32a2adc3c161a0866880,.pdf,01-01-2020,12-31-2020,06-14-2021
699cb419f092e42dd9270538125cf260,Toscana Energy Income Corporation,Canada,https://s3.us-east-2.amazonaws.com/rp-20-sources/mandatory-disclosure-report-699cb419f092e42dd9270538125cf260,.pdf,01-01-2020,10-30-2020,05-31-2021
aa478a9e585b6842c506832f3be0bf65,SRHI Incorporated,Canada,https://s3.us-east-2.amazonaws.com/rp-20-sources/mandatory-disclosure-report-aa478a9e585b6842c506832f3be0bf65,.pdf,01-01-2020,12-31-2020,05-28-2021
bd5bf38dc5967ef609405559aa97b76a,Alvopetro Energy Limited,Canada,https://s3.us-east-2.amazonaws.com/rp-20-sources/mandatory-disclosure-report-bd5bf38dc5967ef609405559aa97b76a,.pdf,01-01-2020,12-31-2020,06-01-2021
7e84edb9f27978bf16e53875ae700e1d,Polymetal International plc,United Kingdom of Great Britain and Northern Ireland,https://s3.us-east-2.amazonaws.com/rp-20-sources/mandatory-disclosure-report-7e84edb9f27978bf16e53875ae700e1d,.html,01-01-2020,12-31-2020,06-30-2021
d1e945444db730a7ebe359aef19ef71d,Tangle Creek Energy Limited,Canada,https://s3.us-east-2.amazonaws.com/rp-20-sources/mandatory-disclosure-report-d1e945444db730a7ebe359aef19ef71d,.pdf,01-01-2020,12-31-2020,05-26-2021
c9f3b39e4a693b1e7133e28bf31557e3,Repsol Oil & Gas Canada Incorporated,Canada,https://s3.us-east-2.amazonaws.com/rp-20-sources/mandatory-disclosure-report-c9f3b39e4a693b1e7133e28bf31557e3,.pdf,01-01-2020,12-31-2020,06-16-2021
d9bad2c87ac1ab09c4b1983b2f463224,Long Run Exploration Limited,Canada,https://s3.us-east-2.amazonaws.com/rp-20-sources/mandatory-disclosure-report-d9bad2c87ac1ab09c4b1983b2f463224,.pdf,01-01-2020,12-31-2020,05-27-2021
c2bdd8726ab914dcd06671ba587535fd,K+S Aktiengesellschaft,Canada,https://s3.us-east-2.amazonaws.com/rp-20-sources/mandatory-disclosure-report-c2bdd8726ab914dcd06671ba587535fd,.pdf,01-01-2020,12-31-2020,06-30-2021
2f00e8c841d0f732bbd8f77461a9c93f-3828be7e7419a9d48c556169007618a4-c8137fbf00a19972c065ab61854dd910-0187ebc64cc17da02386bd4c3fad4d15,Vedanta Resources Limited,United Kingdom of Great Britain and Northern Ireland,https://s3.us-east-2.amazonaws.com/rp-20-sources/mandatory-disclosure-report-2f00e8c841d0f732bbd8f77461a9c93f-3828be7e7419a9d48c556169007618a4-c8137fbf00a19972c065ab61854dd910-0187ebc64cc17da02386bd4c3fad4d15,.zip,04-01-2020,03-31-2021,09-29-2021
cb6c7d58f30b00371927b5ac4816a285,Iamgold Corporation,Canada,https://s3.us-east-2.amazonaws.com/rp-20-sources/mandatory-disclosure-report-cb6c7d58f30b00371927b5ac4816a285,.pdf,01-01-2016,12-31-2016,05-29-2017
3f7ee5cde651f85059548b0f25e55fe5,Fengro Industries Corporation,Canada,https://s3.us-east-2.amazonaws.com/rp-20-sources/mandatory-disclosure-report-3f7ee5cde651f85059548b0f25e55fe5,.pdf,10-01-2015,09-30-2016,07-07-2017
b898dadc01d945388838627ee8a2cf9c,Arizona Mining Incorporated,Canada,https://s3.us-east-2.amazonaws.com/rp-20-sources/mandatory-disclosure-report-b898dadc01d945388838627ee8a2cf9c,.pdf,01-01-2018,08-10-2018,03-09-2020
31357b7f4bbe47a7f8ce8f02c2f7fda4,Rathdowney Resources Ltd.,Canada,https://s3.us-east-2.amazonaws.com/rp-20-sources/mandatory-disclosure-report-31357b7f4bbe47a7f8ce8f02c2f7fda4,.pdf,01-01-2017,12-31-2017,03-12-2021
3adc5a761c003dec3c4a2558ae7e001c,Rathdowney Resources Ltd.,Canada,https://s3.us-east-2.amazonaws.com/rp-20-sources/mandatory-disclosure-report-3adc5a761c003dec3c4a2558ae7e001c,.pdf,01-01-2018,12-31-2018,03-12-2021
b0e5b77527686466db9665bf15711d53,ValOre Metals Corporation,Canada,https://s3.us-east-2.amazonaws.com/rp-20-sources/mandatory-disclosure-report-b0e5b77527686466db9665bf15711d53,.pdf,10-01-2019,09-30-2020,04-08-2021
b5e3eea9a01393745ddc299d94d3f82a,Vesta Energy Corporation,Canada,https://s3.us-east-2.amazonaws.com/rp-20-sources/mandatory-disclosure-report-b5e3eea9a01393745ddc299d94d3f82a,.pdf,01-01-2020,12-31-2020,05-07-2021
d6fe0a9ae07dcf64a10fa8a349a80dea,Scorpio Gold Corporation,Canada,https://s3.us-east-2.amazonaws.com/rp-20-sources/mandatory-disclosure-report-d6fe0a9ae07dcf64a10fa8a349a80dea,.pdf,01-01-2019,12-31-2019,03-18-2021
d1355f4ad491d4ca9db7975856e8929a-4b2b64d0e196289460279ca96f10fac4-9b27b62e91f9acaa2257d9314a4d0278-33faaea4a311a5bd2a4e67ba69844dcb,Anasuria Hibiscus Uk Limited,United Kingdom of Great Britain and Northern Ireland,https://s3.us-east-2.amazonaws.com/rp-20-sources/mandatory-disclosure-report-d1355f4ad491d4ca9db7975856e8929a-4b2b64d0e196289460279ca96f10fac4-9b27b62e91f9acaa2257d9314a4d0278-33faaea4a311a5bd2a4e67ba69844dcb,.zip,07-01-2019,06-30-2020,05-25-2021
690e4d4a9a40bcb912f895c376ddc785,Golden Star Resources Limited,Canada,https://s3.us-east-2.amazonaws.com/rp-20-sources/mandatory-disclosure-report-690e4d4a9a40bcb912f895c376ddc785,.pdf,01-01-2020,12-31-2020,05-25-2021
a96a72508ad15c7c0640248457e3c1cd,Belo Sun Mining Corporation,Canada,https://s3.us-east-2.amazonaws.com/rp-20-sources/mandatory-disclosure-report-a96a72508ad15c7c0640248457e3c1cd,.pdf,01-01-2020,12-31-2020,05-27-2021
d40599bd4761dc385368d793c47dca3f,Kinross Gold Corporation,Canada,https://s3.us-east-2.amazonaws.com/rp-20-sources/mandatory-disclosure-report-d40599bd4761dc385368d793c47dca3f,.pdf,01-01-2020,12-31-2020,05-28-2021
c3d39d8d81412af4d7cc9bfb41dc9ae9-dea60a83be67bf68d444f09817b8c2f9-d2afaf1add54f086b884e22bfb02a4a7-117640f1c1a896a15cee135e2a1c3996,Trans-Siberian Gold plc,United Kingdom of Great Britain and Northern Ireland,https://s3.us-east-2.amazonaws.com/rp-20-sources/mandatory-disclosure-report-c3d39d8d81412af4d7cc9bfb41dc9ae9-dea60a83be67bf68d444f09817b8c2f9-d2afaf1add54f086b884e22bfb02a4a7-117640f1c1a896a15cee135e2a1c3996,.zip,01-01-2020,12-31-2020,08-02-2021
26b3d8275e7f8072d8b4928348b13e53-9e9990b3483c64464ddf7db64ac95bd3-a32f1d13f631137e98633ed31ca84d42-4a9b04c53097c71d23f69149bbc4ed51,Altyngold Plc,United Kingdom of Great Britain and Northern Ireland,https://s3.us-east-2.amazonaws.com/rp-20-sources/mandatory-disclosure-report-26b3d8275e7f8072d8b4928348b13e53-9e9990b3483c64464ddf7db64ac95bd3-a32f1d13f631137e98633ed31ca84d42-4a9b04c53097c71d23f69149bbc4ed51,.zip,01-01-2018,12-31-2018,08-12-2021
eab303d43f1de8c416a48200c7d5b529,Asian Mineral Resources Limited,Canada,https://s3.us-east-2.amazonaws.com/rp-20-sources/mandatory-disclosure-report-eab303d43f1de8c416a48200c7d5b529,.pdf,01-01-2017,12-31-2017,06-07-2018
d04bfebe3d5e0bc9a1fadba885388936,Jupiter Resources Incorporated,Canada,https://s3.us-east-2.amazonaws.com/rp-20-sources/mandatory-disclosure-report-d04bfebe3d5e0bc9a1fadba885388936,.pdf,01-01-2019,12-31-2019,05-29-2020
453be6580c2aaf8183568cf0c129edf9,Capital Power Corporation,Canada,https://s3.us-east-2.amazonaws.com/rp-20-sources/mandatory-disclosure-report-453be6580c2aaf8183568cf0c129edf9,.pdf,01-01-2020,12-31-2020,03-16-2021
96c6d6787ce0e9e20e0d04035db8beac,PetroChina Canada,Canada,https://s3.us-east-2.amazonaws.com/rp-20-sources/mandatory-disclosure-report-96c6d6787ce0e9e20e0d04035db8beac,.pdf,01-01-2020,12-31-2020,04-21-2021
afcb5bbbcf7285f3842eca520467560e,New Zealand Energy Corporation,Canada,https://s3.us-east-2.amazonaws.com/rp-20-sources/mandatory-disclosure-report-afcb5bbbcf7285f3842eca520467560e,.pdf,01-01-2020,12-31-2020,05-26-2021
aa75aa8ac4446da4653877f97d072a9e,ConocoPhillips Canada Resources Corporation,Canada,https://s3.us-east-2.amazonaws.com/rp-20-sources/mandatory-disclosure-report-aa75aa8ac4446da4653877f97d072a9e,.pdf,01-01-2020,12-31-2020,06-01-2021
bca7ee4dbb28e090ab22b15c6502ab9d,Labrador Iron Ore Royalty Corporation,Canada,https://s3.us-east-2.amazonaws.com/rp-20-sources/mandatory-disclosure-report-bca7ee4dbb28e090ab22b15c6502ab9d,.pdf,01-01-2020,12-31-2020,05-31-2021
d29ee5faac7baacd1fe6487717f40c17,AP2K Holdings Ltd.,Canada,https://s3.us-east-2.amazonaws.com/rp-20-sources/mandatory-disclosure-report-d29ee5faac7baacd1fe6487717f40c17,.pdf,01-01-2020,12-31-2020,05-27-2021
b04ba59398add9811e8a4c6cac5fa5b1,Royal Dutch Shell plc,United Kingdom of Great Britain and Northern Ireland,https://s3.us-east-2.amazonaws.com/rp-20-sources/mandatory-disclosure-report-b04ba59398add9811e8a4c6cac5fa5b1,.pdf,01-01-2019,12-31-2019,04-07-2020
81388bb3c90accc489cb2ce097e66d3e,Thor Explorations Ltd.,Canada,https://s3.us-east-2.amazonaws.com/rp-20-sources/mandatory-disclosure-report-81388bb3c90accc489cb2ce097e66d3e,.pdf,01-01-2020,12-31-2020,03-31-2021
59a2258339c60283bb3d47e05305c4c8,Keyera Corporation,Canada,https://s3.us-east-2.amazonaws.com/rp-20-sources/mandatory-disclosure-report-59a2258339c60283bb3d47e05305c4c8,.pdf,01-01-2020,12-31-2020,04-20-2021
716a7f2cf299ebff59f6272acb685c1d,Hammerhead Resources Incorporated,Canada,https://s3.us-east-2.amazonaws.com/rp-20-sources/mandatory-disclosure-report-716a7f2cf299ebff59f6272acb685c1d,.pdf,01-01-2020,12-31-2020,04-29-2021
4061dda23325c505df452ae87fcd638f,KGHM International Limited,Canada,https://s3.us-east-2.amazonaws.com/rp-20-sources/mandatory-disclosure-report-4061dda23325c505df452ae87fcd638f,.pdf,01-01-2020,12-31-2020,05-05-2021
21def394b5896d08f7236ad15bdfd9fb,Canlin Energy Corporation,Canada,https://s3.us-east-2.amazonaws.com/rp-20-sources/mandatory-disclosure-report-21def394b5896d08f7236ad15bdfd9fb,.pdf,01-01-2020,12-31-2020,05-27-2021
4d5bc01eb058dc8e22f5df658547024d,Artemis Gold Incorporated,Canada,https://s3.us-east-2.amazonaws.com/rp-20-sources/mandatory-disclosure-report-4d5bc01eb058dc8e22f5df658547024d,.pdf,01-01-2020,12-31-2020,05-27-2021
687157d564df244b43eca42aa987b94c,Kolibri Global Energy Incorporated,Canada,https://s3.us-east-2.amazonaws.com/rp-20-sources/mandatory-disclosure-report-687157d564df244b43eca42aa987b94c,.pdf,01-01-2020,12-31-2020,06-01-2021
ff07e9371246ce9248963d4c4cbc3efd,GoviEx Uranium Incorporated,Canada,https://s3.us-east-2.amazonaws.com/rp-20-sources/mandatory-disclosure-report-ff07e9371246ce9248963d4c4cbc3efd,.pdf,01-01-2020,12-31-2020,05-25-2021
f54281e7dbf7bdae4428697c2efec010,Black Swan Energy Limited,Canada,https://s3.us-east-2.amazonaws.com/rp-20-sources/mandatory-disclosure-report-f54281e7dbf7bdae4428697c2efec010,.pdf,01-01-2020,12-31-2020,05-27-2021
e3ad82d927eec330630f5b6c1167c0b2,Luminex Resources Corp.,Canada,https://s3.us-east-2.amazonaws.com/rp-20-sources/mandatory-disclosure-report-e3ad82d927eec330630f5b6c1167c0b2,.pdf,01-01-2020,12-31-2020,05-27-2021
2c5ec761db6a56ad23ea45571ee6ed9d,Newcore Gold Ltd.,Canada,https://s3.us-east-2.amazonaws.com/rp-20-sources/mandatory-disclosure-report-2c5ec761db6a56ad23ea45571ee6ed9d,.pdf,01-01-2020,12-31-2020,05-18-2021
d1cc055998cb1e10f2e56a5770edb942,Horizonte Minerals plc,Canada,https://s3.us-east-2.amazonaws.com/rp-20-sources/mandatory-disclosure-report-d1cc055998cb1e10f2e56a5770edb942,.pdf,01-01-2020,12-31-2020,05-10-2021
09ba71c0484f5781422648ea4bf15feb,Lundin Gold Incorporated,Canada,https://s3.us-east-2.amazonaws.com/rp-20-sources/mandatory-disclosure-report-09ba71c0484f5781422648ea4bf15feb,.pdf,01-01-2020,12-31-2020,05-28-2021
1de055aac862d4c8d8b8d152eca83154,Fortuna Silver Mines Incorporated,Canada,https://s3.us-east-2.amazonaws.com/rp-20-sources/mandatory-disclosure-report-1de055aac862d4c8d8b8d152eca83154,.pdf,01-01-2020,12-31-2020,05-28-2021
40e099edc54d018e4ebea02854c50d26,Valeura Energy Incorporated,Canada,https://s3.us-east-2.amazonaws.com/rp-20-sources/mandatory-disclosure-report-40e099edc54d018e4ebea02854c50d26,.pdf,01-01-2020,12-31-2020,05-25-2021
4a84c761419bb5fda3ec18d2f4efbecf,Ur-Energy Incorporated,Canada,https://s3.us-east-2.amazonaws.com/rp-20-sources/mandatory-disclosure-report-4a84c761419bb5fda3ec18d2f4efbecf,.pdf,01-01-2020,12-31-2020,05-31-2021
771275bd02856477cd56429dce95ec99,Lumina Gold Corporation,Canada,https://s3.us-east-2.amazonaws.com/rp-20-sources/mandatory-disclosure-report-771275bd02856477cd56429dce95ec99,.pdf,01-01-2020,12-31-2020,05-20-2021
adc33b5da8c2f0024d9cf2b32931b7e6,Nep Canada Unlimited Liability Corporation,Canada,https://s3.us-east-2.amazonaws.com/rp-20-sources/mandatory-disclosure-report-adc33b5da8c2f0024d9cf2b32931b7e6,.pdf,01-01-2020,12-31-2020,05-27-2021
0f66a616eadccf1222a1287765cbabd5,Group Eleven Resources Corporation,Canada,https://s3.us-east-2.amazonaws.com/rp-20-sources/mandatory-disclosure-report-0f66a616eadccf1222a1287765cbabd5,.pdf,01-01-2020,12-31-2020,06-11-2021
f2ceabb5e15662f75d0c2309da3b8ee4,PetroFrontier Corporation,Canada,https://s3.us-east-2.amazonaws.com/rp-20-sources/mandatory-disclosure-report-f2ceabb5e15662f75d0c2309da3b8ee4,.pdf,01-01-2020,12-31-2020,05-28-2021
eb5072f0cd05838d17a0531456941f42,Orogen Royalties Incorporated,Canada,https://s3.us-east-2.amazonaws.com/rp-20-sources/mandatory-disclosure-report-eb5072f0cd05838d17a0531456941f42,.pdf,01-01-2020,12-31-2020,05-26-2021
1edd91fe5a445566386223bbd1bcb66c-5392615291b80699df9a61876bddf6c3-af4489c97ea71f70115df39862346e52-c68f0306a3fe25aa55db907c2d8349fc,CERTIFIED M CROWN LTD,United Kingdom of Great Britain and Northern Ireland,https://s3.us-east-2.amazonaws.com/rp-20-sources/mandatory-disclosure-report-1edd91fe5a445566386223bbd1bcb66c-5392615291b80699df9a61876bddf6c3-af4489c97ea71f70115df39862346e52-c68f0306a3fe25aa55db907c2d8349fc,.zip,07-01-2020,06-01-2021,09-08-2021
d582a9dc8ec8fdb5195c4a64a0687cf3,Pan Orient Energy Corporation,Canada,https://s3.us-east-2.amazonaws.com/rp-20-sources/mandatory-disclosure-report-d582a9dc8ec8fdb5195c4a64a0687cf3,.pdf,01-01-2020,12-31-2020,05-27-2021
9d810b23bba8fd75bac571576c472c66-7df7e02ca8fa52183d907a633e40905d-7d9d077a5d17d6d7e8a9bfd4a131c458-f497f98e84eaff0459ef9bd95fdc4d10,Altyngold Plc,United Kingdom of Great Britain and Northern Ireland,https://s3.us-east-2.amazonaws.com/rp-20-sources/mandatory-disclosure-report-9d810b23bba8fd75bac571576c472c66-7df7e02ca8fa52183d907a633e40905d-7d9d077a5d17d6d7e8a9bfd4a131c458-f497f98e84eaff0459ef9bd95fdc4d10,.zip,01-01-2019,12-31-2019,08-13-2021
f9c86328aa6e699cbadebb76abc75b02,Orocobre Limited,Canada,https://s3.us-east-2.amazonaws.com/rp-20-sources/mandatory-disclosure-report-f9c86328aa6e699cbadebb76abc75b02,.pdf,07-01-2019,06-30-2020,04-19-2021
de0cb2795a6e45d6366cf14d173af20b,Xto Energy Canada ULC,Canada,https://s3.us-east-2.amazonaws.com/rp-20-sources/mandatory-disclosure-report-de0cb2795a6e45d6366cf14d173af20b,.pdf,12-01-2020,12-31-2020,04-27-2021
1d5a1dbbe79f8b204fd8f789c931f036,Cor4 Oil Corporation,Canada,https://s3.us-east-2.amazonaws.com/rp-20-sources/mandatory-disclosure-report-1d5a1dbbe79f8b204fd8f789c931f036,.pdf,01-01-2019,12-31-2019,08-24-2021
34e105b8e4597c62ac0cc1ddb4dc1ee0,Aecon Group Incorporated,Canada,https://s3.us-east-2.amazonaws.com/rp-20-sources/mandatory-disclosure-report-34e105b8e4597c62ac0cc1ddb4dc1ee0,.pdf,01-01-2020,12-31-2020,07-30-2021
68b77b67490d1adea05f11dd377f6fa9,Bellatrix Exploration Limited,Canada,https://s3.us-east-2.amazonaws.com/rp-20-sources/mandatory-disclosure-report-68b77b67490d1adea05f11dd377f6fa9,.pdf,01-01-2020,12-31-2020,02-01-2021
cc7a2e9755bfc93032fbd7fc8e1a4431-2093903e77a7b98accb6c236c0d9f411-40f264e29a177db2522c0be07427df5a-53a832b98fbf10dd1c9f24f6411ce788,Pan African Resources PLC,United Kingdom of Great Britain and Northern Ireland,https://s3.us-east-2.amazonaws.com/rp-20-sources/mandatory-disclosure-report-cc7a2e9755bfc93032fbd7fc8e1a4431-2093903e77a7b98accb6c236c0d9f411-40f264e29a177db2522c0be07427df5a-53a832b98fbf10dd1c9f24f6411ce788,.zip,07-01-2018,06-30-2019,04-07-2021
ea93caf25b86714c671e59da8fae0c78,O3 Mining Inc.,Canada,https://s3.us-east-2.amazonaws.com/rp-20-sources/mandatory-disclosure-report-ea93caf25b86714c671e59da8fae0c78,.pdf,01-01-2020,12-31-2020,05-10-2021
2e4e3019b2d607369b5e7909b46213a3,Lithium Chile Incorporated,Canada,https://s3.us-east-2.amazonaws.com/rp-20-sources/mandatory-disclosure-report-2e4e3019b2d607369b5e7909b46213a3,.pdf,01-01-2020,12-31-2020,05-07-2021
26825c9abbce45ba0480df23cad84733,Majestic Gold Corp.,Canada,https://s3.us-east-2.amazonaws.com/rp-20-sources/mandatory-disclosure-report-26825c9abbce45ba0480df23cad84733,.pdf,01-01-2020,12-31-2020,06-04-2021
43563841813f6d36ea11eacad638629c,Renaissance Oil Corporation,Canada,https://s3.us-east-2.amazonaws.com/rp-20-sources/mandatory-disclosure-report-43563841813f6d36ea11eacad638629c,.pdf,01-01-2020,12-31-2020,05-31-2021
4947a122be3d7434ac57b8d4d418630b,Santacruz Silver Mining Limited,Canada,https://s3.us-east-2.amazonaws.com/rp-20-sources/mandatory-disclosure-report-4947a122be3d7434ac57b8d4d418630b,.pdf,01-01-2020,12-31-2020,05-30-2021
d5ca393ebb16f578b7821344e515fb20,Bluestone Resources Inc.,Canada,https://s3.us-east-2.amazonaws.com/rp-20-sources/mandatory-disclosure-report-d5ca393ebb16f578b7821344e515fb20,.pdf,01-01-2020,12-31-2020,05-19-2021
f0443af24607e53eff13c88e56e85b71,Petroshale Incorporated,Canada,https://s3.us-east-2.amazonaws.com/rp-20-sources/mandatory-disclosure-report-f0443af24607e53eff13c88e56e85b71,.pdf,01-01-2020,12-31-2020,05-28-2021
e4f3b34b637407ccd8742551abb4ac42-deb8395a7a6eaac2b640f72ab8231d37-2d44b619d33a34d4ed1b6cd853f85f14-d316c27536870ef94b9686ace5bdf4cc,Perenco Overseas Holdings Limited,United Kingdom of Great Britain and Northern Ireland,https://s3.us-east-2.amazonaws.com/rp-20-sources/mandatory-disclosure-report-e4f3b34b637407ccd8742551abb4ac42-deb8395a7a6eaac2b640f72ab8231d37-2d44b619d33a34d4ed1b6cd853f85f14-d316c27536870ef94b9686ace5bdf4cc,.zip,01-01-2020,12-31-2020,09-30-2021
437182614d71301594a780e3c5c1667b,Azimut Exploration Incorporated,Canada,https://s3.us-east-2.amazonaws.com/rp-20-sources/mandatory-disclosure-report-437182614d71301594a780e3c5c1667b,.pdf,09-01-2019,08-31-2020,01-28-2021
1eb1bdd0f05f078b266ebf685aaac220,Aecon Group Incorporated,Canada,https://s3.us-east-2.amazonaws.com/rp-20-sources/mandatory-disclosure-report-1eb1bdd0f05f078b266ebf685aaac220,.pdf,01-01-2019,12-31-2019,04-08-2021
4d0610c786313c175bc59e7081c73d96,Aura Minerals Incorporated,Canada,https://s3.us-east-2.amazonaws.com/rp-20-sources/mandatory-disclosure-report-4d0610c786313c175bc59e7081c73d96,.pdf,01-01-2019,12-31-2019,09-29-2020
93c952de9cac732763e9447df05b865e,Centaurus Energy Inc.,Canada,https://s3.us-east-2.amazonaws.com/rp-20-sources/mandatory-disclosure-report-93c952de9cac732763e9447df05b865e,.pdf,01-01-2020,12-31-2020,03-19-2021
790c9f22402e375e903b8bc57d9179df,Boulder Energy Limited,Canada,https://s3.us-east-2.amazonaws.com/rp-20-sources/mandatory-disclosure-report-790c9f22402e375e903b8bc57d9179df,.pdf,01-01-2020,12-31-2020,04-26-2021
06688ce64ff41c33f4d1722314c6ba4d,Cor4 Oil Corporation,Canada,https://s3.us-east-2.amazonaws.com/rp-20-sources/mandatory-disclosure-report-06688ce64ff41c33f4d1722314c6ba4d,.pdf,01-01-2020,12-31-2020,05-07-2021
7d235921168bce692dd8660a704fad76,Vital Energy Incorporated,Canada,https://s3.us-east-2.amazonaws.com/rp-20-sources/mandatory-disclosure-report-7d235921168bce692dd8660a704fad76,.pdf,01-01-2020,12-31-2020,05-11-2021
096f95c856351d9b59a1a36ef189111c,Talon Metals Corp.,Canada,https://s3.us-east-2.amazonaws.com/rp-20-sources/mandatory-disclosure-report-096f95c856351d9b59a1a36ef189111c,.pdf,01-01-2020,12-31-2020,05-26-2021
1a64f497c77e2d9c14b1a386b5a5ac41,Baytex Energy Corporation,Canada,https://s3.us-east-2.amazonaws.com/rp-20-sources/mandatory-disclosure-report-1a64f497c77e2d9c14b1a386b5a5ac41,.pdf,01-01-2020,12-31-2020,05-27-2021
15240d936f78a1b701c07c9a769757d3,Pulse Oil Corporation,Canada,https://s3.us-east-2.amazonaws.com/rp-20-sources/mandatory-disclosure-report-15240d936f78a1b701c07c9a769757d3,.pdf,01-01-2020,12-31-2020,05-31-2021
307e10aa3257b0b5a7f227b6adc7f7d8,Cement Roadstone Holdings Canada Group Incorporated,Canada,https://s3.us-east-2.amazonaws.com/rp-20-sources/mandatory-disclosure-report-307e10aa3257b0b5a7f227b6adc7f7d8,.pdf,01-01-2020,12-31-2020,05-31-2021
4400f4e73242142f4c993b2f9a3f91a7,Kaizen Discovery Incorporated,Canada,https://s3.us-east-2.amazonaws.com/rp-20-sources/mandatory-disclosure-report-4400f4e73242142f4c993b2f9a3f91a7,.pdf,01-01-2020,12-31-2020,05-27-2021
3b1f8f1367aefb1e498519a2e540b3bd-bbcc198b3867c80071e555e6c886081a-b3e15e171d1bd36940d69bc97d28bae6-bf9881db48eee19a5afd32fa69d0adbb,Antofagasta PLC,United Kingdom of Great Britain and Northern Ireland,https://s3.us-east-2.amazonaws.com/rp-20-sources/mandatory-disclosure-report-3b1f8f1367aefb1e498519a2e540b3bd-bbcc198b3867c80071e555e6c886081a-b3e15e171d1bd36940d69bc97d28bae6-bf9881db48eee19a5afd32fa69d0adbb,.zip,01-01-2020,12-31-2020,07-02-2021
a1f437157cc2ba3151d0b0b0d1813e48,Quaterra Resources Incorporated,Canada,https://s3.us-east-2.amazonaws.com/rp-20-sources/mandatory-disclosure-report-a1f437157cc2ba3151d0b0b0d1813e48,.pdf,01-01-2020,12-31-2020,05-21-2021
fd356c4431e4b327cacebca397757125,Athabasca Oil Corporation,Canada,https://s3.us-east-2.amazonaws.com/rp-20-sources/mandatory-disclosure-report-fd356c4431e4b327cacebca397757125,.pdf,01-01-2019,12-31-2019,05-04-2021
ce5d727c980b3e38fa001f49eca63b41,Paramount Resources Limited,Canada,https://s3.us-east-2.amazonaws.com/rp-20-sources/mandatory-disclosure-report-ce5d727c980b3e38fa001f49eca63b41,.pdf,01-01-2020,12-31-2020,05-28-2021
5fb5f2b31bb19fe28a7b1911c9e5da91,Jardine Matheson Holdings Limited,United Kingdom of Great Britain and Northern Ireland,https://s3.us-east-2.amazonaws.com/rp-20-sources/mandatory-disclosure-report-5fb5f2b31bb19fe28a7b1911c9e5da91,.html,01-01-2020,12-31-2020,06-30-2021
83369edee9492e705f70fda3e30b0aba,Argonaut Gold Incorporated,Canada,https://s3.us-east-2.amazonaws.com/rp-20-sources/mandatory-disclosure-report-83369edee9492e705f70fda3e30b0aba,.pdf,01-01-2020,12-31-2020,05-27-2021
e04fcf3ffac88b92c056525aff1633f7,Forza Petroleum Limited,Canada,https://s3.us-east-2.amazonaws.com/rp-20-sources/mandatory-disclosure-report-e04fcf3ffac88b92c056525aff1633f7,.pdf,01-01-2020,12-31-2020,06-23-2021
07f322b625d2e154d7ae6d3480b04f5c,Granite Oil Corporation,Canada,https://s3.us-east-2.amazonaws.com/rp-20-sources/mandatory-disclosure-report-07f322b625d2e154d7ae6d3480b04f5c,.pdf,01-01-2018,12-31-2018,05-24-2019
7d84063389f3ef28da47a95507ce8837,Aura Minerals Incorporated,Canada,https://s3.us-east-2.amazonaws.com/rp-20-sources/mandatory-disclosure-report-7d84063389f3ef28da47a95507ce8837,.pdf,01-01-2020,12-31-2020,03-16-2021
26989b7056f009c42f099644c23c591d,Canada Hibernia Holding Corporation,Canada,https://s3.us-east-2.amazonaws.com/rp-20-sources/mandatory-disclosure-report-26989b7056f009c42f099644c23c591d,.pdf,01-01-2017,12-31-2017,03-15-2021
34162ede2304f55374eefadd01260336,Pipestone Energy Corporation,Canada,https://s3.us-east-2.amazonaws.com/rp-20-sources/mandatory-disclosure-report-34162ede2304f55374eefadd01260336,.pdf,01-01-2020,12-31-2020,04-19-2021
0063102ea6656995fc310574961dd2bf,Largo Resources Limited,Canada,https://s3.us-east-2.amazonaws.com/rp-20-sources/mandatory-disclosure-report-0063102ea6656995fc310574961dd2bf,.pdf,01-01-2020,12-31-2020,05-17-2021
cbe4b1c97a6835634608d41ceb67ce38,Gold X Mining Corp.,Canada,https://s3.us-east-2.amazonaws.com/rp-20-sources/mandatory-disclosure-report-cbe4b1c97a6835634608d41ceb67ce38,.pdf,01-01-2019,12-31-2019,03-18-2021
313097848b87f4cebca165201fbbfa34,Crescent Point Energy Corporation,Canada,https://s3.us-east-2.amazonaws.com/rp-20-sources/mandatory-disclosure-report-313097848b87f4cebca165201fbbfa34,.pdf,01-01-2020,12-31-2020,05-21-2021
1fbeb68a7cdc228ec1d89e4de1cf8c83,Endeavour Silver Corporation,Canada,https://s3.us-east-2.amazonaws.com/rp-20-sources/mandatory-disclosure-report-1fbeb68a7cdc228ec1d89e4de1cf8c83,.pdf,01-01-2020,12-31-2020,05-27-2021
26aef2329096ff89015fe45cbb126096,Gran Colombia Gold Corporation,Canada,https://s3.us-east-2.amazonaws.com/rp-20-sources/mandatory-disclosure-report-26aef2329096ff89015fe45cbb126096,.pdf,01-01-2020,12-31-2020,05-28-2021
2ce32a003651eef9e76564072cb5ead4,Rising Star Resources Limited,Canada,https://s3.us-east-2.amazonaws.com/rp-20-sources/mandatory-disclosure-report-2ce32a003651eef9e76564072cb5ead4,.pdf,01-01-2020,12-31-2020,05-28-2021
41673499f81ec2e3561fe80fd78b4e34,Prairie Provident Resources Incorporated,Canada,https://s3.us-east-2.amazonaws.com/rp-20-sources/mandatory-disclosure-report-41673499f81ec2e3561fe80fd78b4e34,.pdf,01-01-2020,12-31-2020,05-21-2021
387118d54468f4adf0a63d70dc642cab,TAQA North Limited,Canada,https://s3.us-east-2.amazonaws.com/rp-20-sources/mandatory-disclosure-report-387118d54468f4adf0a63d70dc642cab,.pdf,01-01-2020,12-31-2020,05-28-2021
cb72f70565a9875208b2dc72f7844398-8ac585f9ded184edcf181ad273e5170a-5324138e077330955150e7b46b92b2c7-affb6edc78117bd1ee9f925b18d60698,Ferrexpo Plc,United Kingdom of Great Britain and Northern Ireland,https://s3.us-east-2.amazonaws.com/rp-20-sources/mandatory-disclosure-report-cb72f70565a9875208b2dc72f7844398-8ac585f9ded184edcf181ad273e5170a-5324138e077330955150e7b46b92b2c7-affb6edc78117bd1ee9f925b18d60698,.zip,01-01-2020,12-31-2020,06-28-2021
305755af211b72802da403dce81b4dec,Rambler Metals and Mining Canada Limited,Canada,https://s3.us-east-2.amazonaws.com/rp-20-sources/mandatory-disclosure-report-305755af211b72802da403dce81b4dec,.pdf,01-01-2020,12-31-2020,05-26-2021
ae00b8b7cd5047048adb1bea1e0141f0,Africa Oil Corporation,Canada,https://s3.us-east-2.amazonaws.com/rp-20-sources/mandatory-disclosure-report-ae00b8b7cd5047048adb1bea1e0141f0,.pdf,01-01-2020,12-31-2020,05-28-2021
d3f6fc86306fb5f65fc7d3ca891410b6,Americas Gold and Silver Corporation,Canada,https://s3.us-east-2.amazonaws.com/rp-20-sources/mandatory-disclosure-report-d3f6fc86306fb5f65fc7d3ca891410b6,.pdf,01-01-2020,12-31-2020,05-27-2021
bbce52a01478be4b542e7525033bc7b3,Advantage Oil and Gas Limited,Canada,https://s3.us-east-2.amazonaws.com/rp-20-sources/mandatory-disclosure-report-bbce52a01478be4b542e7525033bc7b3,.pdf,01-01-2020,12-31-2020,05-19-2021
d5a6e520b75f6bdcc9f80349eb78f028-10cb4dd1b28ef2a77e1e5dcc355b0fbb-0fa6d2e1cf7e48909739c02a6d42c947-6d67180e320d6a9c29b310ab19dd38bd,Pharos Energy Plc,United Kingdom of Great Britain and Northern Ireland,https://s3.us-east-2.amazonaws.com/rp-20-sources/mandatory-disclosure-report-d5a6e520b75f6bdcc9f80349eb78f028-10cb4dd1b28ef2a77e1e5dcc355b0fbb-0fa6d2e1cf7e48909739c02a6d42c947-6d67180e320d6a9c29b310ab19dd38bd,.zip,01-01-2020,12-31-2020,07-22-2021
df18cc92559a8194cbd86759fdaaedbe,Painted Pony Energy Limited,Canada,https://s3.us-east-2.amazonaws.com/rp-20-sources/mandatory-disclosure-report-df18cc92559a8194cbd86759fdaaedbe,.pdf,01-01-2018,12-31-2018,05-23-2019
7ed8fa062c1de130ccd485403c5a4b4c,Altamira Gold Corporation,Canada,https://s3.us-east-2.amazonaws.com/rp-20-sources/mandatory-disclosure-report-7ed8fa062c1de130ccd485403c5a4b4c,.pdf,03-01-2019,02-28-2020,11-24-2020
36acb7d638e1089f99cd6128f0600905,Vermilion Energy Incorporated,Canada,https://s3.us-east-2.amazonaws.com/rp-20-sources/mandatory-disclosure-report-36acb7d638e1089f99cd6128f0600905,.pdf,01-01-2020,12-31-2020,04-28-2021
7b00a141d33d96062c17673e2b5ab62d,Avino Silver and Gold Mines Limited,Canada,https://s3.us-east-2.amazonaws.com/rp-20-sources/mandatory-disclosure-report-7b00a141d33d96062c17673e2b5ab62d,.pdf,01-01-2020,12-31-2020,05-17-2021
350e11acb435c3b100c9c0ea6014780a,BP plc,United Kingdom of Great Britain and Northern Ireland,https://s3.us-east-2.amazonaws.com/rp-20-sources/mandatory-disclosure-report-350e11acb435c3b100c9c0ea6014780a,.pdf,01-01-2020,12-31-2020,05-27-2021
5e7fd2fe9a3f00f8eee80e3cbf6fc25b,Ascot Resources Ltd.,Canada,https://s3.us-east-2.amazonaws.com/rp-20-sources/mandatory-disclosure-report-5e7fd2fe9a3f00f8eee80e3cbf6fc25b,.pdf,01-01-2020,12-31-2020,05-28-2021
6843d88f25a03fbf137bdcd3d87d0c4b,Bankers Petroleum Limited,Canada,https://s3.us-east-2.amazonaws.com/rp-20-sources/mandatory-disclosure-report-6843d88f25a03fbf137bdcd3d87d0c4b,.pdf,01-01-2020,12-31-2020,12-31-2021
73def421c1c43405d5885ab5d17e864f,Surge Energy Incorporated,Canada,https://s3.us-east-2.amazonaws.com/rp-20-sources/mandatory-disclosure-report-73def421c1c43405d5885ab5d17e864f,.pdf,01-01-2020,12-31-2020,05-25-2021
75370ef9dd454769af97ae9a962f3d66,Franco-Nevada Corporation,Canada,https://s3.us-east-2.amazonaws.com/rp-20-sources/mandatory-disclosure-report-75370ef9dd454769af97ae9a962f3d66,.pdf,01-01-2020,12-31-2020,05-28-2021
e1117ab7d8107a721c4a01be420e6a4d,Jadestone Energy Incorporated,Canada,https://s3.us-east-2.amazonaws.com/rp-20-sources/mandatory-disclosure-report-e1117ab7d8107a721c4a01be420e6a4d,.pdf,01-01-2020,12-31-2020,03-25-2021